season_number,season_id,team_id,team_name,is_ai,roster_count,avg_fatigue,avg_fitness,players_fatigue_over_75,players_fitness_below_50,avg_attr_progress_total,avg_age,young_players_count,old_players_count,young_avg_attr_progress,old_avg_attr_progress
1,652de4c5-3ffb-42af-9203-8e06a0c6411a,00983e2e-e8bd-47be-a022-5774b994caa7,蓝黑战士,True,16,21.56,78.44,0,0,-0.14,26.12,3,3,7.89,-11.05
1,652de4c5-3ffb-42af-9203-8e06a0c6411a,0192de1b-b1f4-4f4b-af0f-934452bda0d1,武当太极,True,16,0.0,98.12,0,0,2.78,24.12,6,3,8.84,-9.0
1,652de4c5-3ffb-42af-9203-8e06a0c6411a,02674860-147a-44e2-843a-da5f0e9f81bc,蓝宝石海,True,16,18.75,82.19,0,0,4.25,25.19,2,3,7.77,-8.2
1,652de4c5-3ffb-42af-9203-8e06a0c6411a,03832f41-a31c-4d42-a687-158df7a831d7,魔毯飞行,True,16,20.62,79.38,0,0,2.81,24.38,5,2,9.01,-11.98
1,652de4c5-3ffb-42af-9203-8e06a0c6411a,090b2c3b-fb42-4eaa-a978-2463ed4dc234,玄武镇海,True,16,10.31,90.62,0,0,-0.1,25.75,3,4,8.25,-11.14
1,652de4c5-3ffb-42af-9203-8e06a0c6411a,0a5b6a82-d483-486a-9d11-592a154fbf0c,绿洲驼队,True,16,15.0,86.88,0,0,6.22,23.75,4,1,8.99,-15.01
1,652de4c5-3ffb-42af-9203-8e06a0c6411a,0fc36386-3ee4-4343-9c56-3b6ccc661da3,猎豹闪电,True,17,1.88,96.24,0,0,-0.87,26.29,4,5,9.03,-10.72
1,652de4c5-3ffb-42af-9203-8e06a0c6411a,1135d594-4576-4c49-8126-ef5d77f4c9de,烈焰狂狮,True,16,7.5,92.5,0,0,4.86,24.12,4,1,7.7,-10.7
1,652de4c5-3ffb-42af-9203-8e06a0c6411a,11bbc8df-418e-40ea-a638-3ee287139ed6,雪豹冰山,True,15,0.0,100.0,0,0,4.18,24.27,4,2,7.94,-5.8
1,652de4c5-3ffb-42af-9203-8e06a0c6411a,121a8ce8-a60e-4dbc-8943-f888ae0138df,波斯勇士,True,16,0.0,100.0,0,0,5.9,24.0,4,2,11.61,-8.16
1,652de4c5-3ffb-42af-9203-8e06a0c6411a,12b9b35d-129c-462a-b966-ec1e353e0928,苍鹰搏兔,True,16,6.56,94.38,0,0,5.31,24.25,3,1,7.19,-12.4
1,652de4c5-3ffb-42af-9203-8e06a0c6411a,13ff2225-f620-4205-8acb-fc3b5053862a,非洲犀牛,True,16,14.06,85.94,0,0,0.95,25.12,5,3,9.62,-9.23
1,652de4c5-3ffb-42af-9203-8e06a0c6411a,163b7787-c249-4bfa-8242-a0f2b860d2cf,大地之力,True,16,18.75,82.19,0,0,0.72,25.25,5,4,10.71,-8.22
1,652de4c5-3ffb-42af-9203-8e06a0c6411a,1737da78-c242-462b-8962-3694873576be,雄鹰法兰,True,16,14.06,85.94,0,0,3.73,24.62,3,2,10.0,-6.38
1,652de4c5-3ffb-42af-9203-8e06a0c6411a,18090434-c547-4e31-bc35-c7efb038c31d,宇宙巴萨,True,16,12.19,87.81,0,0,5.18,23.81,5,3,9.94,-11.3
1,652de4c5-3ffb-42af-9203-8e06a0c6411a,1950e07c-a077-441f-b406-16b12daa45c7,西班牙人,True,16,14.06,85.94,0,0,2.38,25.12,4,3,8.51,-10.84
1,652de4c5-3ffb-42af-9203-8e06a0c6411a,19d4e548-1c7f-4706-a0df-f0446a99c617,金豹捕猎,True,16,0.0,100.0,0,0,0.88,25.56,4,6,9.43,-10.71
1,652de4c5-3ffb-42af-9203-8e06a0c6411a,1a3f033a-4e73-46cb-8f58-d20c32e04fd2,西域雪狼,True,16,0.0,98.25,0,0,2.16,25.69,4,4,12.16,-8.56
1,652de4c5-3ffb-42af-9203-8e06a0c6411a,1c91e42f-e538-4301-89c5-50c7324055dc,高乔骑士,True,16,0.0,98.12,0,0,5.83,23.94,4,2,9.97,-4.48
1,652de4c5-3ffb-42af-9203-8e06a0c6411a,1e00f974-ec58-4b4c-be20-faf412d9027e,汉诺威红,True,16,0.0,100.0,0,0,4.94,24.69,3,2,6.7,-11.26
1,652de4c5-3ffb-42af-9203-8e06a0c6411a,1f522e60-e720-4a28-a30d-1352879957b4,弯月之星,True,17,15.0,85.0,0,0,0.67,25.06,4,4,10.77,-11.85
1,652de4c5-3ffb-42af-9203-8e06a0c6411a,1fc0382f-e8e4-4817-8a9b-86acd3f47e81,冰狼踏雪,True,17,2.0,98.0,0,0,4.51,24.88,2,3,9.36,-9.26
1,652de4c5-3ffb-42af-9203-8e06a0c6411a,20979679-9c36-4bfc-8639-cd644706a4f1,皇家社会,True,16,15.0,86.88,0,0,2.15,25.81,2,4,7.86,-8.47
1,652de4c5-3ffb-42af-9203-8e06a0c6411a,2125a9ec-76c0-4c3f-90e8-039afd4c2e5e,山楂球西布,True,16,7.5,92.5,0,0,2.91,24.38,5,3,11.19,-12.8
1,652de4c5-3ffb-42af-9203-8e06a0c6411a,225a9ffb-e671-4019-93cc-cbc6572216de,草原猎鹰,True,16,0.0,100.0,0,0,0.04,26.12,3,4,9.74,-12.16
1,652de4c5-3ffb-42af-9203-8e06a0c6411a,23d24ae7-74bc-4ad2-9b70-0df8e9f10c5d,威尼斯假,True,16,0.0,98.0,0,0,5.13,24.38,5,3,12.91,-8.95
1,652de4c5-3ffb-42af-9203-8e06a0c6411a,242e04d1-fbaf-4773-9832-f963bb36cdbf,贝都因骑,True,16,13.12,87.75,0,0,1.85,25.25,3,3,7.95,-11.1
1,652de4c5-3ffb-42af-9203-8e06a0c6411a,2465461a-8563-46cd-873a-baaa6a467841,大流士王,True,16,14.06,86.88,0,0,2.96,24.0,6,2,10.11,-11.6
1,652de4c5-3ffb-42af-9203-8e06a0c6411a,246f43f2-0e83-4eb6-8f73-abd9beda391d,蓝月亮城,True,17,0.0,88.88,0,0,3.37,24.88,5,1,11.64,-12.53
1,652de4c5-3ffb-42af-9203-8e06a0c6411a,249c854a-a6cf-4ef6-b379-4253c33a08f4,非洲猎豹,True,16,11.0,90.0,0,0,4.09,24.38,5,2,12.28,-6.47
1,652de4c5-3ffb-42af-9203-8e06a0c6411a,24ee4c01-522f-45bb-b7b2-f6a47a1598d3,罗马狼王,True,16,3.75,96.25,0,0,1.67,25.0,6,4,9.7,-5.44
1,652de4c5-3ffb-42af-9203-8e06a0c6411a,2678b819-3da4-4304-a4fc-0973fd2f630e,塞伦盖蒂,True,16,13.12,87.75,0,0,4.0,23.88,4,1,7.76,-13.13
1,652de4c5-3ffb-42af-9203-8e06a0c6411a,274fc978-b187-40f1-ab2e-8de5ba54d181,天然气王,True,16,0.0,100.0,0,0,-1.49,25.44,5,3,11.15,-13.57
1,652de4c5-3ffb-42af-9203-8e06a0c6411a,27550134-d903-4055-ab54-4af1341d4314,撒哈拉驼,True,16,14.06,86.88,0,0,-1.52,26.44,2,2,6.74,-11.79
1,652de4c5-3ffb-42af-9203-8e06a0c6411a,278885b1-f652-4775-92de-8dcd14d9bc93,图阿雷格,True,16,0.0,89.5,0,0,0.68,25.38,7,5,9.99,-9.17
1,652de4c5-3ffb-42af-9203-8e06a0c6411a,27a76999-b51f-4c41-b3d6-da7989a5c411,黑虎掏心,True,17,0.0,98.24,0,0,4.12,23.82,5,1,8.82,-11.69
1,652de4c5-3ffb-42af-9203-8e06a0c6411a,296adf8c-b827-4c9d-8bb5-41e1f387f372,水豚憨态,True,16,9.38,89.69,0,0,2.45,24.94,3,2,8.33,-10.38
1,652de4c5-3ffb-42af-9203-8e06a0c6411a,2aab03b8-1a68-409b-b46b-324058dca0c6,科隆山羊,True,15,0.0,100.0,0,0,1.26,25.8,2,4,6.13,-9.47
1,652de4c5-3ffb-42af-9203-8e06a0c6411a,2b6cd430-daf3-4110-b52c-78be813d14e5,刚果王国,True,16,9.88,84.0,0,0,4.33,24.38,5,2,11.1,-11.25
1,652de4c5-3ffb-42af-9203-8e06a0c6411a,2d385586-589a-4f5c-8534-6ff244cf310c,阿拉伯夜,True,17,0.0,100.0,0,0,3.46,24.12,7,2,8.85,-12.44
1,652de4c5-3ffb-42af-9203-8e06a0c6411a,2e48ed42-88f4-4899-9cf5-ecad75931d4a,北方苍狼,True,16,0.0,100.0,0,0,3.21,24.69,4,2,9.95,-12.44
1,652de4c5-3ffb-42af-9203-8e06a0c6411a,2e94468c-2436-4f60-80d5-78d7147a1bb6,石化巨人,True,16,0.0,100.0,0,0,-1.25,26.56,2,4,8.27,-9.76
1,652de4c5-3ffb-42af-9203-8e06a0c6411a,2f61c6ea-7c93-4f2f-807a-9c17b26fd688,长颈鹿颈,True,16,0.0,100.0,0,0,2.02,24.38,6,4,9.84,-8.45
1,652de4c5-3ffb-42af-9203-8e06a0c6411a,2fa52165-4377-45e5-8d06-9e18100f6c99,北海苍龙,True,16,13.12,87.75,0,0,-0.03,25.0,4,0,8.14,0.0
1,652de4c5-3ffb-42af-9203-8e06a0c6411a,317e8d83-dc2d-4179-8a43-55ef610cd565,沙滩足球,True,17,15.0,85.0,0,0,2.55,24.35,6,2,9.89,-10.46
1,652de4c5-3ffb-42af-9203-8e06a0c6411a,33e39c40-1488-4a7e-8145-00280a237aed,花车巡游,True,16,0.0,100.0,0,0,2.17,24.75,6,2,9.84,-12.68
1,652de4c5-3ffb-42af-9203-8e06a0c6411a,3616958e-ca58-4b30-91ed-d810a9409d5b,大津巴布,True,17,0.76,99.29,0,0,-1.13,27.47,2,6,8.56,-9.97
1,652de4c5-3ffb-42af-9203-8e06a0c6411a,37af924e-79a8-4895-8c85-c8c3a43d0ce0,马赛马拉,True,15,0.0,100.0,0,0,3.3,25.07,2,2,7.37,-13.11
1,652de4c5-3ffb-42af-9203-8e06a0c6411a,37d0221b-b783-41ef-ba45-4afbadfcca2e,黑金帝国,True,17,0.94,99.06,0,0,4.09,24.12,5,3,10.57,-11.35
1,652de4c5-3ffb-42af-9203-8e06a0c6411a,37e823df-a354-48ba-9cb9-a5f2aa80b09e,单峰快驼,True,16,12.19,88.75,0,0,0.12,25.75,5,4,11.34,-10.86
1,652de4c5-3ffb-42af-9203-8e06a0c6411a,3850a89f-9b56-43e4-886c-b239f5a141b1,喜鹊纽卡,True,16,0.0,100.0,0,0,5.01,23.56,7,1,10.49,-11.78
1,652de4c5-3ffb-42af-9203-8e06a0c6411a,3af34a43-f7c8-4a10-833e-b929ef808f8f,黄色潜水艇,True,16,14.06,85.94,0,0,1.15,25.75,3,4,7.07,-11.09
1,652de4c5-3ffb-42af-9203-8e06a0c6411a,3b81880a-c267-41f8-842f-be557a392611,累西腓鼓,True,16,14.06,85.94,0,0,-2.0,27.19,2,7,7.06,-10.06
1,652de4c5-3ffb-42af-9203-8e06a0c6411a,3c35e50c-47f9-4e79-bdf1-a0368ab99700,骆驼骑士,True,16,0.0,100.0,0,0,-1.75,26.75,3,4,8.23,-10.54
1,652de4c5-3ffb-42af-9203-8e06a0c6411a,3cf98f89-d3ee-4eb1-add3-d165adc163da,树懒慢动,True,15,0.0,98.27,0,0,2.3,24.87,3,2,5.24,-9.32
1,652de4c5-3ffb-42af-9203-8e06a0c6411a,3d74852b-cef9-4536-90d3-ab20c3f1d39a,青金石蓝,True,16,16.88,85.0,0,0,2.06,25.31,3,2,8.29,-10.4
1,652de4c5-3ffb-42af-9203-8e06a0c6411a,3d7c7ccd-3c62-49de-af2b-51d1b186ca84,西域猛虎,True,16,0.0,97.94,0,0,5.3,24.69,2,0,10.07,0.0
1,652de4c5-3ffb-42af-9203-8e06a0c6411a,3e90263d-9aa2-495f-9391-402267f48e45,水手桑普,True,15,16.8,85.07,0,0,3.48,25.0,2,2,5.99,-10.23
1,652de4c5-3ffb-42af-9203-8e06a0c6411a,3f143543-33be-40b5-9675-d1e965a811eb,东方雄狮,True,15,0.0,98.13,0,0,0.46,26.07,2,3,7.77,-9.59
1,652de4c5-3ffb-42af-9203-8e06a0c6411a,4158ea87-e495-4b6a-a108-54d8bfaaa5e3,野马奔腾,True,16,0.94,97.25,0,0,0.95,26.38,1,4,12.87,-11.0
1,652de4c5-3ffb-42af-9203-8e06a0c6411a,417aede9-0129-47b2-937c-94eb89a7d0d8,管道巨头,True,16,13.0,87.0,0,0,2.23,25.94,1,3,12.54,-6.35
1,652de4c5-3ffb-42af-9203-8e06a0c6411a,438bcce8-4e5c-401e-b640-9593bfb14368,咖啡起源,True,16,0.0,100.0,0,0,3.23,24.94,3,2,8.26,-11.01
1,652de4c5-3ffb-42af-9203-8e06a0c6411a,45ade8e1-b205-4af3-86af-8250a7841af4,麦加朝圣,True,16,10.31,90.62,0,0,2.86,24.62,4,3,10.47,-10.72
1,652de4c5-3ffb-42af-9203-8e06a0c6411a,45bfbd60-df67-43c9-9d4a-b721c3b9ded4,Medina之光,True,16,0.0,94.75,0,0,4.08,25.38,2,2,7.93,-7.78
1,652de4c5-3ffb-42af-9203-8e06a0c6411a,45e56362-3964-4c3e-8f54-f651ae5c735a,水晶石透,True,16,0.0,100.0,0,0,2.05,26.56,2,4,11.36,-9.94
1,652de4c5-3ffb-42af-9203-8e06a0c6411a,461cbc97-34f7-4cc7-98c0-f5057949a243,五人制王,True,16,0.0,100.0,0,0,4.86,23.81,4,0,10.54,0.0
1,652de4c5-3ffb-42af-9203-8e06a0c6411a,4a8567a0-344b-4573-a764-34d83833628f,雪虎踏山,True,16,0.0,100.0,0,0,0.89,25.88,3,3,9.24,-10.99
1,652de4c5-3ffb-42af-9203-8e06a0c6411a,4a946e10-f770-42df-a073-e0ff24ad6c3f,烈焰红唇,True,16,15.0,85.0,0,0,7.16,24.25,3,1,10.22,-12.33
1,652de4c5-3ffb-42af-9203-8e06a0c6411a,4a9502a1-912e-4f71-b915-f14f10dc76a2,安第斯山,True,17,11.47,89.41,0,0,-0.42,25.47,2,2,2.49,-12.85
1,652de4c5-3ffb-42af-9203-8e06a0c6411a,4bf730ae-744d-4cf9-bfed-069e72cb7222,中原飞虎,True,16,14.06,86.88,0,0,2.32,24.69,5,3,9.04,-9.19
1,652de4c5-3ffb-42af-9203-8e06a0c6411a,4cdd75e5-7d1a-4faa-ba6e-b467d791430a,快乐足球,True,17,0.0,98.12,0,0,1.72,25.35,3,2,7.53,-12.54
1,652de4c5-3ffb-42af-9203-8e06a0c6411a,4d69f07c-49fa-4fc4-871e-38f57ee93c13,美丽游戏,True,16,4.38,94.75,0,0,0.72,24.44,5,1,10.41,-11.11
1,652de4c5-3ffb-42af-9203-8e06a0c6411a,4d8043ee-95c3-43c9-9652-ff2812f0b778,紫气东来,True,16,2.75,87.12,0,0,4.42,23.44,6,2,9.72,-8.06
1,652de4c5-3ffb-42af-9203-8e06a0c6411a,4e73d656-18e4-47b7-839f-d07b94c13336,莫莫之王,True,16,10.31,90.62,0,0,3.61,24.38,5,2,11.66,-11.72
1,652de4c5-3ffb-42af-9203-8e06a0c6411a,4eb8d514-91aa-49bb-a361-7b52f7960471,奥格斯堡,True,17,0.0,100.0,0,0,0.97,24.88,5,2,9.38,-15.58
1,652de4c5-3ffb-42af-9203-8e06a0c6411a,4f4050d5-a81e-4f2c-9fe4-3b691e3a8bb3,床单军团,True,17,9.71,91.18,0,0,1.9,24.65,5,3,7.7,-8.88
1,652de4c5-3ffb-42af-9203-8e06a0c6411a,52ac1303-aa48-47c0-abfc-e1565cd83a2c,小辣椒莱,True,16,0.0,100.0,0,0,5.66,24.0,3,1,9.21,-11.68
1,652de4c5-3ffb-42af-9203-8e06a0c6411a,546f1283-41ba-44fc-8ae4-c2f349eab730,铁甲战狮,True,16,0.0,100.0,0,0,0.92,25.81,4,3,9.13,-10.29
1,652de4c5-3ffb-42af-9203-8e06a0c6411a,55d3b2ad-6730-4fdb-9a5e-3fa20c0ee991,布宜诺斯,True,16,15.38,84.62,0,0,1.65,26.62,1,4,14.25,-7.76
1,652de4c5-3ffb-42af-9203-8e06a0c6411a,5607bb46-3924-4699-a221-28b6e75fb2ee,智利红酒,True,16,0.0,100.0,0,0,-0.97,26.25,3,4,10.84,-7.92
1,652de4c5-3ffb-42af-9203-8e06a0c6411a,56110445-240a-45bb-8e2f-1dee3d3e7825,金鹰破晓,True,16,18.75,82.19,0,0,-0.44,27.44,1,4,11.12,-10.02
1,652de4c5-3ffb-42af-9203-8e06a0c6411a,564a5213-4a71-4545-bd52-b2958bcdcb5c,苍穹雄鹰,True,16,12.19,88.75,0,0,-0.64,27.19,4,5,10.04,-9.77
1,652de4c5-3ffb-42af-9203-8e06a0c6411a,56a4d6dd-79ee-4536-bf12-9873eff15482,寒冰领域,True,16,0.0,100.0,0,0,8.11,22.88,5,1,8.88,-10.58
1,652de4c5-3ffb-42af-9203-8e06a0c6411a,576a1500-e80b-488e-84a4-4d30d5c9f8e2,萨尔瓦多,True,16,13.0,87.0,0,0,8.5,22.94,6,1,12.77,-9.45
1,652de4c5-3ffb-42af-9203-8e06a0c6411a,58c7685d-d70a-4db2-ba81-82ec60565630,流水无痕,True,15,0.0,100.0,0,0,4.34,23.6,5,1,10.67,-9.65
1,652de4c5-3ffb-42af-9203-8e06a0c6411a,595645b3-210a-45b7-9719-8194d843afcc,桑巴学校,True,16,9.62,91.25,0,0,5.36,23.38,6,0,10.26,0.0
1,652de4c5-3ffb-42af-9203-8e06a0c6411a,59ddcaef-f19f-464e-b647-87378c8e0340,炼油大师,True,15,0.0,96.73,0,0,0.68,24.53,3,1,6.72,-9.82
1,652de4c5-3ffb-42af-9203-8e06a0c6411a,5d26cab3-5840-4ddc-911e-96966cd04aed,幽冥鬼狼,True,15,0.0,100.0,0,0,0.75,25.47,2,2,6.96,-8.97
1,652de4c5-3ffb-42af-9203-8e06a0c6411a,5d916859-a4e4-4f4e-b5f5-183e781c1b9f,云豹穿林,True,16,12.19,87.81,0,0,3.94,24.31,2,0,8.96,0.0
1,652de4c5-3ffb-42af-9203-8e06a0c6411a,5dbc0c0c-5cae-47c9-b6cb-c56edc170a86,南海蛟龙,True,16,20.0,81.0,0,0,3.15,24.69,3,1,9.73,-12.84
1,652de4c5-3ffb-42af-9203-8e06a0c6411a,5e79a306-a1b5-4379-a96b-59bc3b243b7f,桑巴舞者,True,15,0.0,100.0,0,0,2.18,24.53,4,3,11.55,-9.74
1,652de4c5-3ffb-42af-9203-8e06a0c6411a,5edb33b0-4b3b-48b7-bddd-2f6b9065fd7b,金字塔尖,True,16,0.0,100.0,0,0,3.74,24.5,3,1,8.65,-11.0
1,652de4c5-3ffb-42af-9203-8e06a0c6411a,6060f7cb-6bbf-4c2f-b3fc-230422f4ac95,清真美食,True,16,0.0,100.0,0,0,1.53,25.0,3,2,8.48,-10.26
1,652de4c5-3ffb-42af-9203-8e06a0c6411a,60a04a4b-6df1-4e32-a7bc-68776a385a86,设拉子酒,True,16,0.0,98.0,0,0,3.56,24.69,3,1,9.44,-12.37
1,652de4c5-3ffb-42af-9203-8e06a0c6411a,61ab2691-a159-4e1a-a1d7-4a16c903ab94,沙漠玫瑰,True,16,10.31,90.62,0,0,0.16,25.88,4,4,9.43,-8.5
1,652de4c5-3ffb-42af-9203-8e06a0c6411a,620ab27f-f4c9-484d-ad85-b88180b2bf58,马里帝国,True,16,0.0,100.0,0,0,3.46,25.25,1,2,1.73,-7.37
1,652de4c5-3ffb-42af-9203-8e06a0c6411a,623c06a9-a30a-4bd4-8e29-48f10df92c69,那不勒斯,True,15,0.0,99.47,0,0,-1.09,25.53,3,3,7.49,-11.91
1,652de4c5-3ffb-42af-9203-8e06a0c6411a,6389f794-4ebc-4cd5-a507-216bfbad5745,马丘比丘,True,16,0.0,100.0,0,0,1.36,25.12,5,3,8.63,-10.18
1,652de4c5-3ffb-42af-9203-8e06a0c6411a,6493de21-509e-4109-afcf-ce60120ae37d,里约狂欢,True,16,0.0,100.0,0,0,1.35,25.19,6,4,8.32,-10.33
1,652de4c5-3ffb-42af-9203-8e06a0c6411a,676a5416-929a-4ae2-aaea-2adafe7e7f70,丝路驼铃,True,16,1.06,97.19,0,0,3.19,25.69,1,3,10.3,-11.04
1,652de4c5-3ffb-42af-9203-8e06a0c6411a,68694a58-7731-42d2-8dcf-c6f25948a2af,马穆鲁克,True,16,0.0,98.12,0,0,3.91,24.25,3,1,7.44,-13.2
1,652de4c5-3ffb-42af-9203-8e06a0c6411a,68bf5a52-1c38-4b6c-b3e4-4ab1b7c50cfe,东北虎啸,True,17,13.24,86.65,0,0,5.35,23.82,6,4,9.48,-9.62
1,652de4c5-3ffb-42af-9203-8e06a0c6411a,6907c429-2dbb-4fbc-9055-1164a7af9ffa,银龙出海,True,17,0.0,100.0,0,0,0.83,25.53,4,3,8.12,-11.58
1,652de4c5-3ffb-42af-9203-8e06a0c6411a,694d2373-8e8d-498c-a51f-90db06f1ff51,蓝衣军团,True,16,7.5,92.5,0,0,1.16,26.12,4,4,9.33,-10.03
1,652de4c5-3ffb-42af-9203-8e06a0c6411a,6a5387c1-7798-4d0b-aef5-87865e2df24f,伊斯法罕,True,16,0.0,97.0,0,0,5.35,24.69,3,2,12.92,-9.82
1,652de4c5-3ffb-42af-9203-8e06a0c6411a,6b4393e6-c532-409b-be86-40c3930ee94b,红宝石矿,True,16,0.0,100.0,0,0,4.05,23.88,4,0,7.18,0.0
1,652de4c5-3ffb-42af-9203-8e06a0c6411a,6cce5283-6611-4cb8-8b9d-a747fb9a7b5d,华南虎威,True,16,0.0,100.0,0,0,-0.19,26.31,2,3,8.19,-10.75
1,652de4c5-3ffb-42af-9203-8e06a0c6411a,6e4c18ef-22ee-42dc-996a-5d28e2e51aed,大马士革,True,15,22.4,75.6,0,0,2.72,25.0,2,3,7.33,-13.51
1,652de4c5-3ffb-42af-9203-8e06a0c6411a,6faf8572-3a96-4145-b8f5-3b8304fc486f,白虎啸天,True,16,14.06,85.94,0,0,0.54,25.69,4,4,7.75,-9.66
1,652de4c5-3ffb-42af-9203-8e06a0c6411a,71c88dd9-84d5-4415-8a2e-0393e0a55b8d,铁锤帮西汉,True,16,14.06,86.88,0,0,3.77,24.44,4,3,9.52,-13.83
1,652de4c5-3ffb-42af-9203-8e06a0c6411a,727ee9ce-e0e3-48c4-95a3-c8c8e3976150,金刚鹦鹉,True,16,3.75,95.31,0,0,2.42,24.38,4,0,9.79,0.0
1,652de4c5-3ffb-42af-9203-8e06a0c6411a,7362d4e1-093b-469d-b35c-3b9df1e7f633,斗牛士团,True,16,5.19,82.81,0,0,4.11,23.31,6,0,10.65,0.0
1,652de4c5-3ffb-42af-9203-8e06a0c6411a,73ad676d-fae2-4a8a-b69d-06d881cb694c,撒哈拉南,True,16,0.0,98.12,0,0,1.09,26.56,3,4,7.27,-10.12
1,652de4c5-3ffb-42af-9203-8e06a0c6411a,76ea894a-a987-4cc7-84b6-efbaa896d142,维多利亚,True,15,14.93,86.0,0,0,1.96,25.53,4,4,9.97,-10.2
1,652de4c5-3ffb-42af-9203-8e06a0c6411a,77c184eb-17cd-4a60-b1ef-d2d25d067708,绿松石绿,True,16,14.06,86.88,0,0,-1.67,26.75,2,4,6.34,-8.1
1,652de4c5-3ffb-42af-9203-8e06a0c6411a,7987e549-b84a-4aa9-9c81-9eb88cd8e9ab,萨拉丁军,True,16,9.38,89.69,0,0,3.62,24.19,5,1,9.32,-7.85
1,652de4c5-3ffb-42af-9203-8e06a0c6411a,79ff5611-2f63-4a90-9948-420586063a5f,白虹贯日,True,16,0.0,100.0,0,0,1.51,25.88,5,5,10.75,-11.61
1,652de4c5-3ffb-42af-9203-8e06a0c6411a,7afb3a3e-6663-4edc-b70c-e13ed8981547,金虎啸月,True,16,0.0,100.0,0,0,-1.3,26.19,2,3,10.6,-10.57
1,652de4c5-3ffb-42af-9203-8e06a0c6411a,7b0ab1d7-80c9-4fc1-a7d0-99de970e3d88,星月传奇,True,17,15.94,76.53,0,0,0.59,25.35,4,4,8.56,-8.71
1,652de4c5-3ffb-42af-9203-8e06a0c6411a,7d71e69b-29f1-4c7d-8de4-bc6a2dccf449,朱雀焚霞,True,15,14.93,85.07,0,0,0.5,25.73,2,3,6.53,-10.66
1,652de4c5-3ffb-42af-9203-8e06a0c6411a,7dc1a3a9-470b-4a15-af2b-fed9f7ca88a6,十字军东,True,16,0.0,100.0,0,0,0.54,25.56,2,2,9.01,-8.03
1,652de4c5-3ffb-42af-9203-8e06a0c6411a,7dc3c021-193d-416e-bc57-45e6d3ed8e01,非洲雄狮,True,14,0.0,100.0,0,0,-0.47,26.14,2,5,8.2,-8.52
1,652de4c5-3ffb-42af-9203-8e06a0c6411a,7fb53f55-06b4-4131-a874-be848d281649,峨眉女侠,True,16,0.0,100.0,0,0,2.26,25.12,5,4,11.29,-8.86
1,652de4c5-3ffb-42af-9203-8e06a0c6411a,80130085-d12e-47ab-81f1-c0b8fa674a06,街球之王,True,16,14.06,86.88,0,0,3.93,24.88,4,3,8.61,-7.74
1,652de4c5-3ffb-42af-9203-8e06a0c6411a,8346aebc-cac4-49bf-a1e2-6fdf6fdc9a60,飓风之眼,True,17,0.0,100.0,0,0,5.36,24.12,3,2,11.08,-9.45
1,652de4c5-3ffb-42af-9203-8e06a0c6411a,84567e7d-096b-4367-b958-4abdbaecad31,乞力马扎,True,14,15.79,84.21,0,0,4.18,24.29,3,1,8.7,-0.2
1,652de4c5-3ffb-42af-9203-8e06a0c6411a,86036b21-4fa9-47dc-a2fd-9728e0e18feb,红黑恶魔,True,16,0.0,100.0,0,0,5.31,23.81,5,1,10.65,-10.12
1,652de4c5-3ffb-42af-9203-8e06a0c6411a,8698b7c7-8ee5-457a-beff-b198b61d6c98,南部之星,True,16,0.0,100.0,0,0,2.14,25.44,5,4,10.26,-12.15
1,652de4c5-3ffb-42af-9203-8e06a0c6411a,8705046a-c699-4ed3-a2a3-bbb9e40e06b3,双峰巨驼,True,16,10.31,90.62,0,0,-0.35,25.5,4,4,9.04,-9.28
1,652de4c5-3ffb-42af-9203-8e06a0c6411a,8900177a-c5ca-40ad-bc40-e240fd6f2d9e,巨象踏天,True,16,0.0,100.0,0,0,3.84,25.06,4,3,8.36,-12.57
1,652de4c5-3ffb-42af-9203-8e06a0c6411a,89bd5a4e-fd08-4203-b76e-a76e5e40e750,驼峰运输,True,15,17.33,82.67,0,0,6.47,23.0,6,1,8.21,-11.55
1,652de4c5-3ffb-42af-9203-8e06a0c6411a,8be9eaf8-038f-4155-ab53-13acbff4a34e,凤凰涅槃,True,15,7.47,92.53,0,0,5.07,23.93,5,0,10.98,0.0
1,652de4c5-3ffb-42af-9203-8e06a0c6411a,8c09e83c-4838-4d81-ac1d-2fc8970b5996,华山剑客,True,16,1.25,98.75,0,0,1.99,24.69,5,4,11.9,-12.38
1,652de4c5-3ffb-42af-9203-8e06a0c6411a,8c4bd183-3537-499a-a857-36da5ee3fcb8,天方夜谭,True,16,0.0,98.12,0,0,3.43,24.06,6,1,9.43,-9.84
1,652de4c5-3ffb-42af-9203-8e06a0c6411a,8d55034d-d964-4216-a678-6b492b254d3a,金狼逐日,True,17,0.0,100.0,0,0,2.16,24.76,5,2,9.36,-8.45
1,652de4c5-3ffb-42af-9203-8e06a0c6411a,90127a81-e457-4c9d-9981-9a1d54ee9dc9,石油大亨,True,17,13.24,86.76,0,0,4.22,23.88,4,0,6.24,0.0
1,652de4c5-3ffb-42af-9203-8e06a0c6411a,902585f2-0a29-457b-a8a7-6231e080c089,辛巴达航,True,16,0.0,100.0,0,0,0.84,26.0,4,3,8.55,-12.74
1,652de4c5-3ffb-42af-9203-8e06a0c6411a,9192b63a-62eb-41f8-8294-4e8ed7b21cc4,银狼啸天,True,16,0.0,100.0,0,0,4.58,23.88,5,2,11.36,-7.92
1,652de4c5-3ffb-42af-9203-8e06a0c6411a,93d4a341-f696-4847-9963-39f49030f4c9,太妃糖埃弗,True,15,0.0,92.53,0,0,1.21,24.87,5,3,9.67,-10.38
1,652de4c5-3ffb-42af-9203-8e06a0c6411a,93f33371-f5bd-4f80-8652-b48419599822,雪山神鹰,True,17,15.0,80.47,0,0,5.44,22.82,6,0,8.88,0.0
1,652de4c5-3ffb-42af-9203-8e06a0c6411a,95d02f9a-0c37-49b7-9a61-518ac5f7ef2c,复活节岛,True,16,1.0,99.06,0,0,2.63,25.75,3,4,11.58,-10.15
1,652de4c5-3ffb-42af-9203-8e06a0c6411a,95e4042e-52de-4df6-b5c9-7bc15fe0e2c6,库尔德勇,True,16,0.94,94.75,0,0,0.49,25.69,3,3,10.56,-9.76
1,652de4c5-3ffb-42af-9203-8e06a0c6411a,97bd3ccc-820c-47fd-8ff0-1acbd2dd5b90,水蟒巨蛇,True,15,18.67,82.27,0,0,1.79,25.53,2,4,6.77,-10.66
1,652de4c5-3ffb-42af-9203-8e06a0c6411a,985d0af0-92b6-4101-a859-b4b3ade0c9c4,少林武僧,True,17,18.82,81.18,0,0,-0.94,26.24,4,5,8.98,-10.65
1,652de4c5-3ffb-42af-9203-8e06a0c6411a,98d30838-3492-4b0c-8322-4314995bd393,一千零一夜,True,17,16.0,84.0,0,0,-0.58,26.53,5,7,10.17,-8.9
1,652de4c5-3ffb-42af-9203-8e06a0c6411a,99300516-f774-4dff-8748-c4f8fa826f46,阿根廷梦,True,16,0.0,100.0,0,0,-1.51,26.19,2,3,5.91,-11.52
1,652de4c5-3ffb-42af-9203-8e06a0c6411a,998ee0cd-7f64-4845-9225-151320635338,赫塔菲蓝,True,16,0.0,100.0,0,0,2.18,25.56,1,2,9.57,-11.49
1,652de4c5-3ffb-42af-9203-8e06a0c6411a,99b60819-3bb0-4ea6-a313-e0e25f54fe6b,沙漠商队,True,16,0.0,100.0,0,0,-0.2,26.75,2,4,8.45,-11.24
1,652de4c5-3ffb-42af-9203-8e06a0c6411a,9a5d0d3c-b55b-4916-a8b2-f1259690c986,祖鲁战士,True,16,18.75,82.19,0,0,6.33,23.94,2,0,6.81,0.0
1,652de4c5-3ffb-42af-9203-8e06a0c6411a,9b967cfb-d53b-40d1-bafa-aa907b8d0163,凯门鳄凶,True,16,15.0,85.0,0,0,4.02,24.62,2,1,12.6,-7.83
1,652de4c5-3ffb-42af-9203-8e06a0c6411a,9bbd18bf-ab3c-443c-9ff6-e552d4f5fef6,蓝军切尔西,True,16,0.0,98.25,0,0,3.72,24.75,3,1,8.44,-10.75
1,652de4c5-3ffb-42af-9203-8e06a0c6411a,9c415d32-dffa-4665-a9dd-71efc490b763,清真寺塔,True,16,0.0,100.0,0,0,4.12,24.56,4,3,10.5,-9.16
1,652de4c5-3ffb-42af-9203-8e06a0c6411a,9cd1ad3c-d8fb-4218-a634-2488d4756d21,尼罗河神,True,16,0.0,100.0,0,0,1.03,25.44,3,4,7.59,-10.15
1,652de4c5-3ffb-42af-9203-8e06a0c6411a,9d7bbfa0-9c00-41c4-a6a5-846ae2fdfac4,阿拉伯舞,True,16,0.0,100.0,0,0,3.29,24.38,5,2,10.49,-7.95
1,652de4c5-3ffb-42af-9203-8e06a0c6411a,9d8b1cbe-4b94-4e17-9c47-a4a902b851d7,非洲大象,True,15,0.0,100.0,0,0,1.91,25.87,3,4,8.06,-7.09
1,652de4c5-3ffb-42af-9203-8e06a0c6411a,9df8fe36-708a-48f0-907f-d29e4b838083,足球精灵,True,16,0.0,100.0,0,0,4.52,25.06,2,3,11.4,-9.0
1,652de4c5-3ffb-42af-9203-8e06a0c6411a,a0a40c58-92e7-4ee8-a1bd-d2ea7bfe8908,薛西斯军,True,16,0.0,100.0,0,0,1.99,25.38,3,2,8.31,-11.02
1,652de4c5-3ffb-42af-9203-8e06a0c6411a,a0c9921b-5fca-46a9-9356-3fc9360e0253,祖母绿光,True,16,0.0,98.0,0,0,1.65,25.69,1,2,2.76,-12.66
1,652de4c5-3ffb-42af-9203-8e06a0c6411a,a2332c17-c381-4780-b589-94c4f12f1991,克鲁格园,True,17,15.0,86.0,0,0,1.76,25.47,4,3,9.25,-9.86
1,652de4c5-3ffb-42af-9203-8e06a0c6411a,a28c9ba2-440b-487e-bbf2-ccc2d2cfb323,飞驴切沃,True,16,14.06,86.88,0,0,-0.3,26.25,3,5,8.04,-7.19
1,652de4c5-3ffb-42af-9203-8e06a0c6411a,a4bd10dd-8eb2-4436-af34-ca71729a7606,美因茨红,True,14,0.0,100.0,0,0,0.03,25.43,2,0,7.56,0.0
1,652de4c5-3ffb-42af-9203-8e06a0c6411a,a4c7a0b3-a574-48a6-8f5b-e87bf47b17bd,药厂勒沃,True,15,11.27,89.6,0,0,5.5,24.13,4,1,8.35,-7.13
1,652de4c5-3ffb-42af-9203-8e06a0c6411a,a513e312-2947-41ac-8191-76c13178ef90,沙漠孤鹰,True,16,0.0,94.0,0,0,1.02,24.81,4,2,8.94,-13.74
1,652de4c5-3ffb-42af-9203-8e06a0c6411a,a5671302-f5d6-497a-ae3f-c39c2f4eead3,日耳曼战,True,17,0.0,100.0,0,0,3.99,24.06,4,1,8.66,-13.57
1,652de4c5-3ffb-42af-9203-8e06a0c6411a,a729c9b9-d105-471a-bb71-ffd3bf626fbf,麒麟踏云,True,16,0.0,100.0,0,0,2.37,24.56,3,1,8.0,-13.7
1,652de4c5-3ffb-42af-9203-8e06a0c6411a,a77b1305-eb69-4e84-a3b0-a68c1ed073e5,红魔曼联,True,17,12.35,88.47,0,0,1.54,24.35,5,3,8.56,-12.1
1,652de4c5-3ffb-42af-9203-8e06a0c6411a,a7997283-358e-4c86-bb5c-1bbe865b736a,农场主富勒,True,16,0.0,100.0,0,0,2.39,25.06,3,2,8.81,-5.19
1,652de4c5-3ffb-42af-9203-8e06a0c6411a,a8b4d912-316d-4247-a375-5237b6dd9517,青龙偃月,True,16,18.75,81.25,0,0,6.36,23.06,4,1,9.51,-14.82
1,652de4c5-3ffb-42af-9203-8e06a0c6411a,a8daeebf-77a6-467b-af74-82520b31d1df,食蚁兽长,True,16,12.19,88.75,0,0,4.42,24.62,2,1,5.56,-12.5
1,652de4c5-3ffb-42af-9203-8e06a0c6411a,a8f5236d-ed25-4d79-9fbc-2a6e237590f4,阿里巴巴,True,16,0.0,100.0,0,0,-0.89,26.88,3,4,11.5,-9.9
1,652de4c5-3ffb-42af-9203-8e06a0c6411a,a9abf299-7238-49ce-9147-f3a64cc2ce1b,公牛都灵,True,17,16.0,84.82,0,0,0.34,25.06,4,4,8.87,-10.98
1,652de4c5-3ffb-42af-9203-8e06a0c6411a,a9b5b0e7-7b38-4883-8a10-f08b6e204fd0,狼堡沃尔夫,True,16,0.0,100.0,0,0,1.79,25.44,2,4,7.64,-9.1
1,652de4c5-3ffb-42af-9203-8e06a0c6411a,a9e2ee7c-196e-406b-8a61-7a12de641391,猫眼石闪,True,16,10.31,90.62,0,0,1.33,26.06,2,4,7.89,-11.29
1,652de4c5-3ffb-42af-9203-8e06a0c6411a,aac28b58-decc-4ebb-b817-1a1b4b7ed73a,阿拉维斯,True,16,15.0,82.06,0,0,5.6,24.19,3,1,10.13,-10.97
1,652de4c5-3ffb-42af-9203-8e06a0c6411a,aadbd3a9-b5b8-40b3-bc10-fa7795c32060,蜜蜂布伦特,True,16,0.0,100.0,0,0,4.52,24.31,4,2,7.77,-7.22
1,652de4c5-3ffb-42af-9203-8e06a0c6411a,ad25703e-0053-415e-8523-0d2730ac9365,狼队伍尔弗,True,16,14.06,86.88,0,0,8.24,22.94,5,0,8.26,0.0
1,652de4c5-3ffb-42af-9203-8e06a0c6411a,ad44aa92-5680-4336-b85b-25d37bcc796f,大黄蜂多,True,16,5.62,93.44,0,0,4.87,24.19,4,2,8.19,-9.47
1,652de4c5-3ffb-42af-9203-8e06a0c6411a,ae6dc05a-edf4-460a-8f15-00a7210e38db,老鹰水晶宫,True,15,12.13,88.8,0,0,2.48,25.33,4,2,9.86,-11.25
1,652de4c5-3ffb-42af-9203-8e06a0c6411a,ae87bcfc-d77a-4910-8d64-9fc17100da25,角马迁徙,True,16,0.0,100.0,0,0,2.24,25.56,2,1,7.69,-9.82
1,652de4c5-3ffb-42af-9203-8e06a0c6411a,af0a19de-6d42-4cff-8708-16eb0a12603c,马略卡岛,True,16,16.88,77.31,0,0,-2.84,27.56,1,5,3.61,-10.35
1,652de4c5-3ffb-42af-9203-8e06a0c6411a,b04ea948-66e6-4998-863f-bcbc9927f0c7,食人鱼群,True,16,0.0,100.0,0,0,3.8,24.69,2,2,7.59,-9.59
1,652de4c5-3ffb-42af-9203-8e06a0c6411a,b324d8ce-d613-460e-87db-74ad94d92d35,枪手兵工厂,True,16,0.0,100.0,0,0,6.22,24.0,5,2,10.65,-9.44
1,652de4c5-3ffb-42af-9203-8e06a0c6411a,b4107dca-e269-4f3a-8ab1-a36b3e309113,红军利物浦,True,15,12.13,88.8,0,0,0.3,25.8,3,3,9.54,-9.5
1,652de4c5-3ffb-42af-9203-8e06a0c6411a,b4921016-e7cb-4a6a-b6b1-be4c5a053f7b,青云直上,True,16,11.38,89.5,0,0,4.06,25.12,2,3,2.54,-12.65
1,652de4c5-3ffb-42af-9203-8e06a0c6411a,b60163ef-97d5-4976-8fed-85ae5dfc5b3f,塞尔塔天,True,16,14.06,86.88,0,0,6.87,22.75,4,1,9.66,-12.3
1,652de4c5-3ffb-42af-9203-8e06a0c6411a,b6d8396d-19f1-4386-88e0-93a3818eef4a,斑马条纹,True,17,15.88,85.0,0,0,3.62,23.71,5,2,8.95,-5.4
1,652de4c5-3ffb-42af-9203-8e06a0c6411a,b6dd5442-7f02-480a-9abd-e47600d0cfe6,金石为开,True,16,14.06,85.94,0,0,2.59,23.75,6,1,8.86,-12.61
1,652de4c5-3ffb-42af-9203-8e06a0c6411a,b757ce5d-d52d-4f60-93fe-8f5613340a47,乌拉圭牛,True,16,0.0,98.12,0,0,0.76,25.19,4,3,8.96,-9.27
1,652de4c5-3ffb-42af-9203-8e06a0c6411a,b77ab317-4751-4e3a-aca1-21cad5ef5341,狂熊撼地,True,16,15.94,84.06,0,0,4.01,24.5,5,2,10.02,-10.72
1,652de4c5-3ffb-42af-9203-8e06a0c6411a,b9010125-c177-46f0-ac56-eda4ec51d4f8,红尘滚滚,True,16,12.19,88.75,0,0,2.35,25.12,4,3,10.81,-10.9
1,652de4c5-3ffb-42af-9203-8e06a0c6411a,b9155ad9-e3b9-436a-af60-85e08ee184d9,钢铁柏林,True,16,0.0,98.12,0,0,4.64,23.69,5,1,10.24,-14.66
1,652de4c5-3ffb-42af-9203-8e06a0c6411a,bc4fdf86-d4fc-406e-b527-32b06cd5f360,印加帝国,True,16,14.06,86.88,0,0,2.13,25.38,4,4,9.74,-7.63
1,652de4c5-3ffb-42af-9203-8e06a0c6411a,bca64a9c-5aa4-4b59-a840-dccca22ca4ec,美洲豹王,True,16,7.5,92.5,0,0,4.48,23.81,3,0,8.26,0.0
1,652de4c5-3ffb-42af-9203-8e06a0c6411a,be2cac80-28c9-42b2-b208-fe897bc8bf38,紫电鹰扬,True,16,12.19,88.75,0,0,3.46,24.62,2,2,6.83,-9.21
1,652de4c5-3ffb-42af-9203-8e06a0c6411a,bff686b7-f43b-4ee6-ab47-65f08e42f3e7,闪电杰尼,False,15,0.0,100.0,0,0,0.25,26.6,2,6,9.32,-8.16
1,652de4c5-3ffb-42af-9203-8e06a0c6411a,c2e849d6-e49c-42a2-aded-da25324efa95,潘帕斯草,True,16,13.12,87.75,0,0,2.3,25.19,2,2,10.34,-11.02
1,652de4c5-3ffb-42af-9203-8e06a0c6411a,c3a306c8-0370-4557-b17a-8cdc9b246873,金毛狮王,True,15,14.0,86.93,0,0,2.52,25.07,3,3,8.03,-7.82
1,652de4c5-3ffb-42af-9203-8e06a0c6411a,c567348e-56d2-41b5-b3bf-f12c1877cf25,绿茵魔术师,True,16,14.06,86.88,0,0,3.73,24.44,5,3,10.62,-2.83
1,652de4c5-3ffb-42af-9203-8e06a0c6411a,c5695aa8-498f-413e-b73b-3d10e4c4ffff,蝙蝠军团,True,16,14.06,86.88,0,0,6.54,23.62,2,0,6.74,0.0
1,652de4c5-3ffb-42af-9203-8e06a0c6411a,c866a5c5-bf7f-4657-927d-b32818896bd3,马赛勇士,True,16,0.0,100.0,0,0,3.64,24.12,5,1,11.19,-11.38
1,652de4c5-3ffb-42af-9203-8e06a0c6411a,c8c72df5-e356-4b13-8e8f-ec88b7674dd2,紫百合佛,True,14,18.57,82.36,0,0,3.56,23.64,4,2,8.21,-12.13
1,652de4c5-3ffb-42af-9203-8e06a0c6411a,c9103d51-f0d0-4508-bbbc-cd0e215b80cb,三狮军团,True,17,11.47,89.41,0,0,1.8,25.82,5,5,8.05,-7.64
1,652de4c5-3ffb-42af-9203-8e06a0c6411a,c94a55b6-39c8-4129-81c7-f3b325e407be,沙漠之舟,True,16,15.75,86.0,0,0,0.35,25.06,5,3,9.3,-12.51
1,652de4c5-3ffb-42af-9203-8e06a0c6411a,c9dd425d-59a1-4fa5-83c9-4b7ce2f7f429,巴塔哥尼,True,16,0.0,100.0,0,0,3.94,24.5,5,2,10.15,-11.07
1,652de4c5-3ffb-42af-9203-8e06a0c6411a,cce953b5-24b2-4111-b169-c7ee24250baa,塞维利业,True,15,0.0,98.13,0,0,2.37,25.4,4,3,9.15,-10.76
1,652de4c5-3ffb-42af-9203-8e06a0c6411a,ced36a6a-ff76-4d6e-b530-155bef975c6f,纳斯卡线,True,16,14.06,85.94,0,0,7.35,23.31,5,0,11.45,0.0
1,652de4c5-3ffb-42af-9203-8e06a0c6411a,cf38b978-2024-45a7-8f20-99dfe99fa0b8,格拉纳达,True,14,0.0,100.0,0,0,2.92,25.21,3,2,7.88,-12.08
1,652de4c5-3ffb-42af-9203-8e06a0c6411a,cfbaab7e-1b94-4a03-b11d-ffe126ca94ae,刚果雨林,True,16,0.0,100.0,0,0,0.33,26.0,5,4,9.97,-8.83
1,652de4c5-3ffb-42af-9203-8e06a0c6411a,d05a7cac-77cc-4fa9-8eba-d3db36881a4f,矿工沙尔,True,16,1.88,95.31,0,0,-2.09,26.88,2,4,7.76,-12.12
1,652de4c5-3ffb-42af-9203-8e06a0c6411a,d1528662-c97b-4af7-ab2f-e98b795cdda4,斯图加特,True,16,0.0,98.12,0,0,0.71,24.62,5,2,8.88,-8.54
1,652de4c5-3ffb-42af-9203-8e06a0c6411a,d1c0d939-c777-4a8e-b87d-ede88c6e6abe,火狼焚原,True,16,14.06,85.94,0,0,1.25,24.88,4,2,10.46,-11.21
1,652de4c5-3ffb-42af-9203-8e06a0c6411a,d20dd201-3871-43d1-afee-f407f87659b4,居鲁士帝,True,16,0.0,100.0,0,0,3.28,24.88,2,2,10.22,-7.7
1,652de4c5-3ffb-42af-9203-8e06a0c6411a,d3286bd6-52f2-4571-afb5-cd2c361ab8ab,阿拉丁灯,True,15,0.0,100.0,0,0,6.18,23.13,7,1,10.92,-9.8
1,652de4c5-3ffb-42af-9203-8e06a0c6411a,d3b66902-aa7c-408c-a3a8-2343ebc9cbe0,犀牛冲撞,True,15,0.0,98.13,0,0,-2.39,27.07,2,5,6.77,-10.66
1,652de4c5-3ffb-42af-9203-8e06a0c6411a,d4b06680-c802-4b4f-8fd1-33bea289ade2,西海金龙,True,16,14.06,81.12,0,0,3.27,24.31,4,2,7.32,-8.56
1,652de4c5-3ffb-42af-9203-8e06a0c6411a,d69d7488-960a-4778-a79c-a0330172ef4a,绿白贝蒂,True,15,0.0,100.0,0,0,1.41,24.87,4,3,7.58,-9.29
1,652de4c5-3ffb-42af-9203-8e06a0c6411a,d871b731-c80d-4872-b5b2-59a8a7b126ee,圣保罗彩,True,16,16.88,85.0,0,0,2.87,24.38,4,1,9.51,-7.97
1,652de4c5-3ffb-42af-9203-8e06a0c6411a,d89a5197-5cc5-4e06-971e-c198e16e5d18,桑布露族,True,16,0.0,100.0,0,0,1.32,25.25,2,0,13.28,0.0
1,652de4c5-3ffb-42af-9203-8e06a0c6411a,da33e4ad-66d5-433e-93ba-366a9c2daf3f,非洲野牛,True,16,0.0,100.0,0,0,-1.78,26.56,3,3,8.8,-10.92
1,652de4c5-3ffb-42af-9203-8e06a0c6411a,da7e1fb6-644f-4f12-ac90-d8a9cf2d9645,真蓝黑亚,True,16,0.0,100.0,0,0,4.63,24.25,3,1,8.44,-11.13
1,652de4c5-3ffb-42af-9203-8e06a0c6411a,de554813-103d-4ab7-a7b0-030d80a26303,阿拉伯军,True,16,0.0,100.0,0,0,1.03,25.12,2,3,7.03,-9.28
1,652de4c5-3ffb-42af-9203-8e06a0c6411a,de838a52-9057-4623-a707-fd29fd23e02c,霍村霍芬,True,16,14.06,86.88,0,0,1.4,25.44,3,3,7.81,-10.86
1,652de4c5-3ffb-42af-9203-8e06a0c6411a,df0c3811-9f00-451e-bd0a-4d22f839f910,红狼罗马,True,16,7.5,92.5,0,0,5.14,24.25,4,2,8.93,-12.73
1,652de4c5-3ffb-42af-9203-8e06a0c6411a,df0cf5b2-3259-4822-b945-261c54e430ba,红牛莱比,True,16,14.06,86.88,0,0,3.99,23.75,5,1,8.06,-1.03
1,652de4c5-3ffb-42af-9203-8e06a0c6411a,df29d5d7-141c-470c-b226-c2c18994aa4b,蓝鹰拉齐,True,16,0.0,100.0,0,0,8.27,23.06,6,0,10.13,0.0
1,652de4c5-3ffb-42af-9203-8e06a0c6411a,e0c9eea6-67ef-4e89-adff-55007cad963b,撒丁岛卡,True,16,0.0,98.12,0,0,3.03,25.06,3,2,8.74,-11.45
1,652de4c5-3ffb-42af-9203-8e06a0c6411a,e1027b61-123f-401b-b628-e0b3a79eaea6,阿散蒂金,True,17,0.0,100.0,0,0,3.35,24.06,8,2,9.45,-14.28
1,652de4c5-3ffb-42af-9203-8e06a0c6411a,e1c28409-400e-4cae-b1a2-bf81ab44ac90,拉普拉塔,True,15,0.0,100.0,0,0,4.04,25.4,3,3,8.27,-10.31
1,652de4c5-3ffb-42af-9203-8e06a0c6411a,e1ee3921-d9a9-48ce-a389-3fa4d0dcbf50,草原战狼,True,16,15.0,86.88,0,0,2.62,24.62,3,1,9.57,-9.11
1,652de4c5-3ffb-42af-9203-8e06a0c6411a,e5e69a4d-63f0-4e62-addb-b51923c6289b,巴斯克雄,True,16,16.88,76.56,0,0,3.54,24.31,4,1,10.05,-4.3
1,652de4c5-3ffb-42af-9203-8e06a0c6411a,e5f8b687-80b4-4e5b-9398-0f67c674604a,绿洲明珠,True,17,8.82,90.29,0,0,1.32,24.76,3,1,5.28,-14.46
1,652de4c5-3ffb-42af-9203-8e06a0c6411a,e6003d82-a938-4dc4-864c-b63501f2ae70,尼罗河源,True,15,0.0,100.0,0,0,4.87,23.87,4,0,10.54,0.0
1,652de4c5-3ffb-42af-9203-8e06a0c6411a,e8069429-7f4a-4735-a309-c9f73c6a9942,能源霸主,True,16,16.88,84.06,0,0,2.88,25.31,3,3,10.83,-11.29
1,652de4c5-3ffb-42af-9203-8e06a0c6411a,e87b425e-c078-458e-8712-5812eb2007cd,赤龙焚天,True,16,11.0,83.06,0,0,9.38,22.12,7,0,12.56,0.0
1,652de4c5-3ffb-42af-9203-8e06a0c6411a,e94e5257-ab68-4ad7-847b-1173ce6578be,图西胡图,True,16,0.0,100.0,0,0,0.48,24.88,6,3,9.57,-12.44
1,652de4c5-3ffb-42af-9203-8e06a0c6411a,e9dd35ad-da38-4f78-8495-797e678b3c20,香料之路,True,16,14.06,86.88,0,0,2.62,25.69,2,4,8.28,-9.64
1,652de4c5-3ffb-42af-9203-8e06a0c6411a,eb2f1e87-4901-4c3f-93e5-4bc8a6a03f06,土耳其近,True,17,0.0,100.0,0,0,-0.4,25.82,3,4,6.8,-12.13
1,652de4c5-3ffb-42af-9203-8e06a0c6411a,ed5c6eb4-7eaa-4484-8711-9333b2d11b16,波斯地毯,True,15,7.47,92.53,0,0,3.29,24.4,3,2,7.45,-11.71
1,652de4c5-3ffb-42af-9203-8e06a0c6411a,eeb45694-9f5a-4bb9-ab06-6b9b79d06670,紫电龙骑,True,16,0.0,98.88,0,0,-0.24,26.81,2,5,12.49,-10.45
1,652de4c5-3ffb-42af-9203-8e06a0c6411a,f040b65b-6bca-4d22-8209-5db13b34e775,探戈情人,True,16,15.0,86.88,0,0,0.52,25.62,2,3,6.94,-10.36
1,652de4c5-3ffb-42af-9203-8e06a0c6411a,f0be488b-4f4e-4f97-9eb1-8868116d7b93,小海马萨,True,17,13.0,88.0,0,0,1.7,24.65,4,1,11.11,-12.04
1,652de4c5-3ffb-42af-9203-8e06a0c6411a,f0c2b81f-e7a2-4001-8b08-d92dea47338f,不来梅绿,True,17,9.71,91.18,0,0,2.42,25.18,5,4,9.65,-10.44
1,652de4c5-3ffb-42af-9203-8e06a0c6411a,f13044b1-6e84-4b16-8f06-e695944e0bb7,亚马逊河,True,16,0.0,100.0,0,0,3.44,24.5,4,1,9.82,-12.51
1,652de4c5-3ffb-42af-9203-8e06a0c6411a,f239bd15-2cb8-4f6d-9d6f-5adea01696ff,圣徒南安普,True,16,0.0,92.5,0,0,-0.23,25.31,5,3,9.97,-13.31
1,652de4c5-3ffb-42af-9203-8e06a0c6411a,f37aae86-41db-49a2-be9f-d239ed67a9d7,玛瑙石红,True,16,0.0,100.0,0,0,2.9,25.19,2,2,9.28,-7.2
1,652de4c5-3ffb-42af-9203-8e06a0c6411a,f3ec8fde-fe3c-43c9-aec6-6084ea0ce620,汽油骑士,True,16,0.0,98.12,0,0,-1.65,26.44,3,2,9.06,-10.75
1,652de4c5-3ffb-42af-9203-8e06a0c6411a,f5fab24c-152b-4150-ae51-5faa82e9aff4,白百合热,True,16,0.0,100.0,0,0,0.41,24.94,5,3,11.98,-11.6
1,652de4c5-3ffb-42af-9203-8e06a0c6411a,fb87ae66-a9df-487c-ab8a-5840eeac1d07,雷霆万钧,True,15,14.0,86.93,0,0,2.23,25.67,3,1,7.99,-11.52
1,652de4c5-3ffb-42af-9203-8e06a0c6411a,fc06cf91-c305-493c-84ba-bd93802991fc,热带雨林,True,16,0.0,100.0,0,0,-1.02,25.62,4,5,8.33,-10.24
1,652de4c5-3ffb-42af-9203-8e06a0c6411a,fd2d0447-d660-47dd-a0dc-12f7ebfc2e65,银河战舰,True,16,14.06,85.94,0,0,3.02,25.19,3,3,9.78,-8.1
1,652de4c5-3ffb-42af-9203-8e06a0c6411a,fd2f2ffd-b02d-4117-b2aa-f0c1c9b83553,森林之语,True,16,10.31,90.62,0,0,1.43,24.81,6,3,9.43,-9.95
1,652de4c5-3ffb-42af-9203-8e06a0c6411a,fdb06b8f-684f-4761-b62e-22e64c5971b5,波斯猫王,True,15,15.87,84.13,0,0,-0.72,26.13,3,5,8.83,-8.41
1,652de4c5-3ffb-42af-9203-8e06a0c6411a,fde969e3-86ac-462d-bbc1-963eab38b504,沙漠之狐,True,17,1.88,96.24,0,0,3.99,23.88,7,3,9.15,-11.58
1,652de4c5-3ffb-42af-9203-8e06a0c6411a,fe128fb9-67f0-4d49-80e5-bb6292a71be2,铁翼飞鹰,True,16,0.0,100.0,0,0,1.81,24.94,5,2,10.76,-5.28
1,652de4c5-3ffb-42af-9203-8e06a0c6411a,ff2dd69b-ac4c-4ce3-af23-521daf536eed,斑马军团,True,16,15.0,86.0,0,0,2.86,25.0,6,3,13.24,-8.66
1,652de4c5-3ffb-42af-9203-8e06a0c6411a,ff55cef1-9862-4d72-9ba4-3d241938741b,巴格达城,True,17,0.0,100.0,0,0,1.17,25.18,4,3,7.76,-8.9
2,2b6b23bb-e7cd-46fd-b899-a0a9e3a96237,00983e2e-e8bd-47be-a022-5774b994caa7,蓝黑战士,True,16,23.0,77.0,0,0,0.74,27.12,2,5,12.71,-11.61
2,2b6b23bb-e7cd-46fd-b899-a0a9e3a96237,0192de1b-b1f4-4f4b-af0f-934452bda0d1,武当太极,True,17,0.0,98.24,0,0,5.25,24.18,8,3,10.82,-12.0
2,2b6b23bb-e7cd-46fd-b899-a0a9e3a96237,02674860-147a-44e2-843a-da5f0e9f81bc,蓝宝石海,True,17,18.82,82.12,0,0,3.69,25.76,3,4,9.33,-11.68
2,2b6b23bb-e7cd-46fd-b899-a0a9e3a96237,03832f41-a31c-4d42-a687-158df7a831d7,魔毯飞行,True,17,19.41,80.59,0,0,4.75,24.47,6,2,9.31,-9.89
2,2b6b23bb-e7cd-46fd-b899-a0a9e3a96237,090b2c3b-fb42-4eaa-a978-2463ed4dc234,玄武镇海,True,16,11.0,90.0,0,0,-0.65,26.75,2,5,13.23,-12.53
2,2b6b23bb-e7cd-46fd-b899-a0a9e3a96237,0a5b6a82-d483-486a-9d11-592a154fbf0c,绿洲驼队,True,17,15.06,86.82,0,0,6.53,24.41,4,2,10.3,-7.89
2,2b6b23bb-e7cd-46fd-b899-a0a9e3a96237,0fc36386-3ee4-4343-9c56-3b6ccc661da3,猎豹闪电,True,17,1.88,96.24,0,0,1.22,26.29,5,5,11.19,-10.44
2,2b6b23bb-e7cd-46fd-b899-a0a9e3a96237,1135d594-4576-4c49-8126-ef5d77f4c9de,烈焰狂狮,True,16,8.0,92.0,0,0,5.13,25.12,3,2,11.19,-8.55
2,2b6b23bb-e7cd-46fd-b899-a0a9e3a96237,11bbc8df-418e-40ea-a638-3ee287139ed6,雪豹冰山,True,16,0.0,100.0,0,0,3.96,24.56,4,4,7.72,-10.47
2,2b6b23bb-e7cd-46fd-b899-a0a9e3a96237,121a8ce8-a60e-4dbc-8943-f888ae0138df,波斯勇士,True,16,0.0,100.0,0,0,6.8,24.19,3,1,13.64,-11.14
2,2b6b23bb-e7cd-46fd-b899-a0a9e3a96237,12b9b35d-129c-462a-b966-ec1e353e0928,苍鹰搏兔,True,16,7.0,94.0,0,0,5.11,25.25,3,3,13.05,-7.33
2,2b6b23bb-e7cd-46fd-b899-a0a9e3a96237,13ff2225-f620-4205-8acb-fc3b5053862a,非洲犀牛,True,17,14.12,85.88,0,0,1.27,25.76,5,6,11.51,-9.68
2,2b6b23bb-e7cd-46fd-b899-a0a9e3a96237,163b7787-c249-4bfa-8242-a0f2b860d2cf,大地之力,True,16,20.0,81.0,0,0,0.96,26.25,5,7,14.99,-12.68
2,2b6b23bb-e7cd-46fd-b899-a0a9e3a96237,1737da78-c242-462b-8962-3694873576be,雄鹰法兰,True,17,14.12,85.88,0,0,4.57,25.24,3,3,9.71,-10.75
2,2b6b23bb-e7cd-46fd-b899-a0a9e3a96237,18090434-c547-4e31-bc35-c7efb038c31d,宇宙巴萨,True,16,13.0,87.0,0,0,6.24,24.81,4,4,15.74,-10.33
2,2b6b23bb-e7cd-46fd-b899-a0a9e3a96237,1950e07c-a077-441f-b406-16b12daa45c7,西班牙人,True,16,14.06,85.94,0,0,4.15,25.69,5,4,10.83,-11.77
2,2b6b23bb-e7cd-46fd-b899-a0a9e3a96237,19d4e548-1c7f-4706-a0df-f0446a99c617,金豹捕猎,True,16,0.0,100.0,0,0,3.07,25.88,3,5,10.2,-10.74
2,2b6b23bb-e7cd-46fd-b899-a0a9e3a96237,1a3f033a-4e73-46cb-8f58-d20c32e04fd2,西域雪狼,True,16,0.0,98.12,0,0,1.29,26.69,3,4,20.48,-11.62
2,2b6b23bb-e7cd-46fd-b899-a0a9e3a96237,1c91e42f-e538-4301-89c5-50c7324055dc,高乔骑士,True,16,0.0,100.0,0,0,6.77,24.06,5,1,11.65,-10.28
2,2b6b23bb-e7cd-46fd-b899-a0a9e3a96237,1e00f974-ec58-4b4c-be20-faf412d9027e,汉诺威红,True,16,0.0,100.0,0,0,5.59,25.69,3,3,11.9,-8.42
2,2b6b23bb-e7cd-46fd-b899-a0a9e3a96237,1f522e60-e720-4a28-a30d-1352879957b4,弯月之星,True,17,15.0,85.0,0,0,0.93,26.06,4,4,13.26,-11.77
2,2b6b23bb-e7cd-46fd-b899-a0a9e3a96237,1fc0382f-e8e4-4817-8a9b-86acd3f47e81,冰狼踏雪,True,16,2.0,98.0,0,0,4.01,26.31,1,4,11.59,-12.87
2,2b6b23bb-e7cd-46fd-b899-a0a9e3a96237,20979679-9c36-4bfc-8639-cd644706a4f1,皇家社会,True,17,14.12,87.65,0,0,3.51,25.59,4,5,8.19,-9.25
2,2b6b23bb-e7cd-46fd-b899-a0a9e3a96237,2125a9ec-76c0-4c3f-90e8-039afd4c2e5e,山楂球西布,True,16,7.5,92.5,0,0,7.02,24.38,6,2,16.15,-12.8
2,2b6b23bb-e7cd-46fd-b899-a0a9e3a96237,225a9ffb-e671-4019-93cc-cbc6572216de,草原猎鹰,True,16,0.0,100.0,0,0,0.98,27.12,3,6,12.01,-13.35
2,2b6b23bb-e7cd-46fd-b899-a0a9e3a96237,23d24ae7-74bc-4ad2-9b70-0df8e9f10c5d,威尼斯假,True,16,0.0,98.12,0,0,7.17,24.31,5,3,15.5,-11.62
2,2b6b23bb-e7cd-46fd-b899-a0a9e3a96237,242e04d1-fbaf-4773-9832-f963bb36cdbf,贝都因骑,True,16,15.0,81.19,0,0,3.16,26.25,2,5,13.95,-12.46
2,2b6b23bb-e7cd-46fd-b899-a0a9e3a96237,2465461a-8563-46cd-873a-baaa6a467841,大流士王,True,16,14.06,86.88,0,0,4.17,24.38,7,4,10.43,-10.58
2,2b6b23bb-e7cd-46fd-b899-a0a9e3a96237,246f43f2-0e83-4eb6-8f73-abd9beda391d,蓝月亮城,True,17,0.0,88.65,0,0,2.86,25.88,2,4,14.17,-10.61
2,2b6b23bb-e7cd-46fd-b899-a0a9e3a96237,249c854a-a6cf-4ef6-b379-4253c33a08f4,非洲猎豹,True,17,9.71,91.18,0,0,4.0,24.35,4,2,6.72,-9.63
2,2b6b23bb-e7cd-46fd-b899-a0a9e3a96237,24ee4c01-522f-45bb-b7b2-f6a47a1598d3,罗马狼王,True,17,3.53,96.47,0,0,1.63,24.76,7,5,9.11,-10.65
2,2b6b23bb-e7cd-46fd-b899-a0a9e3a96237,2678b819-3da4-4304-a4fc-0973fd2f630e,塞伦盖蒂,True,16,14.06,86.88,0,0,5.85,24.31,5,1,10.78,-8.79
2,2b6b23bb-e7cd-46fd-b899-a0a9e3a96237,274fc978-b187-40f1-ab2e-8de5ba54d181,天然气王,True,16,0.0,100.0,0,0,-0.5,26.44,4,5,15.95,-11.76
2,2b6b23bb-e7cd-46fd-b899-a0a9e3a96237,27550134-d903-4055-ab54-4af1341d4314,撒哈拉驼,True,16,13.12,87.75,0,0,-1.56,26.75,2,5,2.7,-11.46
2,2b6b23bb-e7cd-46fd-b899-a0a9e3a96237,278885b1-f652-4775-92de-8dcd14d9bc93,图阿雷格,True,16,0.0,100.0,0,0,1.32,25.81,5,5,12.25,-11.84
2,2b6b23bb-e7cd-46fd-b899-a0a9e3a96237,27a76999-b51f-4c41-b3d6-da7989a5c411,黑虎掏心,True,17,0.0,95.29,0,0,5.37,23.76,5,0,9.88,0.0
2,2b6b23bb-e7cd-46fd-b899-a0a9e3a96237,296adf8c-b827-4c9d-8bb5-41e1f387f372,水豚憨态,True,16,9.38,89.69,0,0,4.05,25.12,3,2,11.5,-12.03
2,2b6b23bb-e7cd-46fd-b899-a0a9e3a96237,2aab03b8-1a68-409b-b46b-324058dca0c6,科隆山羊,True,15,0.0,100.0,0,0,2.71,25.27,4,3,7.03,-11.07
2,2b6b23bb-e7cd-46fd-b899-a0a9e3a96237,2b6cd430-daf3-4110-b52c-78be813d14e5,刚果王国,True,17,0.0,99.06,0,0,6.23,25.0,5,2,13.15,-13.18
2,2b6b23bb-e7cd-46fd-b899-a0a9e3a96237,2d385586-589a-4f5c-8534-6ff244cf310c,阿拉伯夜,True,17,0.0,100.0,0,0,5.8,25.12,4,3,13.54,-10.99
2,2b6b23bb-e7cd-46fd-b899-a0a9e3a96237,2e48ed42-88f4-4899-9cf5-ecad75931d4a,北方苍狼,True,16,0.0,100.0,0,0,4.29,25.69,3,3,13.77,-10.71
2,2b6b23bb-e7cd-46fd-b899-a0a9e3a96237,2e94468c-2436-4f60-80d5-78d7147a1bb6,石化巨人,True,16,0.0,95.62,0,0,-2.42,27.56,1,6,11.6,-12.1
2,2b6b23bb-e7cd-46fd-b899-a0a9e3a96237,2f61c6ea-7c93-4f2f-807a-9c17b26fd688,长颈鹿颈,True,16,0.0,88.38,0,0,2.88,24.75,6,4,12.37,-12.04
2,2b6b23bb-e7cd-46fd-b899-a0a9e3a96237,2fa52165-4377-45e5-8d06-9e18100f6c99,北海苍龙,True,17,13.24,87.65,0,0,-1.13,25.71,4,3,6.88,-8.09
2,2b6b23bb-e7cd-46fd-b899-a0a9e3a96237,317e8d83-dc2d-4179-8a43-55ef610cd565,沙滩足球,True,16,14.88,85.12,0,0,4.48,25.06,4,3,11.77,-12.38
2,2b6b23bb-e7cd-46fd-b899-a0a9e3a96237,33e39c40-1488-4a7e-8145-00280a237aed,花车巡游,True,16,0.0,100.0,0,0,2.49,25.75,3,3,13.31,-7.6
2,2b6b23bb-e7cd-46fd-b899-a0a9e3a96237,3616958e-ca58-4b30-91ed-d810a9409d5b,大津巴布,True,17,0.0,100.0,0,0,-1.28,27.29,3,6,4.73,-12.0
2,2b6b23bb-e7cd-46fd-b899-a0a9e3a96237,37af924e-79a8-4895-8c85-c8c3a43d0ce0,马赛马拉,True,16,0.0,99.56,0,0,4.31,25.62,3,2,8.06,-11.75
2,2b6b23bb-e7cd-46fd-b899-a0a9e3a96237,37d0221b-b783-41ef-ba45-4afbadfcca2e,黑金帝国,True,16,0.0,100.0,0,0,5.58,24.69,4,3,12.91,-12.22
2,2b6b23bb-e7cd-46fd-b899-a0a9e3a96237,37e823df-a354-48ba-9cb9-a5f2aa80b09e,单峰快驼,True,17,11.47,89.41,0,0,1.09,25.29,7,4,11.49,-9.75
2,2b6b23bb-e7cd-46fd-b899-a0a9e3a96237,3850a89f-9b56-43e4-886c-b239f5a141b1,喜鹊纽卡,True,17,0.0,100.0,0,0,7.68,23.24,6,0,9.2,0.0
2,2b6b23bb-e7cd-46fd-b899-a0a9e3a96237,3af34a43-f7c8-4a10-833e-b929ef808f8f,黄色潜水艇,True,17,13.24,86.76,0,0,3.3,25.41,5,4,9.05,-9.98
2,2b6b23bb-e7cd-46fd-b899-a0a9e3a96237,3b81880a-c267-41f8-842f-be557a392611,累西腓鼓,True,16,14.06,85.94,0,0,0.22,27.5,3,7,11.26,-9.72
2,2b6b23bb-e7cd-46fd-b899-a0a9e3a96237,3c35e50c-47f9-4e79-bdf1-a0368ab99700,骆驼骑士,True,17,0.0,100.0,0,0,-1.92,27.24,4,6,9.61,-9.49
2,2b6b23bb-e7cd-46fd-b899-a0a9e3a96237,3cf98f89-d3ee-4eb1-add3-d165adc163da,树懒慢动,True,16,0.0,98.12,0,0,2.87,25.44,4,3,9.58,-11.79
2,2b6b23bb-e7cd-46fd-b899-a0a9e3a96237,3d74852b-cef9-4536-90d3-ab20c3f1d39a,青金石蓝,True,17,16.94,84.94,0,0,3.53,25.94,4,4,10.98,-11.65
2,2b6b23bb-e7cd-46fd-b899-a0a9e3a96237,3d7c7ccd-3c62-49de-af2b-51d1b186ca84,西域猛虎,True,17,0.0,100.0,0,0,3.96,25.29,2,1,2.55,-13.55
2,2b6b23bb-e7cd-46fd-b899-a0a9e3a96237,3e90263d-9aa2-495f-9391-402267f48e45,水手桑普,True,16,15.75,86.0,0,0,4.08,24.81,4,2,7.09,-13.49
2,2b6b23bb-e7cd-46fd-b899-a0a9e3a96237,3f143543-33be-40b5-9675-d1e965a811eb,东方雄狮,True,16,0.0,98.25,0,0,2.65,25.62,3,5,5.45,-9.69
2,2b6b23bb-e7cd-46fd-b899-a0a9e3a96237,4158ea87-e495-4b6a-a108-54d8bfaaa5e3,野马奔腾,True,17,1.88,96.47,0,0,0.65,26.71,2,6,7.29,-8.37
2,2b6b23bb-e7cd-46fd-b899-a0a9e3a96237,417aede9-0129-47b2-937c-94eb89a7d0d8,管道巨头,True,16,13.0,87.0,0,0,0.91,26.94,1,3,10.65,-12.54
2,2b6b23bb-e7cd-46fd-b899-a0a9e3a96237,438bcce8-4e5c-401e-b640-9593bfb14368,咖啡起源,True,16,0.0,100.0,0,0,2.8,25.44,4,4,10.79,-11.53
2,2b6b23bb-e7cd-46fd-b899-a0a9e3a96237,45ade8e1-b205-4af3-86af-8250a7841af4,麦加朝圣,True,16,11.0,90.0,0,0,1.8,25.62,3,3,13.39,-11.94
2,2b6b23bb-e7cd-46fd-b899-a0a9e3a96237,45bfbd60-df67-43c9-9d4a-b721c3b9ded4,Medina之光,True,16,1.19,90.5,0,0,3.99,26.38,1,3,9.99,-11.0
2,2b6b23bb-e7cd-46fd-b899-a0a9e3a96237,45e56362-3964-4c3e-8f54-f651ae5c735a,水晶石透,True,17,0.0,91.18,0,0,4.17,24.88,5,3,6.06,-10.53
2,2b6b23bb-e7cd-46fd-b899-a0a9e3a96237,461cbc97-34f7-4cc7-98c0-f5057949a243,五人制王,True,16,0.0,99.94,0,0,6.27,24.19,5,1,10.63,-7.77
2,2b6b23bb-e7cd-46fd-b899-a0a9e3a96237,4a8567a0-344b-4573-a764-34d83833628f,雪虎踏山,True,17,0.0,100.0,0,0,0.82,26.47,4,3,13.34,-11.39
2,2b6b23bb-e7cd-46fd-b899-a0a9e3a96237,4a946e10-f770-42df-a073-e0ff24ad6c3f,烈焰红唇,True,16,15.0,85.0,0,0,6.87,24.12,4,1,10.11,-10.19
2,2b6b23bb-e7cd-46fd-b899-a0a9e3a96237,4a9502a1-912e-4f71-b915-f14f10dc76a2,安第斯山,True,17,10.71,90.12,0,0,2.01,24.82,4,2,6.84,-12.44
2,2b6b23bb-e7cd-46fd-b899-a0a9e3a96237,4bf730ae-744d-4cf9-bfed-069e72cb7222,中原飞虎,True,15,13.0,87.87,0,0,5.43,24.4,5,2,9.77,-10.65
2,2b6b23bb-e7cd-46fd-b899-a0a9e3a96237,4cdd75e5-7d1a-4faa-ba6e-b467d791430a,快乐足球,True,17,0.0,98.0,0,0,1.06,26.35,3,4,11.3,-12.2
2,2b6b23bb-e7cd-46fd-b899-a0a9e3a96237,4d69f07c-49fa-4fc4-871e-38f57ee93c13,美丽游戏,True,17,4.41,94.71,0,0,2.27,25.06,5,3,14.05,-11.04
2,2b6b23bb-e7cd-46fd-b899-a0a9e3a96237,4d8043ee-95c3-43c9-9652-ff2812f0b778,紫气东来,True,17,0.0,98.24,0,0,5.9,23.65,8,3,11.43,-12.38
2,2b6b23bb-e7cd-46fd-b899-a0a9e3a96237,4e73d656-18e4-47b7-839f-d07b94c13336,莫莫之王,True,16,10.31,90.62,0,0,6.01,24.25,6,1,14.09,-10.96
2,2b6b23bb-e7cd-46fd-b899-a0a9e3a96237,4eb8d514-91aa-49bb-a361-7b52f7960471,奥格斯堡,True,17,0.0,100.0,0,0,1.39,25.88,3,4,10.34,-9.63
2,2b6b23bb-e7cd-46fd-b899-a0a9e3a96237,4f4050d5-a81e-4f2c-9fe4-3b691e3a8bb3,床单军团,True,16,9.62,91.25,0,0,3.86,24.06,7,2,9.94,-12.85
2,2b6b23bb-e7cd-46fd-b899-a0a9e3a96237,52ac1303-aa48-47c0-abfc-e1565cd83a2c,小辣椒莱,True,16,0.0,100.0,0,0,6.53,25.0,2,1,12.78,-12.56
2,2b6b23bb-e7cd-46fd-b899-a0a9e3a96237,546f1283-41ba-44fc-8ae4-c2f349eab730,铁甲战狮,True,16,0.0,100.0,0,0,4.01,24.75,4,2,7.84,-11.34
2,2b6b23bb-e7cd-46fd-b899-a0a9e3a96237,55d3b2ad-6730-4fdb-9a5e-3fa20c0ee991,布宜诺斯,True,17,14.0,85.88,0,0,-1.32,27.0,2,4,8.45,-10.98
2,2b6b23bb-e7cd-46fd-b899-a0a9e3a96237,5607bb46-3924-4699-a221-28b6e75fb2ee,智利红酒,True,17,0.0,100.0,0,0,-2.43,26.82,3,4,11.76,-12.51
2,2b6b23bb-e7cd-46fd-b899-a0a9e3a96237,56110445-240a-45bb-8e2f-1dee3d3e7825,金鹰破晓,True,16,17.19,83.69,0,0,-0.3,26.88,2,6,2.02,-8.47
2,2b6b23bb-e7cd-46fd-b899-a0a9e3a96237,564a5213-4a71-4545-bd52-b2958bcdcb5c,苍穹雄鹰,True,17,10.71,90.12,0,0,1.8,25.59,7,5,10.21,-9.99
2,2b6b23bb-e7cd-46fd-b899-a0a9e3a96237,56a4d6dd-79ee-4536-bf12-9873eff15482,寒冰领域,True,17,0.0,100.0,0,0,8.27,23.18,6,1,9.02,-12.51
2,2b6b23bb-e7cd-46fd-b899-a0a9e3a96237,576a1500-e80b-488e-84a4-4d30d5c9f8e2,萨尔瓦多,True,16,13.0,87.0,0,0,11.0,23.94,5,1,18.1,-11.82
2,2b6b23bb-e7cd-46fd-b899-a0a9e3a96237,58c7685d-d70a-4db2-ba81-82ec60565630,流水无痕,True,16,0.0,100.0,0,0,5.96,24.25,6,2,13.95,-11.76
2,2b6b23bb-e7cd-46fd-b899-a0a9e3a96237,595645b3-210a-45b7-9719-8194d843afcc,桑巴学校,True,17,9.71,91.18,0,0,6.0,24.06,6,1,11.16,-5.67
2,2b6b23bb-e7cd-46fd-b899-a0a9e3a96237,59ddcaef-f19f-464e-b647-87378c8e0340,炼油大师,True,17,0.0,100.0,0,0,1.52,24.24,5,2,5.15,-11.85
2,2b6b23bb-e7cd-46fd-b899-a0a9e3a96237,5d26cab3-5840-4ddc-911e-96966cd04aed,幽冥鬼狼,True,16,0.0,100.0,0,0,0.92,25.44,4,2,8.4,-13.11
2,2b6b23bb-e7cd-46fd-b899-a0a9e3a96237,5d916859-a4e4-4f4e-b5f5-183e781c1b9f,云豹穿林,True,17,12.24,87.76,0,0,3.73,24.94,3,2,11.57,-10.38
2,2b6b23bb-e7cd-46fd-b899-a0a9e3a96237,5dbc0c0c-5cae-47c9-b6cb-c56edc170a86,南海蛟龙,True,17,17.65,82.53,0,0,2.94,24.71,4,2,8.05,-10.98
2,2b6b23bb-e7cd-46fd-b899-a0a9e3a96237,5e79a306-a1b5-4379-a96b-59bc3b243b7f,桑巴舞者,True,17,0.0,100.0,0,0,4.15,23.82,7,3,9.32,-8.75
2,2b6b23bb-e7cd-46fd-b899-a0a9e3a96237,5edb33b0-4b3b-48b7-bddd-2f6b9065fd7b,金字塔尖,True,16,0.0,100.0,0,0,6.25,24.88,3,2,12.93,-8.05
2,2b6b23bb-e7cd-46fd-b899-a0a9e3a96237,6060f7cb-6bbf-4c2f-b3fc-230422f4ac95,清真美食,True,17,0.0,100.0,0,0,2.2,25.59,4,3,10.52,-12.43
2,2b6b23bb-e7cd-46fd-b899-a0a9e3a96237,60a04a4b-6df1-4e32-a7bc-68776a385a86,设拉子酒,True,16,0.0,98.0,0,0,3.62,25.69,2,1,10.72,-12.27
2,2b6b23bb-e7cd-46fd-b899-a0a9e3a96237,61ab2691-a159-4e1a-a1d7-4a16c903ab94,沙漠玫瑰,True,17,10.35,90.59,0,0,0.22,26.41,5,6,12.74,-9.47
2,2b6b23bb-e7cd-46fd-b899-a0a9e3a96237,620ab27f-f4c9-484d-ad85-b88180b2bf58,马里帝国,True,17,0.0,100.0,0,0,3.37,25.82,2,3,8.57,-9.34
2,2b6b23bb-e7cd-46fd-b899-a0a9e3a96237,623c06a9-a30a-4bd4-8e29-48f10df92c69,那不勒斯,True,16,0.0,91.25,0,0,2.49,24.31,5,2,6.94,-12.3
2,2b6b23bb-e7cd-46fd-b899-a0a9e3a96237,6389f794-4ebc-4cd5-a507-216bfbad5745,马丘比丘,True,16,0.0,100.0,0,0,-0.09,26.12,5,4,12.79,-14.42
2,2b6b23bb-e7cd-46fd-b899-a0a9e3a96237,6493de21-509e-4109-afcf-ce60120ae37d,里约狂欢,True,17,0.0,100.0,0,0,3.11,25.0,7,4,8.9,-10.14
2,2b6b23bb-e7cd-46fd-b899-a0a9e3a96237,676a5416-929a-4ae2-aaea-2adafe7e7f70,丝路驼铃,True,17,0.88,97.53,0,0,4.47,25.41,3,4,5.28,-9.83
2,2b6b23bb-e7cd-46fd-b899-a0a9e3a96237,68694a58-7731-42d2-8dcf-c6f25948a2af,马穆鲁克,True,17,0.0,98.35,0,0,7.53,23.24,6,1,8.35,0.17
2,2b6b23bb-e7cd-46fd-b899-a0a9e3a96237,68bf5a52-1c38-4b6c-b3e4-4ab1b7c50cfe,东北虎啸,True,17,14.12,85.88,0,0,6.55,24.0,6,3,10.9,-11.99
2,2b6b23bb-e7cd-46fd-b899-a0a9e3a96237,6907c429-2dbb-4fbc-9055-1164a7af9ffa,银龙出海,True,17,0.0,100.0,0,0,2.55,25.06,5,2,7.55,-11.12
2,2b6b23bb-e7cd-46fd-b899-a0a9e3a96237,694d2373-8e8d-498c-a51f-90db06f1ff51,蓝衣军团,True,16,7.5,92.5,0,0,1.13,26.5,4,6,8.3,-10.73
2,2b6b23bb-e7cd-46fd-b899-a0a9e3a96237,6a5387c1-7798-4d0b-aef5-87865e2df24f,伊斯法罕,True,17,0.88,94.65,0,0,5.59,25.29,4,3,11.54,-9.57
2,2b6b23bb-e7cd-46fd-b899-a0a9e3a96237,6b4393e6-c532-409b-be86-40c3930ee94b,红宝石矿,True,17,0.0,100.0,0,0,6.58,23.35,7,0,9.18,0.0
2,2b6b23bb-e7cd-46fd-b899-a0a9e3a96237,6cce5283-6611-4cb8-8b9d-a747fb9a7b5d,华南虎威,True,16,0.0,100.0,0,0,0.83,26.19,2,4,8.48,-10.45
2,2b6b23bb-e7cd-46fd-b899-a0a9e3a96237,6e4c18ef-22ee-42dc-996a-5d28e2e51aed,大马士革,True,16,9.62,91.25,0,0,5.68,24.75,4,3,6.55,-10.81
2,2b6b23bb-e7cd-46fd-b899-a0a9e3a96237,6faf8572-3a96-4145-b8f5-3b8304fc486f,白虎啸天,True,16,13.12,86.88,0,0,2.14,25.31,4,3,7.35,-11.91
2,2b6b23bb-e7cd-46fd-b899-a0a9e3a96237,71c88dd9-84d5-4415-8a2e-0393e0a55b8d,铁锤帮西汉,True,17,13.24,87.65,0,0,5.15,24.29,5,3,9.2,-10.43
2,2b6b23bb-e7cd-46fd-b899-a0a9e3a96237,727ee9ce-e0e3-48c4-95a3-c8c8e3976150,金刚鹦鹉,True,16,4.0,95.0,0,0,1.12,25.38,4,1,13.14,-13.43
2,2b6b23bb-e7cd-46fd-b899-a0a9e3a96237,7362d4e1-093b-469d-b35c-3b9df1e7f633,斗牛士团,True,16,0.0,98.0,0,0,4.92,24.31,5,0,13.24,0.0
2,2b6b23bb-e7cd-46fd-b899-a0a9e3a96237,73ad676d-fae2-4a8a-b69d-06d881cb694c,撒哈拉南,True,17,0.0,98.24,0,0,2.89,26.0,5,5,8.71,-9.27
2,2b6b23bb-e7cd-46fd-b899-a0a9e3a96237,76ea894a-a987-4cc7-84b6-efbaa896d142,维多利亚,True,16,14.0,86.88,0,0,2.89,25.12,5,3,8.11,-11.77
2,2b6b23bb-e7cd-46fd-b899-a0a9e3a96237,77c184eb-17cd-4a60-b1ef-d2d25d067708,绿松石绿,True,15,13.0,87.87,0,0,-2.02,26.07,4,3,7.54,-10.04
2,2b6b23bb-e7cd-46fd-b899-a0a9e3a96237,7987e549-b84a-4aa9-9c81-9eb88cd8e9ab,萨拉丁军,True,16,9.38,89.69,0,0,4.52,24.38,4,3,9.64,-10.91
2,2b6b23bb-e7cd-46fd-b899-a0a9e3a96237,79ff5611-2f63-4a90-9948-420586063a5f,白虹贯日,True,17,0.0,100.0,0,0,1.21,25.47,5,4,8.31,-9.44
2,2b6b23bb-e7cd-46fd-b899-a0a9e3a96237,7afb3a3e-6663-4edc-b70c-e13ed8981547,金虎啸月,True,16,0.5,99.5,0,0,-0.79,26.25,3,3,7.47,-9.08
2,2b6b23bb-e7cd-46fd-b899-a0a9e3a96237,7b0ab1d7-80c9-4fc1-a7d0-99de970e3d88,星月传奇,True,17,16.0,84.0,0,0,2.17,25.59,5,6,12.4,-10.02
2,2b6b23bb-e7cd-46fd-b899-a0a9e3a96237,7d71e69b-29f1-4c7d-8de4-bc6a2dccf449,朱雀焚霞,True,17,14.12,85.88,0,0,0.51,25.82,4,3,8.68,-10.97
2,2b6b23bb-e7cd-46fd-b899-a0a9e3a96237,7dc1a3a9-470b-4a15-af2b-fed9f7ca88a6,十字军东,True,17,0.0,100.0,0,0,1.41,26.12,3,5,9.62,-8.97
2,2b6b23bb-e7cd-46fd-b899-a0a9e3a96237,7dc3c021-193d-416e-bc57-45e6d3ed8e01,非洲雄狮,True,16,0.0,100.0,0,0,-0.43,26.12,3,5,5.79,-11.85
2,2b6b23bb-e7cd-46fd-b899-a0a9e3a96237,7fb53f55-06b4-4131-a874-be848d281649,峨眉女侠,True,17,0.0,100.0,0,0,2.95,25.71,4,4,11.92,-10.96
2,2b6b23bb-e7cd-46fd-b899-a0a9e3a96237,80130085-d12e-47ab-81f1-c0b8fa674a06,街球之王,True,17,14.12,86.82,0,0,4.61,25.47,4,3,13.64,-10.03
2,2b6b23bb-e7cd-46fd-b899-a0a9e3a96237,8346aebc-cac4-49bf-a1e2-6fdf6fdc9a60,飓风之眼,True,17,0.0,100.0,0,0,6.22,25.12,3,3,16.25,-11.59
2,2b6b23bb-e7cd-46fd-b899-a0a9e3a96237,84567e7d-096b-4367-b958-4abdbaecad31,乞力马扎,True,16,14.88,85.12,0,0,4.37,24.56,4,5,6.66,-8.52
2,2b6b23bb-e7cd-46fd-b899-a0a9e3a96237,86036b21-4fa9-47dc-a2fd-9728e0e18feb,红黑恶魔,True,17,0.0,100.0,0,0,5.92,24.47,4,1,10.7,-12.05
2,2b6b23bb-e7cd-46fd-b899-a0a9e3a96237,8698b7c7-8ee5-457a-beff-b198b61d6c98,南部之星,True,16,0.0,100.0,0,0,4.99,25.38,5,3,13.93,-12.46
2,2b6b23bb-e7cd-46fd-b899-a0a9e3a96237,8705046a-c699-4ed3-a2a3-bbb9e40e06b3,双峰巨驼,True,16,10.31,90.62,0,0,0.64,26.06,4,4,11.32,-11.32
2,2b6b23bb-e7cd-46fd-b899-a0a9e3a96237,8900177a-c5ca-40ad-bc40-e240fd6f2d9e,巨象踏天,True,17,0.0,100.0,0,0,3.34,25.65,3,3,8.57,-13.16
2,2b6b23bb-e7cd-46fd-b899-a0a9e3a96237,89bd5a4e-fd08-4203-b76e-a76e5e40e750,驼峰运输,True,17,17.65,82.35,0,0,7.49,23.41,7,1,9.78,-12.81
2,2b6b23bb-e7cd-46fd-b899-a0a9e3a96237,8be9eaf8-038f-4155-ab53-13acbff4a34e,凤凰涅槃,True,16,8.0,92.0,0,0,7.54,24.62,6,1,17.69,-8.61
2,2b6b23bb-e7cd-46fd-b899-a0a9e3a96237,8c09e83c-4838-4d81-ac1d-2fc8970b5996,华山剑客,True,17,0.0,100.0,0,0,4.07,24.47,7,3,11.11,-10.88
2,2b6b23bb-e7cd-46fd-b899-a0a9e3a96237,8c4bd183-3537-499a-a857-36da5ee3fcb8,天方夜谭,True,16,0.0,98.0,0,0,3.81,25.06,5,3,12.45,-11.12
2,2b6b23bb-e7cd-46fd-b899-a0a9e3a96237,8d55034d-d964-4216-a678-6b492b254d3a,金狼逐日,True,16,0.0,100.0,0,0,3.56,25.38,5,3,14.29,-11.51
2,2b6b23bb-e7cd-46fd-b899-a0a9e3a96237,90127a81-e457-4c9d-9981-9a1d54ee9dc9,石油大亨,True,17,14.12,85.88,0,0,6.38,24.24,5,2,10.26,-9.63
2,2b6b23bb-e7cd-46fd-b899-a0a9e3a96237,902585f2-0a29-457b-a8a7-6231e080c089,辛巴达航,True,16,0.0,100.0,0,0,0.42,26.19,4,4,9.74,-7.44
2,2b6b23bb-e7cd-46fd-b899-a0a9e3a96237,9192b63a-62eb-41f8-8294-4e8ed7b21cc4,银狼啸天,True,17,0.0,100.0,0,0,4.75,24.53,6,2,13.88,-12.1
2,2b6b23bb-e7cd-46fd-b899-a0a9e3a96237,93d4a341-f696-4847-9963-39f49030f4c9,太妃糖埃弗,True,17,0.0,93.41,0,0,2.41,25.06,7,3,10.01,-9.43
2,2b6b23bb-e7cd-46fd-b899-a0a9e3a96237,93f33371-f5bd-4f80-8652-b48419599822,雪山神鹰,True,17,16.0,75.53,0,0,6.05,23.82,6,0,12.0,0.0
2,2b6b23bb-e7cd-46fd-b899-a0a9e3a96237,95d02f9a-0c37-49b7-9a61-518ac5f7ef2c,复活节岛,True,16,0.0,100.0,0,0,4.64,25.12,5,3,9.55,-9.36
2,2b6b23bb-e7cd-46fd-b899-a0a9e3a96237,95e4042e-52de-4df6-b5c9-7bc15fe0e2c6,库尔德勇,True,16,1.62,95.0,0,0,0.25,26.56,2,4,10.64,-9.91
2,2b6b23bb-e7cd-46fd-b899-a0a9e3a96237,97bd3ccc-820c-47fd-8ff0-1acbd2dd5b90,水蟒巨蛇,True,17,18.82,82.12,0,0,2.81,25.65,4,4,8.66,-11.99
2,2b6b23bb-e7cd-46fd-b899-a0a9e3a96237,985d0af0-92b6-4101-a859-b4b3ade0c9c4,少林武僧,True,17,17.65,82.35,0,0,0.39,26.41,4,6,12.05,-11.6
2,2b6b23bb-e7cd-46fd-b899-a0a9e3a96237,98d30838-3492-4b0c-8322-4314995bd393,一千零一夜,True,17,14.0,86.0,0,0,2.14,25.12,8,4,10.72,-10.15
2,2b6b23bb-e7cd-46fd-b899-a0a9e3a96237,99300516-f774-4dff-8748-c4f8fa826f46,阿根廷梦,True,16,0.0,100.0,0,0,0.71,25.94,4,5,7.84,-10.6
2,2b6b23bb-e7cd-46fd-b899-a0a9e3a96237,998ee0cd-7f64-4845-9225-151320635338,赫塔菲蓝,True,17,0.0,100.0,0,0,1.77,26.12,2,3,7.38,-10.78
2,2b6b23bb-e7cd-46fd-b899-a0a9e3a96237,99b60819-3bb0-4ea6-a313-e0e25f54fe6b,沙漠商队,True,16,0.0,100.0,0,0,-0.77,27.81,1,5,4.87,-10.51
2,2b6b23bb-e7cd-46fd-b899-a0a9e3a96237,9a5d0d3c-b55b-4916-a8b2-f1259690c986,祖鲁战士,True,17,17.65,83.24,0,0,7.44,24.59,2,1,2.7,-12.56
2,2b6b23bb-e7cd-46fd-b899-a0a9e3a96237,9b967cfb-d53b-40d1-bafa-aa907b8d0163,凯门鳄凶,True,16,15.0,85.0,0,0,4.61,25.62,1,2,11.46,-13.6
2,2b6b23bb-e7cd-46fd-b899-a0a9e3a96237,9bbd18bf-ab3c-443c-9ff6-e552d4f5fef6,蓝军切尔西,True,17,0.0,96.06,0,0,2.79,25.35,4,1,12.15,-8.13
2,2b6b23bb-e7cd-46fd-b899-a0a9e3a96237,9c415d32-dffa-4665-a9dd-71efc490b763,清真寺塔,True,16,0.0,100.0,0,0,3.86,25.56,3,3,14.82,-11.84
2,2b6b23bb-e7cd-46fd-b899-a0a9e3a96237,9cd1ad3c-d8fb-4218-a634-2488d4756d21,尼罗河神,True,16,0.0,100.0,0,0,1.89,26.44,1,5,3.03,-10.27
2,2b6b23bb-e7cd-46fd-b899-a0a9e3a96237,9d7bbfa0-9c00-41c4-a6a5-846ae2fdfac4,阿拉伯舞,True,16,0.0,100.0,0,0,3.74,25.38,5,4,11.56,-11.56
2,2b6b23bb-e7cd-46fd-b899-a0a9e3a96237,9d8b1cbe-4b94-4e17-9c47-a4a902b851d7,非洲大象,True,16,0.0,100.0,0,0,3.3,24.75,5,4,6.29,-8.28
2,2b6b23bb-e7cd-46fd-b899-a0a9e3a96237,9df8fe36-708a-48f0-907f-d29e4b838083,足球精灵,True,16,0.0,100.0,0,0,4.42,26.06,1,3,14.75,-11.23
2,2b6b23bb-e7cd-46fd-b899-a0a9e3a96237,a0a40c58-92e7-4ee8-a1bd-d2ea7bfe8908,薛西斯军,True,17,0.0,100.0,0,0,3.7,25.94,4,3,10.83,-8.84
2,2b6b23bb-e7cd-46fd-b899-a0a9e3a96237,a0c9921b-5fca-46a9-9356-3fc9360e0253,祖母绿光,True,17,0.0,100.0,0,0,3.47,25.65,3,4,5.46,-10.44
2,2b6b23bb-e7cd-46fd-b899-a0a9e3a96237,a2332c17-c381-4780-b589-94c4f12f1991,克鲁格园,True,16,14.06,86.88,0,0,3.36,25.44,5,3,11.9,-10.1
2,2b6b23bb-e7cd-46fd-b899-a0a9e3a96237,a28c9ba2-440b-487e-bbf2-ccc2d2cfb323,飞驴切沃,True,16,13.12,87.75,0,0,1.38,25.62,5,5,8.48,-10.62
2,2b6b23bb-e7cd-46fd-b899-a0a9e3a96237,a4bd10dd-8eb2-4436-af34-ca71729a7606,美因茨红,True,16,0.0,100.0,0,0,1.3,24.94,5,3,5.42,-9.31
2,2b6b23bb-e7cd-46fd-b899-a0a9e3a96237,a4c7a0b3-a574-48a6-8f5b-e87bf47b17bd,药厂勒沃,True,16,12.19,88.75,0,0,5.35,24.81,2,1,7.46,-9.86
2,2b6b23bb-e7cd-46fd-b899-a0a9e3a96237,a513e312-2947-41ac-8191-76c13178ef90,沙漠孤鹰,True,16,0.0,94.75,0,0,4.38,25.06,4,3,9.64,-9.99
2,2b6b23bb-e7cd-46fd-b899-a0a9e3a96237,a5671302-f5d6-497a-ae3f-c39c2f4eead3,日耳曼战,True,16,0.0,100.0,0,0,4.6,24.38,4,2,12.03,-13.95
2,2b6b23bb-e7cd-46fd-b899-a0a9e3a96237,a729c9b9-d105-471a-bb71-ffd3bf626fbf,麒麟踏云,True,17,0.0,100.0,0,0,2.83,25.24,2,2,6.18,-13.68
2,2b6b23bb-e7cd-46fd-b899-a0a9e3a96237,a77b1305-eb69-4e84-a3b0-a68c1ed073e5,红魔曼联,True,17,14.12,86.82,0,0,2.91,25.41,5,4,12.15,-10.41
2,2b6b23bb-e7cd-46fd-b899-a0a9e3a96237,a7997283-358e-4c86-bb5c-1bbe865b736a,农场主富勒,True,17,0.0,100.0,0,0,2.92,25.71,4,3,8.37,-10.05
2,2b6b23bb-e7cd-46fd-b899-a0a9e3a96237,a8b4d912-316d-4247-a375-5237b6dd9517,青龙偃月,True,16,18.75,81.25,0,0,9.36,23.31,4,0,11.02,0.0
2,2b6b23bb-e7cd-46fd-b899-a0a9e3a96237,a8daeebf-77a6-467b-af74-82520b31d1df,食蚁兽长,True,16,12.19,88.75,0,0,5.82,24.94,2,2,6.92,-6.75
2,2b6b23bb-e7cd-46fd-b899-a0a9e3a96237,a8f5236d-ed25-4d79-9fbc-2a6e237590f4,阿里巴巴,True,16,1.75,97.5,0,0,-2.07,27.88,2,7,18.26,-11.94
2,2b6b23bb-e7cd-46fd-b899-a0a9e3a96237,a9abf299-7238-49ce-9147-f3a64cc2ce1b,公牛都灵,True,16,15.31,85.56,0,0,2.42,25.75,4,5,12.36,-11.8
2,2b6b23bb-e7cd-46fd-b899-a0a9e3a96237,a9b5b0e7-7b38-4883-8a10-f08b6e204fd0,狼堡沃尔夫,True,17,0.0,100.0,0,0,3.56,25.53,4,5,7.83,-11.7
2,2b6b23bb-e7cd-46fd-b899-a0a9e3a96237,a9e2ee7c-196e-406b-8a61-7a12de641391,猫眼石闪,True,17,9.71,91.18,0,0,3.17,25.88,4,5,10.65,-8.97
2,2b6b23bb-e7cd-46fd-b899-a0a9e3a96237,aac28b58-decc-4ebb-b817-1a1b4b7ed73a,阿拉维斯,True,17,12.88,83.88,0,0,6.07,24.88,3,3,9.01,-10.24
2,2b6b23bb-e7cd-46fd-b899-a0a9e3a96237,aadbd3a9-b5b8-40b3-bc10-fa7795c32060,蜜蜂布伦特,True,16,0.0,100.0,0,0,5.5,25.31,3,2,11.41,-11.2
2,2b6b23bb-e7cd-46fd-b899-a0a9e3a96237,ad25703e-0053-415e-8523-0d2730ac9365,狼队伍尔弗,True,17,13.24,87.65,0,0,9.42,23.06,5,0,7.94,0.0
2,2b6b23bb-e7cd-46fd-b899-a0a9e3a96237,ad44aa92-5680-4336-b85b-25d37bcc796f,大黄蜂多,True,16,6.0,93.0,0,0,5.34,25.19,2,2,12.67,-11.23
2,2b6b23bb-e7cd-46fd-b899-a0a9e3a96237,ae6dc05a-edf4-460a-8f15-00a7210e38db,老鹰水晶宫,True,16,11.38,89.5,0,0,4.47,25.0,4,2,9.09,-8.94
2,2b6b23bb-e7cd-46fd-b899-a0a9e3a96237,ae87bcfc-d77a-4910-8d64-9fc17100da25,角马迁徙,True,16,0.0,98.5,0,0,3.03,26.56,1,4,10.21,-10.16
2,2b6b23bb-e7cd-46fd-b899-a0a9e3a96237,af0a19de-6d42-4cff-8708-16eb0a12603c,马略卡岛,True,17,16.94,84.0,0,0,-2.48,28.0,2,8,7.37,-11.0
2,2b6b23bb-e7cd-46fd-b899-a0a9e3a96237,b04ea948-66e6-4998-863f-bcbc9927f0c7,食人鱼群,True,17,0.0,100.0,0,0,4.98,25.29,3,2,7.81,-9.11
2,2b6b23bb-e7cd-46fd-b899-a0a9e3a96237,b324d8ce-d613-460e-87db-74ad94d92d35,枪手兵工厂,True,17,0.0,100.0,0,0,5.22,24.65,5,2,9.18,-9.76
2,2b6b23bb-e7cd-46fd-b899-a0a9e3a96237,b4107dca-e269-4f3a-8ab1-a36b3e309113,红军利物浦,True,16,11.38,89.5,0,0,-0.4,26.44,3,5,12.1,-11.14
2,2b6b23bb-e7cd-46fd-b899-a0a9e3a96237,b4921016-e7cb-4a6a-b6b1-be4c5a053f7b,青云直上,True,17,11.47,89.41,0,0,6.89,24.76,4,2,7.25,-12.3
2,2b6b23bb-e7cd-46fd-b899-a0a9e3a96237,b60163ef-97d5-4976-8fed-85ae5dfc5b3f,塞尔塔天,True,16,16.69,72.5,0,0,8.6,23.75,4,2,11.84,-9.92
2,2b6b23bb-e7cd-46fd-b899-a0a9e3a96237,b6d8396d-19f1-4386-88e0-93a3818eef4a,斑马条纹,True,17,16.94,84.0,0,0,4.67,23.94,6,3,9.66,-9.04
2,2b6b23bb-e7cd-46fd-b899-a0a9e3a96237,b6dd5442-7f02-480a-9abd-e47600d0cfe6,金石为开,True,17,13.24,86.76,0,0,4.01,24.41,6,3,9.54,-11.9
2,2b6b23bb-e7cd-46fd-b899-a0a9e3a96237,b757ce5d-d52d-4f60-93fe-8f5613340a47,乌拉圭牛,True,16,0.0,98.0,0,0,0.44,26.19,3,5,13.4,-12.63
2,2b6b23bb-e7cd-46fd-b899-a0a9e3a96237,b77ab317-4751-4e3a-aca1-21cad5ef5341,狂熊撼地,True,17,16.0,84.0,0,0,4.57,25.18,4,2,10.27,-12.35
2,2b6b23bb-e7cd-46fd-b899-a0a9e3a96237,b9010125-c177-46f0-ac56-eda4ec51d4f8,红尘滚滚,True,17,12.24,88.71,0,0,2.76,25.71,5,4,12.63,-11.14
2,2b6b23bb-e7cd-46fd-b899-a0a9e3a96237,b9155ad9-e3b9-436a-af60-85e08ee184d9,钢铁柏林,True,16,0.0,98.12,0,0,6.61,24.69,3,2,14.35,-10.24
2,2b6b23bb-e7cd-46fd-b899-a0a9e3a96237,bc4fdf86-d4fc-406e-b527-32b06cd5f360,印加帝国,True,17,14.12,86.82,0,0,2.12,25.94,3,6,11.17,-9.57
2,2b6b23bb-e7cd-46fd-b899-a0a9e3a96237,bca64a9c-5aa4-4b59-a840-dccca22ca4ec,美洲豹王,True,16,7.5,92.5,0,0,6.95,24.25,3,0,10.2,0.0
2,2b6b23bb-e7cd-46fd-b899-a0a9e3a96237,be2cac80-28c9-42b2-b208-fe897bc8bf38,紫电鹰扬,True,16,12.19,88.75,0,0,4.33,25.06,3,2,9.83,-9.66
2,2b6b23bb-e7cd-46fd-b899-a0a9e3a96237,bff686b7-f43b-4ee6-ab47-65f08e42f3e7,闪电杰尼,False,15,0.0,100.0,0,0,-2.12,27.6,2,6,12.32,-11.95
2,2b6b23bb-e7cd-46fd-b899-a0a9e3a96237,c2e849d6-e49c-42a2-aded-da25324efa95,潘帕斯草,True,16,13.12,87.75,0,0,4.84,25.31,3,1,13.45,-15.26
2,2b6b23bb-e7cd-46fd-b899-a0a9e3a96237,c3a306c8-0370-4557-b17a-8cdc9b246873,金毛狮王,True,16,14.06,86.88,0,0,4.09,24.75,5,3,10.61,-8.51
2,2b6b23bb-e7cd-46fd-b899-a0a9e3a96237,c567348e-56d2-41b5-b3bf-f12c1877cf25,绿茵魔术师,True,16,14.06,86.88,0,0,5.29,24.69,6,2,12.7,-4.96
2,2b6b23bb-e7cd-46fd-b899-a0a9e3a96237,c5695aa8-498f-413e-b73b-3d10e4c4ffff,蝙蝠军团,True,16,15.0,86.0,0,0,7.1,24.62,1,1,14.18,-13.29
2,2b6b23bb-e7cd-46fd-b899-a0a9e3a96237,c866a5c5-bf7f-4657-927d-b32818896bd3,马赛勇士,True,17,0.0,100.0,0,0,5.38,24.76,5,5,13.56,-8.64
2,2b6b23bb-e7cd-46fd-b899-a0a9e3a96237,c8c72df5-e356-4b13-8e8f-ec88b7674dd2,紫百合佛,True,15,16.0,84.8,0,0,5.5,22.93,6,1,6.61,-12.47
2,2b6b23bb-e7cd-46fd-b899-a0a9e3a96237,c9103d51-f0d0-4508-bbbc-cd0e215b80cb,三狮军团,True,17,11.47,89.41,0,0,2.84,25.76,6,5,9.66,-10.53
2,2b6b23bb-e7cd-46fd-b899-a0a9e3a96237,c94a55b6-39c8-4129-81c7-f3b325e407be,沙漠之舟,True,16,16.88,85.0,0,0,0.6,26.06,5,5,11.03,-10.92
2,2b6b23bb-e7cd-46fd-b899-a0a9e3a96237,c9dd425d-59a1-4fa5-83c9-4b7ce2f7f429,巴塔哥尼,True,16,0.0,100.0,0,0,5.33,25.5,4,3,13.95,-10.34
2,2b6b23bb-e7cd-46fd-b899-a0a9e3a96237,cce953b5-24b2-4111-b169-c7ee24250baa,塞维利业,True,17,0.0,98.35,0,0,2.8,24.65,5,3,6.77,-13.83
2,2b6b23bb-e7cd-46fd-b899-a0a9e3a96237,ced36a6a-ff76-4d6e-b530-155bef975c6f,纳斯卡线,True,17,14.12,85.88,0,0,8.2,24.0,3,1,9.37,-12.73
2,2b6b23bb-e7cd-46fd-b899-a0a9e3a96237,cf38b978-2024-45a7-8f20-99dfe99fa0b8,格拉纳达,True,16,0.0,100.0,0,0,4.34,24.44,4,2,4.13,-10.37
2,2b6b23bb-e7cd-46fd-b899-a0a9e3a96237,cfbaab7e-1b94-4a03-b11d-ffe126ca94ae,刚果雨林,True,17,0.0,100.0,0,0,-0.04,26.06,6,5,9.33,-10.43
2,2b6b23bb-e7cd-46fd-b899-a0a9e3a96237,d05a7cac-77cc-4fa9-8eba-d3db36881a4f,矿工沙尔,True,16,2.0,95.0,0,0,-2.59,27.88,2,6,12.88,-12.02
2,2b6b23bb-e7cd-46fd-b899-a0a9e3a96237,d1528662-c97b-4af7-ab2f-e98b795cdda4,斯图加特,True,16,0.0,98.12,0,0,1.52,25.0,6,4,10.87,-10.89
2,2b6b23bb-e7cd-46fd-b899-a0a9e3a96237,d1c0d939-c777-4a8e-b87d-ede88c6e6abe,火狼焚原,True,16,18.19,82.0,0,0,2.85,25.88,3,5,16.56,-10.17
2,2b6b23bb-e7cd-46fd-b899-a0a9e3a96237,d20dd201-3871-43d1-afee-f407f87659b4,居鲁士帝,True,16,0.0,99.25,0,0,5.15,25.06,3,1,13.87,-8.4
2,2b6b23bb-e7cd-46fd-b899-a0a9e3a96237,d3286bd6-52f2-4571-afb5-cd2c361ab8ab,阿拉丁灯,True,16,0.0,100.0,0,0,8.22,23.88,6,1,14.21,-10.45
2,2b6b23bb-e7cd-46fd-b899-a0a9e3a96237,d3b66902-aa7c-408c-a3a8-2343ebc9cbe0,犀牛冲撞,True,16,0.0,98.25,0,0,-1.7,26.81,4,6,8.0,-11.12
2,2b6b23bb-e7cd-46fd-b899-a0a9e3a96237,d4b06680-c802-4b4f-8fd1-33bea289ade2,西海金龙,True,17,14.12,85.88,0,0,3.81,24.94,5,3,9.49,-10.42
2,2b6b23bb-e7cd-46fd-b899-a0a9e3a96237,d69d7488-960a-4778-a79c-a0330172ef4a,绿白贝蒂,True,16,0.0,100.0,0,0,3.95,25.5,4,4,13.92,-11.21
2,2b6b23bb-e7cd-46fd-b899-a0a9e3a96237,d871b731-c80d-4872-b5b2-59a8a7b126ee,圣保罗彩,True,17,16.94,84.94,0,0,2.82,25.0,3,2,7.99,-12.52
2,2b6b23bb-e7cd-46fd-b899-a0a9e3a96237,d89a5197-5cc5-4e06-971e-c198e16e5d18,桑布露族,True,17,0.0,100.0,0,0,1.65,25.82,2,2,7.0,-12.22
2,2b6b23bb-e7cd-46fd-b899-a0a9e3a96237,da33e4ad-66d5-433e-93ba-366a9c2daf3f,非洲野牛,True,17,0.0,100.0,0,0,-1.42,27.06,3,4,8.87,-11.22
2,2b6b23bb-e7cd-46fd-b899-a0a9e3a96237,da7e1fb6-644f-4f12-ac90-d8a9cf2d9645,真蓝黑亚,True,16,0.0,100.0,0,0,4.42,24.88,4,2,10.82,-11.34
2,2b6b23bb-e7cd-46fd-b899-a0a9e3a96237,de554813-103d-4ab7-a7b0-030d80a26303,阿拉伯军,True,17,0.0,100.0,0,0,1.43,25.71,3,3,8.65,-10.96
2,2b6b23bb-e7cd-46fd-b899-a0a9e3a96237,de838a52-9057-4623-a707-fd29fd23e02c,霍村霍芬,True,16,14.06,86.88,0,0,3.28,25.56,4,3,9.91,-12.13
2,2b6b23bb-e7cd-46fd-b899-a0a9e3a96237,df0c3811-9f00-451e-bd0a-4d22f839f910,红狼罗马,True,16,8.0,92.0,0,0,7.03,25.25,2,2,13.21,-9.53
2,2b6b23bb-e7cd-46fd-b899-a0a9e3a96237,df0cf5b2-3259-4822-b945-261c54e430ba,红牛莱比,True,16,15.0,86.0,0,0,4.24,24.75,4,3,11.67,-11.44
2,2b6b23bb-e7cd-46fd-b899-a0a9e3a96237,df29d5d7-141c-470c-b226-c2c18994aa4b,蓝鹰拉齐,True,17,0.0,100.0,0,0,8.49,23.76,3,0,9.31,0.0
2,2b6b23bb-e7cd-46fd-b899-a0a9e3a96237,e0c9eea6-67ef-4e89-adff-55007cad963b,撒丁岛卡,True,16,0.0,98.0,0,0,1.96,26.06,3,3,11.17,-8.66
2,2b6b23bb-e7cd-46fd-b899-a0a9e3a96237,e1027b61-123f-401b-b628-e0b3a79eaea6,阿散蒂金,True,17,0.0,96.29,0,0,4.44,25.06,5,4,14.61,-8.9
2,2b6b23bb-e7cd-46fd-b899-a0a9e3a96237,e1c28409-400e-4cae-b1a2-bf81ab44ac90,拉普拉塔,True,16,0.0,100.0,0,0,3.41,26.0,4,3,9.08,-11.59
2,2b6b23bb-e7cd-46fd-b899-a0a9e3a96237,e1ee3921-d9a9-48ce-a389-3fa4d0dcbf50,草原战狼,True,16,16.0,86.0,0,0,3.03,25.62,2,2,12.28,-10.96
2,2b6b23bb-e7cd-46fd-b899-a0a9e3a96237,e5e69a4d-63f0-4e62-addb-b51923c6289b,巴斯克雄,True,16,18.0,73.81,0,0,4.1,25.31,4,1,13.76,-13.77
2,2b6b23bb-e7cd-46fd-b899-a0a9e3a96237,e5f8b687-80b4-4e5b-9398-0f67c674604a,绿洲明珠,True,17,9.41,89.65,0,0,1.9,25.18,4,1,9.27,-11.52
2,2b6b23bb-e7cd-46fd-b899-a0a9e3a96237,e6003d82-a938-4dc4-864c-b63501f2ae70,尼罗河源,True,16,0.0,100.0,0,0,5.0,24.5,5,0,11.92,0.0
2,2b6b23bb-e7cd-46fd-b899-a0a9e3a96237,e8069429-7f4a-4735-a309-c9f73c6a9942,能源霸主,True,16,18.0,83.0,0,0,1.57,26.31,2,3,10.99,-11.36
2,2b6b23bb-e7cd-46fd-b899-a0a9e3a96237,e87b425e-c078-458e-8712-5812eb2007cd,赤龙焚天,True,16,10.31,89.69,0,0,10.35,23.12,7,0,14.54,0.0
2,2b6b23bb-e7cd-46fd-b899-a0a9e3a96237,e94e5257-ab68-4ad7-847b-1173ce6578be,图西胡图,True,17,0.0,100.0,0,0,3.0,24.82,8,5,10.87,-10.52
2,2b6b23bb-e7cd-46fd-b899-a0a9e3a96237,e9dd35ad-da38-4f78-8495-797e678b3c20,香料之路,True,15,13.0,87.87,0,0,5.43,24.73,4,3,10.81,-10.16
2,2b6b23bb-e7cd-46fd-b899-a0a9e3a96237,eb2f1e87-4901-4c3f-93e5-4bc8a6a03f06,土耳其近,True,17,0.0,100.0,0,0,2.89,25.29,5,5,8.65,-10.39
2,2b6b23bb-e7cd-46fd-b899-a0a9e3a96237,ed5c6eb4-7eaa-4484-8711-9333b2d11b16,波斯地毯,True,16,7.0,93.0,0,0,6.54,23.88,6,2,9.32,-9.38
2,2b6b23bb-e7cd-46fd-b899-a0a9e3a96237,eeb45694-9f5a-4bb9-ab06-6b9b79d06670,紫电龙骑,True,16,0.0,94.38,0,0,-0.0,27.81,2,7,17.4,-11.8
2,2b6b23bb-e7cd-46fd-b899-a0a9e3a96237,f040b65b-6bca-4d22-8209-5db13b34e775,探戈情人,True,16,14.0,87.75,0,0,0.46,25.81,3,3,5.83,-9.85
2,2b6b23bb-e7cd-46fd-b899-a0a9e3a96237,f0be488b-4f4e-4f97-9eb1-8868116d7b93,小海马萨,True,16,13.0,88.0,0,0,2.13,25.5,3,1,13.15,-13.08
2,2b6b23bb-e7cd-46fd-b899-a0a9e3a96237,f0c2b81f-e7a2-4001-8b08-d92dea47338f,不来梅绿,True,17,9.71,91.18,0,0,3.68,24.76,7,4,10.27,-8.25
2,2b6b23bb-e7cd-46fd-b899-a0a9e3a96237,f13044b1-6e84-4b16-8f06-e695944e0bb7,亚马逊河,True,16,0.0,100.0,0,0,3.86,25.5,2,4,10.19,-8.75
2,2b6b23bb-e7cd-46fd-b899-a0a9e3a96237,f239bd15-2cb8-4f6d-9d6f-5adea01696ff,圣徒南安普,True,17,0.0,100.0,0,0,1.96,24.24,7,1,8.31,-12.35
2,2b6b23bb-e7cd-46fd-b899-a0a9e3a96237,f37aae86-41db-49a2-be9f-d239ed67a9d7,玛瑙石红,True,16,0.0,98.5,0,0,1.17,26.19,2,3,14.74,-10.08
2,2b6b23bb-e7cd-46fd-b899-a0a9e3a96237,f3ec8fde-fe3c-43c9-aec6-6084ea0ce620,汽油骑士,True,17,0.0,98.47,0,0,-0.37,25.12,6,3,7.94,-10.3
2,2b6b23bb-e7cd-46fd-b899-a0a9e3a96237,f5fab24c-152b-4150-ae51-5faa82e9aff4,白百合热,True,16,0.0,100.0,0,0,2.07,25.25,4,3,15.59,-11.54
2,2b6b23bb-e7cd-46fd-b899-a0a9e3a96237,fb87ae66-a9df-487c-ab8a-5840eeac1d07,雷霆万钧,True,16,14.06,85.94,0,0,2.09,25.56,5,3,11.34,-8.21
2,2b6b23bb-e7cd-46fd-b899-a0a9e3a96237,fc06cf91-c305-493c-84ba-bd93802991fc,热带雨林,True,17,0.0,100.0,0,0,-0.46,26.18,4,6,9.41,-11.15
2,2b6b23bb-e7cd-46fd-b899-a0a9e3a96237,fd2d0447-d660-47dd-a0dc-12f7ebfc2e65,银河战舰,True,16,14.06,85.94,0,0,3.2,26.19,2,3,8.92,-11.44
2,2b6b23bb-e7cd-46fd-b899-a0a9e3a96237,fd2f2ffd-b02d-4117-b2aa-f0c1c9b83553,森林之语,True,16,9.62,91.25,0,0,4.33,24.5,7,3,9.22,-8.9
2,2b6b23bb-e7cd-46fd-b899-a0a9e3a96237,fdb06b8f-684f-4761-b62e-22e64c5971b5,波斯猫王,True,16,14.88,85.12,0,0,0.09,25.69,5,5,10.51,-10.79
2,2b6b23bb-e7cd-46fd-b899-a0a9e3a96237,fde969e3-86ac-462d-bbc1-963eab38b504,沙漠之狐,True,17,1.88,96.24,0,0,4.53,24.88,5,3,12.1,-10.66
2,2b6b23bb-e7cd-46fd-b899-a0a9e3a96237,fe128fb9-67f0-4d49-80e5-bb6292a71be2,铁翼飞鹰,True,17,0.0,100.0,0,0,2.02,25.53,5,4,12.18,-11.63
2,2b6b23bb-e7cd-46fd-b899-a0a9e3a96237,ff2dd69b-ac4c-4ce3-af23-521daf536eed,斑马军团,True,16,14.06,86.88,0,0,3.11,25.12,5,3,14.39,-9.64
2,2b6b23bb-e7cd-46fd-b899-a0a9e3a96237,ff55cef1-9862-4d72-9ba4-3d241938741b,巴格达城,True,17,0.0,100.0,0,0,2.47,25.12,4,3,10.29,-12.19
3,cb06dd19-381c-4513-8a9b-17b6e349adde,00983e2e-e8bd-47be-a022-5774b994caa7,蓝黑战士,True,17,20.29,79.71,0,0,0.18,27.65,3,5,9.99,-10.53
3,cb06dd19-381c-4513-8a9b-17b6e349adde,0192de1b-b1f4-4f4b-af0f-934452bda0d1,武当太极,True,17,0.0,98.12,0,0,7.96,24.35,7,2,12.12,-10.26
3,cb06dd19-381c-4513-8a9b-17b6e349adde,02674860-147a-44e2-843a-da5f0e9f81bc,蓝宝石海,True,17,18.82,82.12,0,0,3.16,26.29,3,4,10.34,-11.65
3,cb06dd19-381c-4513-8a9b-17b6e349adde,03832f41-a31c-4d42-a687-158df7a831d7,魔毯飞行,True,17,20.71,79.29,0,0,6.13,25.06,7,3,12.96,-9.39
3,cb06dd19-381c-4513-8a9b-17b6e349adde,090b2c3b-fb42-4eaa-a978-2463ed4dc234,玄武镇海,True,16,9.62,91.25,0,0,1.14,26.44,4,4,10.48,-11.78
3,cb06dd19-381c-4513-8a9b-17b6e349adde,0a5b6a82-d483-486a-9d11-592a154fbf0c,绿洲驼队,True,17,15.06,86.82,0,0,6.82,24.76,5,1,11.4,-13.13
3,cb06dd19-381c-4513-8a9b-17b6e349adde,0fc36386-3ee4-4343-9c56-3b6ccc661da3,猎豹闪电,True,17,1.88,96.24,0,0,1.85,26.71,5,5,10.43,-11.09
3,cb06dd19-381c-4513-8a9b-17b6e349adde,1135d594-4576-4c49-8126-ef5d77f4c9de,烈焰狂狮,True,16,7.5,92.5,0,0,3.61,26.31,1,4,9.56,-9.78
3,cb06dd19-381c-4513-8a9b-17b6e349adde,11bbc8df-418e-40ea-a638-3ee287139ed6,雪豹冰山,True,17,0.88,98.53,0,0,3.3,25.88,4,6,9.88,-10.69
3,cb06dd19-381c-4513-8a9b-17b6e349adde,121a8ce8-a60e-4dbc-8943-f888ae0138df,波斯勇士,True,16,0.0,94.0,0,0,7.11,25.19,3,3,22.33,-11.17
3,cb06dd19-381c-4513-8a9b-17b6e349adde,12b9b35d-129c-462a-b966-ec1e353e0928,苍鹰搏兔,True,16,7.0,94.0,0,0,5.31,26.25,2,3,15.39,-7.35
3,cb06dd19-381c-4513-8a9b-17b6e349adde,13ff2225-f620-4205-8acb-fc3b5053862a,非洲犀牛,True,17,13.53,86.41,0,0,3.31,26.18,4,5,12.33,-9.2
3,cb06dd19-381c-4513-8a9b-17b6e349adde,163b7787-c249-4bfa-8242-a0f2b860d2cf,大地之力,True,16,17.5,83.38,0,0,4.2,26.62,5,7,16.78,-10.78
3,cb06dd19-381c-4513-8a9b-17b6e349adde,1737da78-c242-462b-8962-3694873576be,雄鹰法兰,True,17,14.12,85.88,0,0,6.85,25.59,4,4,11.56,-10.42
3,cb06dd19-381c-4513-8a9b-17b6e349adde,18090434-c547-4e31-bc35-c7efb038c31d,宇宙巴萨,True,16,13.0,87.06,0,0,8.35,25.81,3,4,26.13,-10.08
3,cb06dd19-381c-4513-8a9b-17b6e349adde,1950e07c-a077-441f-b406-16b12daa45c7,西班牙人,True,17,13.53,86.53,0,0,4.26,26.18,4,5,12.62,-10.46
3,cb06dd19-381c-4513-8a9b-17b6e349adde,19d4e548-1c7f-4706-a0df-f0446a99c617,金豹捕猎,True,17,0.0,100.0,0,0,2.17,26.71,3,6,7.76,-11.3
3,cb06dd19-381c-4513-8a9b-17b6e349adde,1a3f033a-4e73-46cb-8f58-d20c32e04fd2,西域雪狼,True,17,1.35,97.12,0,0,2.72,27.12,3,7,20.61,-12.13
3,cb06dd19-381c-4513-8a9b-17b6e349adde,1c91e42f-e538-4301-89c5-50c7324055dc,高乔骑士,True,17,1.06,99.0,0,0,7.29,24.94,4,3,11.97,-12.47
3,cb06dd19-381c-4513-8a9b-17b6e349adde,1e00f974-ec58-4b4c-be20-faf412d9027e,汉诺威红,True,16,0.0,100.0,0,0,4.48,26.69,1,3,15.04,-10.78
3,cb06dd19-381c-4513-8a9b-17b6e349adde,1f522e60-e720-4a28-a30d-1352879957b4,弯月之星,True,17,14.12,85.94,0,0,1.8,26.59,4,6,10.12,-12.04
3,cb06dd19-381c-4513-8a9b-17b6e349adde,1fc0382f-e8e4-4817-8a9b-86acd3f47e81,冰狼踏雪,True,16,2.0,98.0,0,0,4.71,27.31,1,4,11.31,-12.4
3,cb06dd19-381c-4513-8a9b-17b6e349adde,20979679-9c36-4bfc-8639-cd644706a4f1,皇家社会,True,17,14.12,87.65,0,0,3.25,26.06,4,5,6.72,-11.98
3,cb06dd19-381c-4513-8a9b-17b6e349adde,2125a9ec-76c0-4c3f-90e8-039afd4c2e5e,山楂球西布,True,17,8.24,91.82,0,0,9.48,25.24,5,4,22.23,-11.97
3,cb06dd19-381c-4513-8a9b-17b6e349adde,225a9ffb-e671-4019-93cc-cbc6572216de,草原猎鹰,True,16,0.0,100.0,0,0,2.23,28.12,2,6,17.27,-10.55
3,cb06dd19-381c-4513-8a9b-17b6e349adde,23d24ae7-74bc-4ad2-9b70-0df8e9f10c5d,威尼斯假,True,17,0.0,98.24,0,0,8.1,25.06,5,4,18.32,-11.08
3,cb06dd19-381c-4513-8a9b-17b6e349adde,242e04d1-fbaf-4773-9832-f963bb36cdbf,贝都因骑,True,16,12.19,87.12,0,0,3.07,26.31,2,4,8.11,-12.39
3,cb06dd19-381c-4513-8a9b-17b6e349adde,2465461a-8563-46cd-873a-baaa6a467841,大流士王,True,16,14.06,86.88,0,0,6.91,24.88,6,4,11.64,-10.38
3,cb06dd19-381c-4513-8a9b-17b6e349adde,246f43f2-0e83-4eb6-8f73-abd9beda391d,蓝月亮城,True,17,0.0,90.47,0,0,2.72,26.88,0,4,0.0,-11.38
3,cb06dd19-381c-4513-8a9b-17b6e349adde,249c854a-a6cf-4ef6-b379-4253c33a08f4,非洲猎豹,True,17,10.35,90.59,0,0,6.18,25.35,3,3,17.18,-10.51
3,cb06dd19-381c-4513-8a9b-17b6e349adde,24ee4c01-522f-45bb-b7b2-f6a47a1598d3,罗马狼王,True,17,3.53,96.47,0,0,4.1,25.18,6,5,10.99,-10.81
3,cb06dd19-381c-4513-8a9b-17b6e349adde,2678b819-3da4-4304-a4fc-0973fd2f630e,塞伦盖蒂,True,17,13.24,87.65,0,0,5.85,24.06,6,0,8.02,0.0
3,cb06dd19-381c-4513-8a9b-17b6e349adde,274fc978-b187-40f1-ab2e-8de5ba54d181,天然气王,True,16,0.0,100.0,0,0,-0.18,27.44,2,6,12.25,-12.04
3,cb06dd19-381c-4513-8a9b-17b6e349adde,27550134-d903-4055-ab54-4af1341d4314,撒哈拉驼,True,16,13.12,87.75,0,0,-1.83,27.25,3,5,5.72,-11.82
3,cb06dd19-381c-4513-8a9b-17b6e349adde,278885b1-f652-4775-92de-8dcd14d9bc93,图阿雷格,True,16,0.0,99.94,0,0,2.88,26.81,4,6,15.19,-11.47
3,cb06dd19-381c-4513-8a9b-17b6e349adde,27a76999-b51f-4c41-b3d6-da7989a5c411,黑虎掏心,True,17,0.0,98.24,0,0,8.02,23.82,7,1,10.93,-11.59
3,cb06dd19-381c-4513-8a9b-17b6e349adde,296adf8c-b827-4c9d-8bb5-41e1f387f372,水豚憨态,True,16,10.0,89.0,0,0,5.32,26.12,3,4,18.05,-11.78
3,cb06dd19-381c-4513-8a9b-17b6e349adde,2aab03b8-1a68-409b-b46b-324058dca0c6,科隆山羊,True,17,0.0,100.0,0,0,4.02,24.82,7,2,7.72,-10.83
3,cb06dd19-381c-4513-8a9b-17b6e349adde,2b6cd430-daf3-4110-b52c-78be813d14e5,刚果王国,True,17,14.82,79.18,0,0,6.73,26.0,4,3,20.73,-12.59
3,cb06dd19-381c-4513-8a9b-17b6e349adde,2d385586-589a-4f5c-8534-6ff244cf310c,阿拉伯夜,True,17,0.0,100.0,0,0,6.5,25.12,4,2,10.05,-9.29
3,cb06dd19-381c-4513-8a9b-17b6e349adde,2e48ed42-88f4-4899-9cf5-ecad75931d4a,北方苍狼,True,16,0.0,100.0,0,0,4.43,24.81,5,2,14.1,-11.14
3,cb06dd19-381c-4513-8a9b-17b6e349adde,2e94468c-2436-4f60-80d5-78d7147a1bb6,石化巨人,True,16,0.0,100.0,0,0,-0.13,27.25,3,6,5.33,-11.38
3,cb06dd19-381c-4513-8a9b-17b6e349adde,2f61c6ea-7c93-4f2f-807a-9c17b26fd688,长颈鹿颈,True,16,0.0,100.0,0,0,6.08,25.75,5,5,20.38,-11.39
3,cb06dd19-381c-4513-8a9b-17b6e349adde,2fa52165-4377-45e5-8d06-9e18100f6c99,北海苍龙,True,17,15.0,81.29,0,0,-0.91,26.71,4,5,12.34,-10.28
3,cb06dd19-381c-4513-8a9b-17b6e349adde,317e8d83-dc2d-4179-8a43-55ef610cd565,沙滩足球,True,16,14.88,85.12,0,0,4.1,26.0,3,5,10.73,-11.86
3,cb06dd19-381c-4513-8a9b-17b6e349adde,33e39c40-1488-4a7e-8145-00280a237aed,花车巡游,True,16,0.0,100.0,0,0,3.86,26.75,2,5,17.29,-7.64
3,cb06dd19-381c-4513-8a9b-17b6e349adde,3616958e-ca58-4b30-91ed-d810a9409d5b,大津巴布,True,16,0.0,100.0,0,0,3.89,25.25,6,3,7.31,-9.25
3,cb06dd19-381c-4513-8a9b-17b6e349adde,37af924e-79a8-4895-8c85-c8c3a43d0ce0,马赛马拉,True,16,0.0,95.5,0,0,5.39,25.44,4,2,7.67,-10.98
3,cb06dd19-381c-4513-8a9b-17b6e349adde,37d0221b-b783-41ef-ba45-4afbadfcca2e,黑金帝国,True,17,0.0,100.0,0,0,5.01,25.35,4,3,13.18,-9.66
3,cb06dd19-381c-4513-8a9b-17b6e349adde,37e823df-a354-48ba-9cb9-a5f2aa80b09e,单峰快驼,True,17,12.24,88.71,0,0,3.78,25.41,7,6,12.95,-9.93
3,cb06dd19-381c-4513-8a9b-17b6e349adde,3850a89f-9b56-43e4-886c-b239f5a141b1,喜鹊纽卡,True,17,0.0,100.0,0,0,9.3,23.76,7,2,12.86,-8.26
3,cb06dd19-381c-4513-8a9b-17b6e349adde,3af34a43-f7c8-4a10-833e-b929ef808f8f,黄色潜水艇,True,17,13.24,86.76,0,0,5.41,24.82,7,4,11.12,-11.26
3,cb06dd19-381c-4513-8a9b-17b6e349adde,3b81880a-c267-41f8-842f-be557a392611,累西腓鼓,True,16,14.06,85.94,0,0,0.24,27.75,3,6,7.92,-9.35
3,cb06dd19-381c-4513-8a9b-17b6e349adde,3c35e50c-47f9-4e79-bdf1-a0368ab99700,骆驼骑士,True,17,0.0,100.0,0,0,-1.01,27.24,4,7,10.33,-11.1
3,cb06dd19-381c-4513-8a9b-17b6e349adde,3cf98f89-d3ee-4eb1-add3-d165adc163da,树懒慢动,True,16,0.0,98.5,0,0,4.44,23.81,7,2,6.58,-12.29
3,cb06dd19-381c-4513-8a9b-17b6e349adde,3d74852b-cef9-4536-90d3-ab20c3f1d39a,青金石蓝,True,17,16.94,84.94,0,0,3.65,26.29,4,3,11.47,-11.34
3,cb06dd19-381c-4513-8a9b-17b6e349adde,3d7c7ccd-3c62-49de-af2b-51d1b186ca84,西域猛虎,True,17,0.0,100.0,0,0,4.89,26.24,2,6,7.96,-8.6
3,cb06dd19-381c-4513-8a9b-17b6e349adde,3e90263d-9aa2-495f-9391-402267f48e45,水手桑普,True,17,16.94,84.94,0,0,2.13,25.47,4,2,8.94,-11.82
3,cb06dd19-381c-4513-8a9b-17b6e349adde,3f143543-33be-40b5-9675-d1e965a811eb,东方雄狮,True,16,0.0,98.12,0,0,3.44,26.12,4,5,9.56,-10.38
3,cb06dd19-381c-4513-8a9b-17b6e349adde,4158ea87-e495-4b6a-a108-54d8bfaaa5e3,野马奔腾,True,16,0.0,98.25,0,0,-0.26,26.31,4,4,6.88,-8.88
3,cb06dd19-381c-4513-8a9b-17b6e349adde,417aede9-0129-47b2-937c-94eb89a7d0d8,管道巨头,True,16,13.0,87.0,0,0,0.0,27.94,1,3,12.27,-11.25
3,cb06dd19-381c-4513-8a9b-17b6e349adde,438bcce8-4e5c-401e-b640-9593bfb14368,咖啡起源,True,17,0.0,100.0,0,0,3.29,26.06,5,4,13.35,-11.0
3,cb06dd19-381c-4513-8a9b-17b6e349adde,45ade8e1-b205-4af3-86af-8250a7841af4,麦加朝圣,True,17,9.71,91.18,0,0,2.68,25.82,5,4,11.08,-11.54
3,cb06dd19-381c-4513-8a9b-17b6e349adde,45bfbd60-df67-43c9-9d4a-b721c3b9ded4,Medina之光,True,17,0.0,90.59,0,0,3.21,26.94,2,3,8.15,-10.74
3,cb06dd19-381c-4513-8a9b-17b6e349adde,45e56362-3964-4c3e-8f54-f651ae5c735a,水晶石透,True,17,0.0,100.0,0,0,6.36,24.94,7,4,9.25,-8.69
3,cb06dd19-381c-4513-8a9b-17b6e349adde,461cbc97-34f7-4cc7-98c0-f5057949a243,五人制王,True,17,0.0,100.0,0,0,6.03,24.41,7,2,12.86,-12.4
3,cb06dd19-381c-4513-8a9b-17b6e349adde,4a8567a0-344b-4573-a764-34d83833628f,雪虎踏山,True,17,0.0,100.0,0,0,2.24,25.47,5,4,12.81,-11.4
3,cb06dd19-381c-4513-8a9b-17b6e349adde,4a946e10-f770-42df-a073-e0ff24ad6c3f,烈焰红唇,True,17,14.12,85.88,0,0,5.85,24.47,4,1,7.57,-10.88
3,cb06dd19-381c-4513-8a9b-17b6e349adde,4a9502a1-912e-4f71-b915-f14f10dc76a2,安第斯山,True,17,11.47,89.41,0,0,3.09,24.76,6,3,8.08,-11.62
3,cb06dd19-381c-4513-8a9b-17b6e349adde,4bf730ae-744d-4cf9-bfed-069e72cb7222,中原飞虎,True,16,11.25,89.5,0,0,5.35,24.38,5,2,5.08,-12.52
3,cb06dd19-381c-4513-8a9b-17b6e349adde,4cdd75e5-7d1a-4faa-ba6e-b467d791430a,快乐足球,True,16,0.0,98.12,0,0,2.83,26.12,4,5,9.53,-11.25
3,cb06dd19-381c-4513-8a9b-17b6e349adde,4d69f07c-49fa-4fc4-871e-38f57ee93c13,美丽游戏,True,16,4.38,94.75,0,0,6.25,24.94,7,4,16.66,-9.58
3,cb06dd19-381c-4513-8a9b-17b6e349adde,4d8043ee-95c3-43c9-9652-ff2812f0b778,紫气东来,True,17,0.0,98.0,0,0,8.81,24.65,6,3,17.74,-11.19
3,cb06dd19-381c-4513-8a9b-17b6e349adde,4e73d656-18e4-47b7-839f-d07b94c13336,莫莫之王,True,16,9.62,91.25,0,0,9.25,23.69,7,1,14.08,-13.3
3,cb06dd19-381c-4513-8a9b-17b6e349adde,4eb8d514-91aa-49bb-a361-7b52f7960471,奥格斯堡,True,17,0.0,100.0,0,0,3.12,25.65,4,5,6.21,-9.96
3,cb06dd19-381c-4513-8a9b-17b6e349adde,4f4050d5-a81e-4f2c-9fe4-3b691e3a8bb3,床单军团,True,17,9.71,84.59,0,0,6.11,23.82,9,2,11.17,-10.73
3,cb06dd19-381c-4513-8a9b-17b6e349adde,52ac1303-aa48-47c0-abfc-e1565cd83a2c,小辣椒莱,True,16,0.0,100.0,0,0,6.19,25.5,2,1,8.86,-12.87
3,cb06dd19-381c-4513-8a9b-17b6e349adde,546f1283-41ba-44fc-8ae4-c2f349eab730,铁甲战狮,True,16,0.0,100.0,0,0,5.7,24.62,5,3,8.9,-8.0
3,cb06dd19-381c-4513-8a9b-17b6e349adde,55d3b2ad-6730-4fdb-9a5e-3fa20c0ee991,布宜诺斯,True,17,14.0,86.0,0,0,-1.26,26.65,4,3,6.33,-10.9
3,cb06dd19-381c-4513-8a9b-17b6e349adde,5607bb46-3924-4699-a221-28b6e75fb2ee,智利红酒,True,17,0.0,100.0,0,0,0.63,26.35,5,5,13.28,-10.49
3,cb06dd19-381c-4513-8a9b-17b6e349adde,56110445-240a-45bb-8e2f-1dee3d3e7825,金鹰破晓,True,16,17.5,83.38,0,0,1.09,26.5,4,4,6.37,-10.73
3,cb06dd19-381c-4513-8a9b-17b6e349adde,564a5213-4a71-4545-bd52-b2958bcdcb5c,苍穹雄鹰,True,17,11.47,89.41,0,0,5.95,24.94,7,3,14.14,-11.43
3,cb06dd19-381c-4513-8a9b-17b6e349adde,56a4d6dd-79ee-4536-bf12-9873eff15482,寒冰领域,True,17,0.0,100.0,0,0,8.72,24.18,4,1,10.49,-10.93
3,cb06dd19-381c-4513-8a9b-17b6e349adde,576a1500-e80b-488e-84a4-4d30d5c9f8e2,萨尔瓦多,True,16,13.0,87.0,0,0,11.13,24.94,4,1,25.16,-11.48
3,cb06dd19-381c-4513-8a9b-17b6e349adde,58c7685d-d70a-4db2-ba81-82ec60565630,流水无痕,True,16,0.0,100.0,0,0,6.97,25.25,5,5,18.55,-10.07
3,cb06dd19-381c-4513-8a9b-17b6e349adde,595645b3-210a-45b7-9719-8194d843afcc,桑巴学校,True,17,9.71,91.18,0,0,6.66,24.12,6,2,8.92,-9.23
3,cb06dd19-381c-4513-8a9b-17b6e349adde,59ddcaef-f19f-464e-b647-87378c8e0340,炼油大师,True,16,0.0,98.5,0,0,5.6,23.62,7,0,8.42,0.0
3,cb06dd19-381c-4513-8a9b-17b6e349adde,5d26cab3-5840-4ddc-911e-96966cd04aed,幽冥鬼狼,True,16,0.0,100.0,0,0,2.09,25.94,5,4,12.77,-11.86
3,cb06dd19-381c-4513-8a9b-17b6e349adde,5d916859-a4e4-4f4e-b5f5-183e781c1b9f,云豹穿林,True,17,13.0,87.0,0,0,3.88,25.94,3,3,18.91,-12.16
3,cb06dd19-381c-4513-8a9b-17b6e349adde,5dbc0c0c-5cae-47c9-b6cb-c56edc170a86,南海蛟龙,True,17,18.82,81.29,0,0,3.15,25.24,4,2,10.73,-11.81
3,cb06dd19-381c-4513-8a9b-17b6e349adde,5e79a306-a1b5-4379-a96b-59bc3b243b7f,桑巴舞者,True,17,0.0,100.0,0,0,7.51,23.53,9,2,13.46,-9.73
3,cb06dd19-381c-4513-8a9b-17b6e349adde,5edb33b0-4b3b-48b7-bddd-2f6b9065fd7b,金字塔尖,True,16,0.0,100.0,0,0,5.39,25.94,3,3,17.71,-10.04
3,cb06dd19-381c-4513-8a9b-17b6e349adde,6060f7cb-6bbf-4c2f-b3fc-230422f4ac95,清真美食,True,17,0.0,100.0,0,0,2.12,26.12,5,5,11.91,-10.99
3,cb06dd19-381c-4513-8a9b-17b6e349adde,60a04a4b-6df1-4e32-a7bc-68776a385a86,设拉子酒,True,16,0.0,95.0,0,0,2.23,26.69,1,3,11.02,-6.95
3,cb06dd19-381c-4513-8a9b-17b6e349adde,61ab2691-a159-4e1a-a1d7-4a16c903ab94,沙漠玫瑰,True,17,9.71,91.18,0,0,2.78,26.12,7,6,12.65,-9.59
3,cb06dd19-381c-4513-8a9b-17b6e349adde,620ab27f-f4c9-484d-ad85-b88180b2bf58,马里帝国,True,16,0.0,100.0,0,0,2.19,26.69,2,3,14.75,-11.21
3,cb06dd19-381c-4513-8a9b-17b6e349adde,623c06a9-a30a-4bd4-8e29-48f10df92c69,那不勒斯,True,17,0.0,100.0,0,0,3.83,25.0,6,4,10.22,-11.62
3,cb06dd19-381c-4513-8a9b-17b6e349adde,6389f794-4ebc-4cd5-a507-216bfbad5745,马丘比丘,True,17,0.0,100.0,0,0,1.21,25.06,7,2,7.48,-10.79
3,cb06dd19-381c-4513-8a9b-17b6e349adde,6493de21-509e-4109-afcf-ce60120ae37d,里约狂欢,True,17,0.0,100.0,0,0,3.11,25.59,7,5,10.31,-11.78
3,cb06dd19-381c-4513-8a9b-17b6e349adde,676a5416-929a-4ae2-aaea-2adafe7e7f70,丝路驼铃,True,17,0.0,98.12,0,0,6.95,25.65,4,3,9.89,-8.84
3,cb06dd19-381c-4513-8a9b-17b6e349adde,68694a58-7731-42d2-8dcf-c6f25948a2af,马穆鲁克,True,17,0.0,95.94,0,0,8.38,24.24,6,1,14.11,-0.94
3,cb06dd19-381c-4513-8a9b-17b6e349adde,68bf5a52-1c38-4b6c-b3e4-4ab1b7c50cfe,东北虎啸,True,17,14.12,79.76,0,0,6.74,25.0,6,3,13.12,-11.54
3,cb06dd19-381c-4513-8a9b-17b6e349adde,6907c429-2dbb-4fbc-9055-1164a7af9ffa,银龙出海,True,17,0.0,100.0,0,0,3.79,26.06,5,5,11.99,-11.56
3,cb06dd19-381c-4513-8a9b-17b6e349adde,694d2373-8e8d-498c-a51f-90db06f1ff51,蓝衣军团,True,16,7.0,93.0,0,0,3.33,25.69,6,4,10.25,-10.47
3,cb06dd19-381c-4513-8a9b-17b6e349adde,6a5387c1-7798-4d0b-aef5-87865e2df24f,伊斯法罕,True,16,0.0,97.38,0,0,8.14,24.75,4,1,13.72,-13.85
3,cb06dd19-381c-4513-8a9b-17b6e349adde,6b4393e6-c532-409b-be86-40c3930ee94b,红宝石矿,True,17,0.0,100.0,0,0,6.64,24.35,4,1,9.29,-13.53
3,cb06dd19-381c-4513-8a9b-17b6e349adde,6cce5283-6611-4cb8-8b9d-a747fb9a7b5d,华南虎威,True,16,0.0,100.0,0,0,0.1,27.19,2,6,10.31,-10.55
3,cb06dd19-381c-4513-8a9b-17b6e349adde,6e4c18ef-22ee-42dc-996a-5d28e2e51aed,大马士革,True,16,8.94,91.88,0,0,7.23,24.81,6,2,8.06,-11.07
3,cb06dd19-381c-4513-8a9b-17b6e349adde,6faf8572-3a96-4145-b8f5-3b8304fc486f,白虎啸天,True,17,12.35,87.65,0,0,1.11,25.94,5,3,8.11,-12.61
3,cb06dd19-381c-4513-8a9b-17b6e349adde,71c88dd9-84d5-4415-8a2e-0393e0a55b8d,铁锤帮西汉,True,17,14.12,86.82,0,0,3.92,25.35,5,3,10.13,-12.18
3,cb06dd19-381c-4513-8a9b-17b6e349adde,727ee9ce-e0e3-48c4-95a3-c8c8e3976150,金刚鹦鹉,True,16,3.5,95.62,0,0,3.65,25.06,5,2,10.29,-11.49
3,cb06dd19-381c-4513-8a9b-17b6e349adde,7362d4e1-093b-469d-b35c-3b9df1e7f633,斗牛士团,True,17,0.0,98.12,0,0,6.34,25.06,5,5,18.69,-8.04
3,cb06dd19-381c-4513-8a9b-17b6e349adde,73ad676d-fae2-4a8a-b69d-06d881cb694c,撒哈拉南,True,17,0.0,98.24,0,0,4.55,25.88,5,4,7.98,-11.72
3,cb06dd19-381c-4513-8a9b-17b6e349adde,76ea894a-a987-4cc7-84b6-efbaa896d142,维多利亚,True,17,14.12,86.76,0,0,4.26,25.18,6,4,8.58,-12.96
3,cb06dd19-381c-4513-8a9b-17b6e349adde,77c184eb-17cd-4a60-b1ef-d2d25d067708,绿松石绿,True,17,13.24,87.65,0,0,-2.71,26.24,6,6,8.93,-10.28
3,cb06dd19-381c-4513-8a9b-17b6e349adde,7987e549-b84a-4aa9-9c81-9eb88cd8e9ab,萨拉丁军,True,17,8.24,90.94,0,0,6.79,23.76,7,2,8.88,-11.42
3,cb06dd19-381c-4513-8a9b-17b6e349adde,79ff5611-2f63-4a90-9948-420586063a5f,白虹贯日,True,17,0.0,100.0,0,0,3.6,25.59,7,4,10.62,-11.73
3,cb06dd19-381c-4513-8a9b-17b6e349adde,7afb3a3e-6663-4edc-b70c-e13ed8981547,金虎啸月,True,17,0.0,100.0,0,0,-1.76,26.18,4,3,6.5,-10.97
3,cb06dd19-381c-4513-8a9b-17b6e349adde,7b0ab1d7-80c9-4fc1-a7d0-99de970e3d88,星月传奇,True,17,16.0,76.94,0,0,2.62,26.0,6,6,15.72,-11.16
3,cb06dd19-381c-4513-8a9b-17b6e349adde,7d71e69b-29f1-4c7d-8de4-bc6a2dccf449,朱雀焚霞,True,17,15.06,84.94,0,0,1.54,26.82,4,5,14.35,-10.9
3,cb06dd19-381c-4513-8a9b-17b6e349adde,7dc1a3a9-470b-4a15-af2b-fed9f7ca88a6,十字军东,True,17,0.0,100.0,0,0,3.36,25.94,5,5,12.25,-11.44
3,cb06dd19-381c-4513-8a9b-17b6e349adde,7dc3c021-193d-416e-bc57-45e6d3ed8e01,非洲雄狮,True,17,0.0,100.0,0,0,1.15,26.71,4,6,9.85,-11.64
3,cb06dd19-381c-4513-8a9b-17b6e349adde,7fb53f55-06b4-4131-a874-be848d281649,峨眉女侠,True,16,0.0,100.0,0,0,4.82,26.0,4,5,18.46,-10.64
3,cb06dd19-381c-4513-8a9b-17b6e349adde,80130085-d12e-47ab-81f1-c0b8fa674a06,街球之王,True,17,14.12,82.29,0,0,5.73,26.47,4,4,21.64,-8.19
3,cb06dd19-381c-4513-8a9b-17b6e349adde,8346aebc-cac4-49bf-a1e2-6fdf6fdc9a60,飓风之眼,True,17,0.0,100.0,0,0,7.97,25.12,4,2,16.18,-10.78
3,cb06dd19-381c-4513-8a9b-17b6e349adde,84567e7d-096b-4367-b958-4abdbaecad31,乞力马扎,True,17,16.0,84.0,0,0,4.8,25.24,5,5,11.21,-9.54
3,cb06dd19-381c-4513-8a9b-17b6e349adde,86036b21-4fa9-47dc-a2fd-9728e0e18feb,红黑恶魔,True,17,0.0,98.76,0,0,6.26,25.47,3,2,12.0,-11.13
3,cb06dd19-381c-4513-8a9b-17b6e349adde,8698b7c7-8ee5-457a-beff-b198b61d6c98,南部之星,True,17,0.0,92.47,0,0,4.81,26.06,4,3,10.05,-11.59
3,cb06dd19-381c-4513-8a9b-17b6e349adde,8705046a-c699-4ed3-a2a3-bbb9e40e06b3,双峰巨驼,True,16,9.62,91.25,0,0,4.1,25.75,6,5,12.83,-11.03
3,cb06dd19-381c-4513-8a9b-17b6e349adde,8900177a-c5ca-40ad-bc40-e240fd6f2d9e,巨象踏天,True,16,0.0,100.0,0,0,2.09,26.94,2,3,9.62,-12.47
3,cb06dd19-381c-4513-8a9b-17b6e349adde,89bd5a4e-fd08-4203-b76e-a76e5e40e750,驼峰运输,True,17,17.65,82.35,0,0,9.33,23.53,8,0,10.95,0.0
3,cb06dd19-381c-4513-8a9b-17b6e349adde,8be9eaf8-038f-4155-ab53-13acbff4a34e,凤凰涅槃,True,16,7.5,92.5,0,0,7.49,25.0,5,1,19.87,-12.16
3,cb06dd19-381c-4513-8a9b-17b6e349adde,8c09e83c-4838-4d81-ac1d-2fc8970b5996,华山剑客,True,16,0.0,100.0,0,0,8.81,24.75,4,3,16.22,-10.91
3,cb06dd19-381c-4513-8a9b-17b6e349adde,8c4bd183-3537-499a-a857-36da5ee3fcb8,天方夜谭,True,16,0.0,98.25,0,0,6.28,24.62,6,4,12.31,-9.72
3,cb06dd19-381c-4513-8a9b-17b6e349adde,8d55034d-d964-4216-a678-6b492b254d3a,金狼逐日,True,16,0.0,100.0,0,0,2.8,26.38,4,5,17.68,-10.24
3,cb06dd19-381c-4513-8a9b-17b6e349adde,90127a81-e457-4c9d-9981-9a1d54ee9dc9,石油大亨,True,17,15.0,85.0,0,0,6.65,25.24,4,3,12.18,-10.19
3,cb06dd19-381c-4513-8a9b-17b6e349adde,902585f2-0a29-457b-a8a7-6231e080c089,辛巴达航,True,16,0.0,100.0,0,0,-0.35,27.19,3,5,15.86,-8.89
3,cb06dd19-381c-4513-8a9b-17b6e349adde,9192b63a-62eb-41f8-8294-4e8ed7b21cc4,银狼啸天,True,17,0.0,100.0,0,0,6.17,25.53,5,3,20.3,-11.82
3,cb06dd19-381c-4513-8a9b-17b6e349adde,93d4a341-f696-4847-9963-39f49030f4c9,太妃糖埃弗,True,17,0.0,93.41,0,0,4.58,24.41,7,2,9.86,-12.43
3,cb06dd19-381c-4513-8a9b-17b6e349adde,93f33371-f5bd-4f80-8652-b48419599822,雪山神鹰,True,17,16.0,79.41,0,0,9.08,24.24,6,2,16.27,-7.87
3,cb06dd19-381c-4513-8a9b-17b6e349adde,95d02f9a-0c37-49b7-9a61-518ac5f7ef2c,复活节岛,True,16,0.0,93.88,0,0,7.75,25.5,6,2,16.04,-10.64
3,cb06dd19-381c-4513-8a9b-17b6e349adde,95e4042e-52de-4df6-b5c9-7bc15fe0e2c6,库尔德勇,True,17,0.0,97.18,0,0,1.78,25.71,5,5,7.46,-10.34
3,cb06dd19-381c-4513-8a9b-17b6e349adde,97bd3ccc-820c-47fd-8ff0-1acbd2dd5b90,水蟒巨蛇,True,17,17.65,83.24,0,0,4.82,25.35,6,4,10.25,-11.21
3,cb06dd19-381c-4513-8a9b-17b6e349adde,985d0af0-92b6-4101-a859-b4b3ade0c9c4,少林武僧,True,17,18.82,81.18,0,0,2.48,26.47,4,6,15.2,-11.52
3,cb06dd19-381c-4513-8a9b-17b6e349adde,98d30838-3492-4b0c-8322-4314995bd393,一千零一夜,True,17,15.0,85.0,0,0,3.97,25.59,6,5,11.95,-11.24
3,cb06dd19-381c-4513-8a9b-17b6e349adde,99300516-f774-4dff-8748-c4f8fa826f46,阿根廷梦,True,16,0.0,100.0,0,0,2.32,25.12,6,4,7.4,-11.0
3,cb06dd19-381c-4513-8a9b-17b6e349adde,998ee0cd-7f64-4845-9225-151320635338,赫塔菲蓝,True,17,0.0,96.76,0,0,1.77,25.59,4,2,6.88,-14.01
3,cb06dd19-381c-4513-8a9b-17b6e349adde,99b60819-3bb0-4ea6-a313-e0e25f54fe6b,沙漠商队,True,16,0.0,100.0,0,0,-0.34,25.94,4,2,3.72,-13.1
3,cb06dd19-381c-4513-8a9b-17b6e349adde,9a5d0d3c-b55b-4916-a8b2-f1259690c986,祖鲁战士,True,16,17.5,83.38,0,0,6.61,24.75,4,1,7.08,-12.85
3,cb06dd19-381c-4513-8a9b-17b6e349adde,9b967cfb-d53b-40d1-bafa-aa907b8d0163,凯门鳄凶,True,17,14.12,85.88,0,0,3.43,26.24,2,4,8.63,-10.77
3,cb06dd19-381c-4513-8a9b-17b6e349adde,9bbd18bf-ab3c-443c-9ff6-e552d4f5fef6,蓝军切尔西,True,16,0.0,96.25,0,0,1.59,26.19,4,2,12.1,-11.62
3,cb06dd19-381c-4513-8a9b-17b6e349adde,9c415d32-dffa-4665-a9dd-71efc490b763,清真寺塔,True,16,0.0,100.0,0,0,5.03,26.56,2,4,22.57,-12.7
3,cb06dd19-381c-4513-8a9b-17b6e349adde,9cd1ad3c-d8fb-4218-a634-2488d4756d21,尼罗河神,True,16,0.0,100.0,0,0,3.04,26.62,2,4,8.36,-10.25
3,cb06dd19-381c-4513-8a9b-17b6e349adde,9d7bbfa0-9c00-41c4-a6a5-846ae2fdfac4,阿拉伯舞,True,17,0.0,100.0,0,0,2.68,25.76,6,5,12.05,-11.86
3,cb06dd19-381c-4513-8a9b-17b6e349adde,9d8b1cbe-4b94-4e17-9c47-a4a902b851d7,非洲大象,True,16,0.0,100.0,0,0,5.22,24.94,5,3,9.35,-10.97
3,cb06dd19-381c-4513-8a9b-17b6e349adde,9df8fe36-708a-48f0-907f-d29e4b838083,足球精灵,True,17,0.0,100.0,0,0,5.58,26.12,3,3,8.29,-9.49
3,cb06dd19-381c-4513-8a9b-17b6e349adde,a0a40c58-92e7-4ee8-a1bd-d2ea7bfe8908,薛西斯军,True,17,0.0,100.0,0,0,2.78,26.47,4,4,11.82,-10.75
3,cb06dd19-381c-4513-8a9b-17b6e349adde,a0c9921b-5fca-46a9-9356-3fc9360e0253,祖母绿光,True,17,0.0,100.0,0,0,3.98,26.65,3,5,11.1,-11.34
3,cb06dd19-381c-4513-8a9b-17b6e349adde,a2332c17-c381-4780-b589-94c4f12f1991,克鲁格园,True,17,13.24,87.65,0,0,3.97,25.65,6,4,11.75,-8.31
3,cb06dd19-381c-4513-8a9b-17b6e349adde,a28c9ba2-440b-487e-bbf2-ccc2d2cfb323,飞驴切沃,True,16,15.0,86.0,0,0,1.48,26.62,5,6,11.93,-11.23
3,cb06dd19-381c-4513-8a9b-17b6e349adde,a4bd10dd-8eb2-4436-af34-ca71729a7606,美因茨红,True,16,0.0,100.0,0,0,2.59,25.44,6,4,11.68,-11.29
3,cb06dd19-381c-4513-8a9b-17b6e349adde,a4c7a0b3-a574-48a6-8f5b-e87bf47b17bd,药厂勒沃,True,17,10.71,90.12,0,0,5.02,24.59,5,2,6.33,-10.11
3,cb06dd19-381c-4513-8a9b-17b6e349adde,a513e312-2947-41ac-8191-76c13178ef90,沙漠孤鹰,True,16,0.0,100.0,0,0,2.89,25.38,3,3,5.78,-11.65
3,cb06dd19-381c-4513-8a9b-17b6e349adde,a5671302-f5d6-497a-ae3f-c39c2f4eead3,日耳曼战,True,17,0.0,100.0,0,0,4.55,25.06,4,2,11.74,-10.59
3,cb06dd19-381c-4513-8a9b-17b6e349adde,a729c9b9-d105-471a-bb71-ffd3bf626fbf,麒麟踏云,True,17,0.0,100.0,0,0,3.57,26.24,2,5,12.02,-11.66
3,cb06dd19-381c-4513-8a9b-17b6e349adde,a77b1305-eb69-4e84-a3b0-a68c1ed073e5,红魔曼联,True,17,15.0,86.0,0,0,3.37,26.41,5,4,17.51,-11.63
3,cb06dd19-381c-4513-8a9b-17b6e349adde,a7997283-358e-4c86-bb5c-1bbe865b736a,农场主富勒,True,16,0.0,100.0,0,0,5.61,25.0,5,2,8.76,-12.82
3,cb06dd19-381c-4513-8a9b-17b6e349adde,a8b4d912-316d-4247-a375-5237b6dd9517,青龙偃月,True,17,17.65,82.35,0,0,10.06,24.12,5,1,12.75,-10.65
3,cb06dd19-381c-4513-8a9b-17b6e349adde,a8daeebf-77a6-467b-af74-82520b31d1df,食蚁兽长,True,16,13.0,88.0,0,0,5.41,25.94,2,4,14.4,-8.95
3,cb06dd19-381c-4513-8a9b-17b6e349adde,a8f5236d-ed25-4d79-9fbc-2a6e237590f4,阿里巴巴,True,16,0.0,100.0,0,0,-1.61,27.81,2,6,6.13,-11.46
3,cb06dd19-381c-4513-8a9b-17b6e349adde,a9abf299-7238-49ce-9147-f3a64cc2ce1b,公牛都灵,True,16,13.5,87.25,0,0,7.05,23.69,7,1,10.1,-10.19
3,cb06dd19-381c-4513-8a9b-17b6e349adde,a9b5b0e7-7b38-4883-8a10-f08b6e204fd0,狼堡沃尔夫,True,17,0.0,100.0,0,0,2.94,26.53,3,5,10.97,-11.39
3,cb06dd19-381c-4513-8a9b-17b6e349adde,a9e2ee7c-196e-406b-8a61-7a12de641391,猫眼石闪,True,17,9.06,91.76,0,0,5.29,24.71,7,3,11.26,-8.04
3,cb06dd19-381c-4513-8a9b-17b6e349adde,aac28b58-decc-4ebb-b817-1a1b4b7ed73a,阿拉维斯,True,17,12.35,83.88,0,0,8.79,23.82,6,0,7.66,0.0
3,cb06dd19-381c-4513-8a9b-17b6e349adde,aadbd3a9-b5b8-40b3-bc10-fa7795c32060,蜜蜂布伦特,True,17,0.0,100.0,0,0,4.49,25.94,4,3,11.31,-11.54
3,cb06dd19-381c-4513-8a9b-17b6e349adde,ad25703e-0053-415e-8523-0d2730ac9365,狼队伍尔弗,True,17,13.24,87.65,0,0,9.72,23.29,6,0,9.7,0.0
3,cb06dd19-381c-4513-8a9b-17b6e349adde,ad44aa92-5680-4336-b85b-25d37bcc796f,大黄蜂多,True,16,6.0,93.0,0,0,6.09,26.19,2,3,21.53,-10.73
3,cb06dd19-381c-4513-8a9b-17b6e349adde,ae6dc05a-edf4-460a-8f15-00a7210e38db,老鹰水晶宫,True,16,11.38,86.44,0,0,4.56,24.88,5,2,13.05,-10.09
3,cb06dd19-381c-4513-8a9b-17b6e349adde,ae87bcfc-d77a-4910-8d64-9fc17100da25,角马迁徙,True,16,0.0,100.0,0,0,2.48,27.56,1,6,11.26,-7.84
3,cb06dd19-381c-4513-8a9b-17b6e349adde,af0a19de-6d42-4cff-8708-16eb0a12603c,马略卡岛,True,17,14.82,86.0,0,0,-0.06,26.71,5,5,6.4,-11.74
3,cb06dd19-381c-4513-8a9b-17b6e349adde,b04ea948-66e6-4998-863f-bcbc9927f0c7,食人鱼群,True,17,0.0,100.0,0,0,4.36,26.29,3,4,13.24,-8.51
3,cb06dd19-381c-4513-8a9b-17b6e349adde,b324d8ce-d613-460e-87db-74ad94d92d35,枪手兵工厂,True,16,0.0,100.0,0,0,6.73,24.31,5,1,7.08,-12.5
3,cb06dd19-381c-4513-8a9b-17b6e349adde,b4107dca-e269-4f3a-8ab1-a36b3e309113,红军利物浦,True,16,12.19,88.75,0,0,1.52,26.5,4,5,18.03,-8.84
3,cb06dd19-381c-4513-8a9b-17b6e349adde,b4921016-e7cb-4a6a-b6b1-be4c5a053f7b,青云直上,True,17,12.24,88.71,0,0,6.8,25.47,5,2,11.0,-11.71
3,cb06dd19-381c-4513-8a9b-17b6e349adde,b60163ef-97d5-4976-8fed-85ae5dfc5b3f,塞尔塔天,True,17,14.12,83.65,0,0,9.52,24.47,4,2,13.84,-10.8
3,cb06dd19-381c-4513-8a9b-17b6e349adde,b6d8396d-19f1-4386-88e0-93a3818eef4a,斑马条纹,True,17,16.94,84.0,0,0,5.11,24.94,5,3,11.94,-10.06
3,cb06dd19-381c-4513-8a9b-17b6e349adde,b6dd5442-7f02-480a-9abd-e47600d0cfe6,金石为开,True,17,14.12,85.88,0,0,5.85,24.94,4,3,11.73,-13.51
3,cb06dd19-381c-4513-8a9b-17b6e349adde,b757ce5d-d52d-4f60-93fe-8f5613340a47,乌拉圭牛,True,16,0.0,98.12,0,0,3.36,26.19,4,4,15.67,-10.51
3,cb06dd19-381c-4513-8a9b-17b6e349adde,b77ab317-4751-4e3a-aca1-21cad5ef5341,狂熊撼地,True,17,15.0,85.0,0,0,7.05,24.65,6,3,8.43,-11.43
3,cb06dd19-381c-4513-8a9b-17b6e349adde,b9010125-c177-46f0-ac56-eda4ec51d4f8,红尘滚滚,True,16,11.38,89.5,0,0,8.04,24.81,7,4,15.49,-8.69
3,cb06dd19-381c-4513-8a9b-17b6e349adde,b9155ad9-e3b9-436a-af60-85e08ee184d9,钢铁柏林,True,16,0.0,98.12,0,0,7.46,25.69,3,3,20.72,-11.45
3,cb06dd19-381c-4513-8a9b-17b6e349adde,bc4fdf86-d4fc-406e-b527-32b06cd5f360,印加帝国,True,17,14.12,86.82,0,0,2.0,26.94,2,6,7.22,-10.69
3,cb06dd19-381c-4513-8a9b-17b6e349adde,bca64a9c-5aa4-4b59-a840-dccca22ca4ec,美洲豹王,True,16,8.0,92.0,0,0,7.37,25.25,3,2,17.98,-11.51
3,cb06dd19-381c-4513-8a9b-17b6e349adde,be2cac80-28c9-42b2-b208-fe897bc8bf38,紫电鹰扬,True,16,13.0,88.0,0,0,4.63,26.06,2,2,13.14,-11.43
3,cb06dd19-381c-4513-8a9b-17b6e349adde,bff686b7-f43b-4ee6-ab47-65f08e42f3e7,闪电杰尼,False,14,0.0,100.0,0,0,-1.66,28.21,2,6,11.91,-10.68
3,cb06dd19-381c-4513-8a9b-17b6e349adde,c2e849d6-e49c-42a2-aded-da25324efa95,潘帕斯草,True,16,12.19,88.62,0,0,3.66,26.31,3,3,20.83,-10.61
3,cb06dd19-381c-4513-8a9b-17b6e349adde,c3a306c8-0370-4557-b17a-8cdc9b246873,金毛狮王,True,16,14.06,86.88,0,0,5.18,25.06,6,2,11.12,-8.06
3,cb06dd19-381c-4513-8a9b-17b6e349adde,c567348e-56d2-41b5-b3bf-f12c1877cf25,绿茵魔术师,True,16,14.06,86.88,0,0,3.04,25.69,5,3,17.22,-12.79
3,cb06dd19-381c-4513-8a9b-17b6e349adde,c5695aa8-498f-413e-b73b-3d10e4c4ffff,蝙蝠军团,True,17,14.12,86.82,0,0,6.86,25.35,2,2,6.8,-10.9
3,cb06dd19-381c-4513-8a9b-17b6e349adde,c866a5c5-bf7f-4657-927d-b32818896bd3,马赛勇士,True,17,0.0,100.0,0,0,6.52,25.76,4,5,15.65,-9.97
3,cb06dd19-381c-4513-8a9b-17b6e349adde,c8c72df5-e356-4b13-8e8f-ec88b7674dd2,紫百合佛,True,16,17.5,83.38,0,0,7.37,23.25,8,1,9.49,-12.5
3,cb06dd19-381c-4513-8a9b-17b6e349adde,c9103d51-f0d0-4508-bbbc-cd0e215b80cb,三狮军团,True,16,13.0,88.0,0,0,5.26,27.12,5,7,17.1,-10.16
3,cb06dd19-381c-4513-8a9b-17b6e349adde,c94a55b6-39c8-4129-81c7-f3b325e407be,沙漠之舟,True,16,14.62,87.0,0,0,2.08,25.62,5,3,9.98,-11.57
3,cb06dd19-381c-4513-8a9b-17b6e349adde,c9dd425d-59a1-4fa5-83c9-4b7ce2f7f429,巴塔哥尼,True,16,0.0,100.0,0,0,4.38,26.5,3,3,18.9,-10.79
3,cb06dd19-381c-4513-8a9b-17b6e349adde,cce953b5-24b2-4111-b169-c7ee24250baa,塞维利业,True,17,0.0,98.12,0,0,3.77,25.59,5,3,9.37,-10.0
3,cb06dd19-381c-4513-8a9b-17b6e349adde,ced36a6a-ff76-4d6e-b530-155bef975c6f,纳斯卡线,True,17,13.24,86.76,0,0,7.27,24.71,3,2,6.55,-10.84
3,cb06dd19-381c-4513-8a9b-17b6e349adde,cf38b978-2024-45a7-8f20-99dfe99fa0b8,格拉纳达,True,17,0.0,100.0,0,0,6.13,25.12,5,2,10.16,-11.24
3,cb06dd19-381c-4513-8a9b-17b6e349adde,cfbaab7e-1b94-4a03-b11d-ffe126ca94ae,刚果雨林,True,17,0.0,100.0,0,0,3.75,25.0,8,6,9.73,-10.02
3,cb06dd19-381c-4513-8a9b-17b6e349adde,d05a7cac-77cc-4fa9-8eba-d3db36881a4f,矿工沙尔,True,16,1.75,95.62,0,0,-3.22,27.06,4,5,8.66,-11.82
3,cb06dd19-381c-4513-8a9b-17b6e349adde,d1528662-c97b-4af7-ab2f-e98b795cdda4,斯图加特,True,17,0.0,98.12,0,0,1.45,25.65,6,4,11.72,-11.29
3,cb06dd19-381c-4513-8a9b-17b6e349adde,d1c0d939-c777-4a8e-b87d-ede88c6e6abe,火狼焚原,True,16,15.44,84.62,0,0,5.17,25.5,5,3,13.78,-11.16
3,cb06dd19-381c-4513-8a9b-17b6e349adde,d20dd201-3871-43d1-afee-f407f87659b4,居鲁士帝,True,16,0.0,100.0,0,0,5.76,25.56,4,2,15.94,-9.12
3,cb06dd19-381c-4513-8a9b-17b6e349adde,d3286bd6-52f2-4571-afb5-cd2c361ab8ab,阿拉丁灯,True,16,0.0,100.0,0,0,10.24,23.75,4,2,6.65,-10.04
3,cb06dd19-381c-4513-8a9b-17b6e349adde,d3b66902-aa7c-408c-a3a8-2343ebc9cbe0,犀牛冲撞,True,17,0.0,98.24,0,0,-0.89,26.29,6,5,9.45,-11.39
3,cb06dd19-381c-4513-8a9b-17b6e349adde,d4b06680-c802-4b4f-8fd1-33bea289ade2,西海金龙,True,17,14.12,80.53,0,0,2.99,25.94,4,3,12.16,-10.85
3,cb06dd19-381c-4513-8a9b-17b6e349adde,d69d7488-960a-4778-a79c-a0330172ef4a,绿白贝蒂,True,17,0.0,100.0,0,0,3.8,26.12,4,5,13.01,-11.66
3,cb06dd19-381c-4513-8a9b-17b6e349adde,d871b731-c80d-4872-b5b2-59a8a7b126ee,圣保罗彩,True,17,16.94,84.94,0,0,5.05,25.47,4,4,11.7,-11.59
3,cb06dd19-381c-4513-8a9b-17b6e349adde,d89a5197-5cc5-4e06-971e-c198e16e5d18,桑布露族,True,16,0.0,100.0,0,0,1.07,25.56,4,2,7.29,-12.79
3,cb06dd19-381c-4513-8a9b-17b6e349adde,da33e4ad-66d5-433e-93ba-366a9c2daf3f,非洲野牛,True,17,0.0,100.0,0,0,-1.79,26.76,4,7,7.64,-11.39
3,cb06dd19-381c-4513-8a9b-17b6e349adde,da7e1fb6-644f-4f12-ac90-d8a9cf2d9645,真蓝黑亚,True,16,0.0,100.0,0,0,4.54,25.88,3,3,14.27,-10.05
3,cb06dd19-381c-4513-8a9b-17b6e349adde,de554813-103d-4ab7-a7b0-030d80a26303,阿拉伯军,True,17,0.0,100.0,0,0,1.89,25.35,5,3,8.79,-13.11
3,cb06dd19-381c-4513-8a9b-17b6e349adde,de838a52-9057-4623-a707-fd29fd23e02c,霍村霍芬,True,16,14.06,86.88,0,0,4.41,25.69,5,3,11.52,-12.07
3,cb06dd19-381c-4513-8a9b-17b6e349adde,df0c3811-9f00-451e-bd0a-4d22f839f910,红狼罗马,True,17,7.53,92.47,0,0,5.46,25.88,2,2,5.75,-13.91
3,cb06dd19-381c-4513-8a9b-17b6e349adde,df0cf5b2-3259-4822-b945-261c54e430ba,红牛莱比,True,17,13.24,87.65,0,0,4.35,24.94,5,3,11.87,-11.82
3,cb06dd19-381c-4513-8a9b-17b6e349adde,df29d5d7-141c-470c-b226-c2c18994aa4b,蓝鹰拉齐,True,17,0.0,100.0,0,0,8.77,24.29,3,0,9.91,0.0
3,cb06dd19-381c-4513-8a9b-17b6e349adde,e0c9eea6-67ef-4e89-adff-55007cad963b,撒丁岛卡,True,16,0.0,98.12,0,0,1.26,26.69,4,3,11.49,-9.42
3,cb06dd19-381c-4513-8a9b-17b6e349adde,e1027b61-123f-401b-b628-e0b3a79eaea6,阿散蒂金,True,16,0.0,96.06,0,0,4.37,25.69,5,5,12.87,-9.09
3,cb06dd19-381c-4513-8a9b-17b6e349adde,e1c28409-400e-4cae-b1a2-bf81ab44ac90,拉普拉塔,True,16,0.0,98.25,0,0,4.37,25.75,5,3,7.49,-9.83
3,cb06dd19-381c-4513-8a9b-17b6e349adde,e1ee3921-d9a9-48ce-a389-3fa4d0dcbf50,草原战狼,True,17,14.12,87.65,0,0,3.63,25.82,3,3,5.63,-10.99
3,cb06dd19-381c-4513-8a9b-17b6e349adde,e5e69a4d-63f0-4e62-addb-b51923c6289b,巴斯克雄,True,17,15.88,85.0,0,0,5.92,25.41,5,3,13.12,-7.6
3,cb06dd19-381c-4513-8a9b-17b6e349adde,e5f8b687-80b4-4e5b-9398-0f67c674604a,绿洲明珠,True,17,9.41,89.65,0,0,1.42,26.18,4,2,11.17,-11.09
3,cb06dd19-381c-4513-8a9b-17b6e349adde,e6003d82-a938-4dc4-864c-b63501f2ae70,尼罗河源,True,16,0.0,100.0,0,0,6.13,24.94,3,2,8.38,-8.1
3,cb06dd19-381c-4513-8a9b-17b6e349adde,e8069429-7f4a-4735-a309-c9f73c6a9942,能源霸主,True,16,18.0,83.0,0,0,0.5,27.31,2,3,12.29,-12.63
3,cb06dd19-381c-4513-8a9b-17b6e349adde,e87b425e-c078-458e-8712-5812eb2007cd,赤龙焚天,True,16,10.31,89.69,0,0,12.05,23.81,6,1,17.48,-2.49
3,cb06dd19-381c-4513-8a9b-17b6e349adde,e94e5257-ab68-4ad7-847b-1173ce6578be,图西胡图,True,17,0.0,100.0,0,0,4.15,25.18,6,5,11.18,-11.56
3,cb06dd19-381c-4513-8a9b-17b6e349adde,e9dd35ad-da38-4f78-8495-797e678b3c20,香料之路,True,16,13.12,87.75,0,0,6.67,24.69,6,2,13.19,-12.57
3,cb06dd19-381c-4513-8a9b-17b6e349adde,eb2f1e87-4901-4c3f-93e5-4bc8a6a03f06,土耳其近,True,17,0.0,100.0,0,0,3.46,26.29,4,6,12.92,-11.64
3,cb06dd19-381c-4513-8a9b-17b6e349adde,ed5c6eb4-7eaa-4484-8711-9333b2d11b16,波斯地毯,True,17,7.53,92.47,0,0,8.03,24.65,6,2,12.47,-10.95
3,cb06dd19-381c-4513-8a9b-17b6e349adde,eeb45694-9f5a-4bb9-ab06-6b9b79d06670,紫电龙骑,True,16,0.0,96.94,0,0,0.21,28.0,2,7,9.78,-11.35
3,cb06dd19-381c-4513-8a9b-17b6e349adde,f040b65b-6bca-4d22-8209-5db13b34e775,探戈情人,True,17,14.12,87.65,0,0,0.75,25.76,5,4,7.81,-10.18
3,cb06dd19-381c-4513-8a9b-17b6e349adde,f0be488b-4f4e-4f97-9eb1-8868116d7b93,小海马萨,True,16,13.0,88.0,0,0,0.26,26.5,3,5,13.21,-13.11
3,cb06dd19-381c-4513-8a9b-17b6e349adde,f0c2b81f-e7a2-4001-8b08-d92dea47338f,不来梅绿,True,17,10.35,90.59,0,0,4.4,25.76,4,5,12.61,-8.99
3,cb06dd19-381c-4513-8a9b-17b6e349adde,f13044b1-6e84-4b16-8f06-e695944e0bb7,亚马逊河,True,16,0.0,100.0,0,0,4.16,26.5,1,4,19.54,-10.68
3,cb06dd19-381c-4513-8a9b-17b6e349adde,f239bd15-2cb8-4f6d-9d6f-5adea01696ff,圣徒南安普,True,17,0.0,100.0,0,0,3.4,24.12,6,2,7.17,-11.67
3,cb06dd19-381c-4513-8a9b-17b6e349adde,f37aae86-41db-49a2-be9f-d239ed67a9d7,玛瑙石红,True,17,0.0,100.0,0,0,0.84,26.76,3,6,13.65,-10.78
3,cb06dd19-381c-4513-8a9b-17b6e349adde,f3ec8fde-fe3c-43c9-aec6-6084ea0ce620,汽油骑士,True,17,0.0,98.24,0,0,1.77,24.88,7,3,12.04,-11.0
3,cb06dd19-381c-4513-8a9b-17b6e349adde,f5fab24c-152b-4150-ae51-5faa82e9aff4,白百合热,True,16,0.0,100.0,0,0,5.68,24.81,6,4,16.7,-11.28
3,cb06dd19-381c-4513-8a9b-17b6e349adde,fb87ae66-a9df-487c-ab8a-5840eeac1d07,雷霆万钧,True,16,12.19,88.62,0,0,5.64,24.19,7,1,10.03,-1.54
3,cb06dd19-381c-4513-8a9b-17b6e349adde,fc06cf91-c305-493c-84ba-bd93802991fc,热带雨林,True,17,0.0,100.0,0,0,0.75,26.47,4,6,9.57,-11.44
3,cb06dd19-381c-4513-8a9b-17b6e349adde,fd2d0447-d660-47dd-a0dc-12f7ebfc2e65,银河战舰,True,16,15.0,85.0,0,0,3.52,27.19,2,5,16.02,-8.93
3,cb06dd19-381c-4513-8a9b-17b6e349adde,fd2f2ffd-b02d-4117-b2aa-f0c1c9b83553,森林之语,True,16,8.94,91.88,0,0,8.1,23.06,8,1,8.74,-12.4
3,cb06dd19-381c-4513-8a9b-17b6e349adde,fdb06b8f-684f-4761-b62e-22e64c5971b5,波斯猫王,True,17,15.0,85.0,0,0,2.24,25.82,6,6,9.72,-10.87
3,cb06dd19-381c-4513-8a9b-17b6e349adde,fde969e3-86ac-462d-bbc1-963eab38b504,沙漠之狐,True,16,1.62,96.75,0,0,8.52,23.81,7,1,12.99,-10.38
3,cb06dd19-381c-4513-8a9b-17b6e349adde,fe128fb9-67f0-4d49-80e5-bb6292a71be2,铁翼飞鹰,True,16,0.0,100.0,0,0,3.63,26.06,5,5,17.48,-11.7
3,cb06dd19-381c-4513-8a9b-17b6e349adde,ff2dd69b-ac4c-4ce3-af23-521daf536eed,斑马军团,True,16,14.06,86.88,0,0,4.08,25.06,6,3,16.85,-11.57
3,cb06dd19-381c-4513-8a9b-17b6e349adde,ff55cef1-9862-4d72-9ba4-3d241938741b,巴格达城,True,17,0.0,100.0,0,0,3.57,26.12,4,4,15.46,-11.64
