season_number,season_id,team_id,team_name,is_ai,league_id,league_level,position,points,played,won,drawn,lost,goals_for,goals_against,goal_difference,roster_count,avg_ovr,top8_ovr,max_ovr,contracts_signed,rookie_contracts,academy_signings,rookie_market_signings,free_market_signings,auto_fill_signings,wage_cap,wage_bill,wage_pressure_pct,balance,financial_health,overspend_level,reserve_budget,reserve_spent,reserve_auto_used,reserve_medical_used,reserve_events_used,reserve_usage_pct,reserve_pct_of_locked,medical_count,medical_cost,medical_reserve_paid,medical_cash_paid,medical_enhanced,medical_specialist,medical_aggressive,medical_avg_days_reduced
1,652de4c5-3ffb-42af-9203-8e06a0c6411a,00983e2e-e8bd-47be-a022-5774b994caa7,蓝黑战士,True,e223266b-c6e0-4a6a-a563-2102a14329cc,4,3,24,14,8,0,6,18,21,-3,16,48.81,55.5,66,5,0,1,1,0,0,1600000.0,382743.0,23.92,11657725.02,A,none,245000.0,0.0,0.0,0.0,0,0.0,10.0,0,0,0,0,0,0,0,0.0
1,652de4c5-3ffb-42af-9203-8e06a0c6411a,0192de1b-b1f4-4f4b-af0f-934452bda0d1,武当太极,True,85573765-1fce-4719-b455-9bedb7fc3852,4,5,19,14,4,7,3,12,12,0,16,47.88,52.38,56,5,0,1,1,0,0,1600000.0,296163.0,18.51,11268156.98,A,none,283000.0,0.0,0.0,0.0,0,0.0,10.0,0,0,0,0,0,0,0,0.0
1,652de4c5-3ffb-42af-9203-8e06a0c6411a,02674860-147a-44e2-843a-da5f0e9f81bc,蓝宝石海,True,5a1305b1-6c9f-466f-90ba-497869aec914,4,6,18,14,6,0,8,23,31,-8,16,48.75,52.25,65,5,0,1,1,0,0,1600000.0,354586.0,22.16,11448071.0,A,none,245000.0,0.0,0.0,0.0,0,0.0,10.0,0,0,0,0,0,0,0,0.0
1,652de4c5-3ffb-42af-9203-8e06a0c6411a,03832f41-a31c-4d42-a687-158df7a831d7,魔毯飞行,True,f6846932-f050-4653-9ecf-52a00fe9cb8b,4,7,14,14,3,5,6,27,35,-8,16,49.88,55.62,68,6,0,1,1,0,0,1600000.0,340543.0,21.28,11194239.98,A,none,283000.0,0.0,0.0,0.0,0,0.0,10.0,0,0,0,0,0,0,0,0.0
1,652de4c5-3ffb-42af-9203-8e06a0c6411a,090b2c3b-fb42-4eaa-a978-2463ed4dc234,玄武镇海,True,063f8474-c0c2-42ac-a632-72dd33d2156d,4,2,25,14,8,1,5,31,20,11,16,50.06,55.25,63,4,0,1,1,0,0,1600000.0,381663.0,23.85,11825360.02,A,none,245000.0,0.0,0.0,0.0,0,0.0,10.0,0,0,0,0,0,0,0,0.0
1,652de4c5-3ffb-42af-9203-8e06a0c6411a,0a5b6a82-d483-486a-9d11-592a154fbf0c,绿洲驼队,True,81e6f8c8-40b9-4a8e-a10f-70349088f131,3,5,19,14,6,1,7,22,31,-9,16,54.94,60.12,65,3,0,1,1,0,0,2250000.0,499413.0,22.2,16395127.02,A,none,370000.0,0.0,0.0,0.0,0,0.0,10.0,0,0,0,0,0,0,0,0.0
1,652de4c5-3ffb-42af-9203-8e06a0c6411a,0fc36386-3ee4-4343-9c56-3b6ccc661da3,猎豹闪电,True,984e1619-0888-4e41-8645-d8265a23e11a,4,7,14,14,3,5,6,24,46,-22,17,46.47,52.25,59,7,0,3,1,0,0,1600000.0,330837.0,20.68,10878903.77,A,none,396200.0,0.0,0.0,0.0,0,0.0,14.0,0,0,0,0,0,0,0,0.0
1,652de4c5-3ffb-42af-9203-8e06a0c6411a,1135d594-4576-4c49-8126-ef5d77f4c9de,烈焰狂狮,True,984e1619-0888-4e41-8645-d8265a23e11a,4,6,15,14,3,6,5,11,18,-7,16,51.31,55.88,62,6,0,1,1,0,0,1600000.0,350108.0,21.88,11202341.02,A,none,283000.0,0.0,0.0,0.0,0,0.0,10.0,0,0,0,0,0,0,0,0.0
1,652de4c5-3ffb-42af-9203-8e06a0c6411a,11bbc8df-418e-40ea-a638-3ee287139ed6,雪豹冰山,True,984e1619-0888-4e41-8645-d8265a23e11a,4,4,18,14,4,6,4,18,17,1,15,50.4,55.75,63,6,0,1,1,0,0,1600000.0,318486.0,19.91,11254967.02,A,none,283000.0,0.0,0.0,0.0,0,0.0,10.0,0,0,0,0,0,0,0,0.0
1,652de4c5-3ffb-42af-9203-8e06a0c6411a,121a8ce8-a60e-4dbc-8943-f888ae0138df,波斯勇士,True,3bbbf391-d072-458c-b316-23bb079f6409,4,1,31,14,10,1,3,32,17,15,16,51.0,56.62,72,6,0,1,1,0,0,1600000.0,391397.0,24.46,11182977.98,A,none,283000.0,0.0,0.0,0.0,0,0.0,10.0,0,0,0,0,0,0,0,0.0
1,652de4c5-3ffb-42af-9203-8e06a0c6411a,12b9b35d-129c-462a-b966-ec1e353e0928,苍鹰搏兔,True,80e76669-51ec-4483-90e0-04abceda5702,3,4,21,14,5,6,3,34,27,7,16,54.81,61.5,68,5,0,1,1,0,0,2250000.0,534823.0,23.77,16440172.02,A,none,370000.0,0.0,0.0,0.0,0,0.0,10.0,0,0,0,0,0,0,0,0.0
1,652de4c5-3ffb-42af-9203-8e06a0c6411a,13ff2225-f620-4205-8acb-fc3b5053862a,非洲犀牛,True,3ef58883-b984-4286-b63c-a994639b1eda,4,4,19,14,5,4,5,19,18,1,16,49.44,54.75,60,4,0,1,1,0,0,1600000.0,319305.0,19.96,11235851.98,A,none,283000.0,0.0,0.0,0.0,0,0.0,10.0,0,0,0,0,0,0,0,0.0
1,652de4c5-3ffb-42af-9203-8e06a0c6411a,163b7787-c249-4bfa-8242-a0f2b860d2cf,大地之力,True,978840be-6c69-4b6c-91b2-03a6e1e7fde3,4,4,20,14,5,5,4,24,26,-2,16,51.31,56.62,65,4,0,1,1,0,0,1600000.0,388302.0,24.27,11222958.0,A,none,283000.0,0.0,0.0,0.0,0,0.0,10.0,0,0,0,0,0,0,0,0.0
1,652de4c5-3ffb-42af-9203-8e06a0c6411a,1737da78-c242-462b-8962-3694873576be,雄鹰法兰,True,4a15f14c-28e8-4c2f-90de-d5363e91566a,4,8,6,14,1,3,10,23,50,-27,16,50.38,55.75,64,6,0,1,1,0,0,1600000.0,342045.0,21.38,11023393.0,A,none,245000.0,0.0,0.0,0.0,0,0.0,10.0,0,0,0,0,0,0,0,0.0
1,652de4c5-3ffb-42af-9203-8e06a0c6411a,18090434-c547-4e31-bc35-c7efb038c31d,宇宙巴萨,True,b8d9fdd9-7a6c-43c2-910e-c0bb5fbd34fe,3,3,21,14,6,3,5,25,24,1,16,56.25,63.38,70,5,0,1,0,0,0,2250000.0,553156.0,24.58,16813723.0,A,none,326000.0,0.0,0.0,0.0,0,0.0,10.0,0,0,0,0,0,0,0,0.0
1,652de4c5-3ffb-42af-9203-8e06a0c6411a,1950e07c-a077-441f-b406-16b12daa45c7,西班牙人,True,51f4a3d3-c63e-45d9-9e79-c2cad398765f,3,8,14,14,3,5,6,15,18,-3,16,52.31,56.5,63,5,0,1,1,0,0,2250000.0,424094.0,18.85,16373844.02,A,none,370000.0,0.0,0.0,0.0,0,0.0,10.0,0,0,0,0,0,0,0,0.0
1,652de4c5-3ffb-42af-9203-8e06a0c6411a,19d4e548-1c7f-4706-a0df-f0446a99c617,金豹捕猎,True,984e1619-0888-4e41-8645-d8265a23e11a,4,3,20,14,6,2,6,32,26,6,16,49.62,54.75,64,5,0,1,1,0,0,1600000.0,343064.0,21.44,11276509.0,A,none,283000.0,0.0,0.0,0.0,0,0.0,10.0,0,0,0,0,0,0,0,0.0
1,652de4c5-3ffb-42af-9203-8e06a0c6411a,1a3f033a-4e73-46cb-8f58-d20c32e04fd2,西域雪狼,True,21145133-3f98-4f16-a80a-28ea1a3c0858,3,2,26,14,8,2,4,42,32,10,16,56.25,62.75,70,3,0,1,1,0,0,2250000.0,541145.0,24.05,16286945.98,A,none,370000.0,0.0,0.0,0.0,0,0.0,10.0,0,0,0,0,0,0,0,0.0
1,652de4c5-3ffb-42af-9203-8e06a0c6411a,1c91e42f-e538-4301-89c5-50c7324055dc,高乔骑士,True,525cb008-853b-4a8e-9d81-87146fae5cde,2,6,15,14,4,3,7,40,48,-8,16,59.31,65.62,72,6,0,1,1,0,0,3100000.0,670354.0,21.62,22158425.98,A,none,415000.0,0.0,0.0,0.0,0,0.0,10.0,0,0,0,0,0,0,0,0.0
1,652de4c5-3ffb-42af-9203-8e06a0c6411a,1e00f974-ec58-4b4c-be20-faf412d9027e,汉诺威红,True,c88d210b-d92c-4ca6-b6ae-dbcbd50db99f,4,2,24,14,7,3,4,42,27,15,16,49.62,55.75,65,5,0,1,1,0,0,1600000.0,399373.0,24.96,11403236.0,A,none,416500.0,0.0,0.0,0.0,0,0.0,17.0,0,0,0,0,0,0,0,0.0
1,652de4c5-3ffb-42af-9203-8e06a0c6411a,1f522e60-e720-4a28-a30d-1352879957b4,弯月之星,True,f5757d67-4592-4ae1-97d4-07b3a5db56d8,3,5,19,14,6,1,7,26,23,3,17,54.41,59.12,70,6,0,4,0,0,0,2250000.0,538813.0,23.95,15918256.98,A,none,666000.0,0.0,0.0,0.0,0,0.0,18.0,0,0,0,0,0,0,0,0.0
1,652de4c5-3ffb-42af-9203-8e06a0c6411a,1fc0382f-e8e4-4817-8a9b-86acd3f47e81,冰狼踏雪,True,21145133-3f98-4f16-a80a-28ea1a3c0858,3,3,24,14,7,3,4,31,21,10,17,55.59,62.5,70,7,0,3,0,0,0,2250000.0,652911.0,29.02,16439031.98,A,none,521600.0,0.0,0.0,0.0,0,0.0,16.0,0,0,0,0,0,0,0,0.0
1,652de4c5-3ffb-42af-9203-8e06a0c6411a,20979679-9c36-4bfc-8639-cd644706a4f1,皇家社会,True,b8d9fdd9-7a6c-43c2-910e-c0bb5fbd34fe,3,6,16,14,4,4,6,31,29,2,16,55.5,60.62,70,3,0,1,1,0,0,2250000.0,529510.0,23.53,15861126.98,A,none,629000.0,0.0,0.0,0.0,0,0.0,17.0,0,0,0,0,0,0,0,0.0
1,652de4c5-3ffb-42af-9203-8e06a0c6411a,2125a9ec-76c0-4c3f-90e8-039afd4c2e5e,山楂球西布,True,7c131cbb-9f4f-4a27-acc5-3d703d63275b,2,3,20,14,6,2,6,24,25,-1,16,56.88,63.62,69,5,0,1,1,0,0,3100000.0,611165.0,19.71,21967799.0,A,none,664000.0,0.0,0.0,0.0,0,0.0,16.0,0,0,0,0,0,0,0,0.0
1,652de4c5-3ffb-42af-9203-8e06a0c6411a,225a9ffb-e671-4019-93cc-cbc6572216de,草原猎鹰,True,80e76669-51ec-4483-90e0-04abceda5702,3,3,22,14,6,4,4,20,19,1,16,54.75,61.0,68,5,0,1,1,0,0,2250000.0,568424.0,25.26,16701321.98,A,none,326000.0,0.0,0.0,0.0,0,0.0,10.0,0,0,0,0,0,0,0,0.0
1,652de4c5-3ffb-42af-9203-8e06a0c6411a,23d24ae7-74bc-4ad2-9b70-0df8e9f10c5d,威尼斯假,True,f166be2f-3d1b-40e7-b136-d4736138344e,3,5,19,14,6,1,7,23,34,-11,16,56.75,63.25,69,2,0,0,0,0,0,2250000.0,540863.0,24.04,13264062.75,A,none,370000.0,0.0,0.0,0.0,0,0.0,10.0,0,0,0,0,0,0,0,0.0
1,652de4c5-3ffb-42af-9203-8e06a0c6411a,242e04d1-fbaf-4773-9832-f963bb36cdbf,贝都因骑,True,97f656a1-354e-476a-804e-57d7795aa34c,4,3,23,14,7,2,5,24,20,4,16,50.5,56.25,67,3,0,1,1,0,0,1600000.0,393981.0,24.62,11246047.98,A,none,283000.0,0.0,0.0,0.0,0,0.0,10.0,0,0,0,0,0,0,0,0.0
1,652de4c5-3ffb-42af-9203-8e06a0c6411a,2465461a-8563-46cd-873a-baaa6a467841,大流士王,True,3bbbf391-d072-458c-b316-23bb079f6409,4,8,15,14,4,3,7,10,16,-6,16,50.69,56.5,69,6,0,1,1,0,0,1600000.0,344442.0,21.53,11169193.0,A,none,283000.0,0.0,0.0,0.0,0,0.0,10.0,0,0,0,0,0,0,0,0.0
1,652de4c5-3ffb-42af-9203-8e06a0c6411a,246f43f2-0e83-4eb6-8f73-abd9beda391d,蓝月亮城,True,b3969166-c99e-42ea-989f-ea1a807fbb29,1,5,16,14,4,4,6,28,28,0,17,63.59,70.38,78,5,0,0,0,0,0,4200000.0,1063735.0,25.33,18314889.25,A,none,580000.0,0.0,0.0,0.0,0,0.0,10.0,0,0,0,0,0,0,0,0.0
1,652de4c5-3ffb-42af-9203-8e06a0c6411a,249c854a-a6cf-4ef6-b379-4253c33a08f4,非洲猎豹,True,3ef58883-b984-4286-b63c-a994639b1eda,4,2,26,14,8,2,4,34,25,9,16,50.94,56.5,66,5,0,0,0,0,0,1600000.0,407255.0,25.45,10959116.54,A,none,441000.0,0.0,0.0,0.0,0,0.0,18.0,0,0,0,0,0,0,0,0.0
1,652de4c5-3ffb-42af-9203-8e06a0c6411a,24ee4c01-522f-45bb-b7b2-f6a47a1598d3,罗马狼王,True,e223266b-c6e0-4a6a-a563-2102a14329cc,4,1,26,14,8,2,4,28,17,11,16,51.44,58.25,67,6,0,1,1,0,0,1600000.0,400637.0,25.04,11143647.02,A,none,283000.0,0.0,0.0,0.0,0,0.0,10.0,0,0,0,0,0,0,0,0.0
1,652de4c5-3ffb-42af-9203-8e06a0c6411a,2678b819-3da4-4304-a4fc-0973fd2f630e,塞伦盖蒂,True,1e886f7d-fd94-4c98-96ea-273a8b3a6e29,4,6,16,14,4,4,6,28,29,-1,16,48.88,53.62,58,7,0,2,1,0,0,1600000.0,335845.0,20.99,11207486.02,A,none,283000.0,0.0,0.0,0.0,0,0.0,10.0,0,0,0,0,0,0,0,0.0
1,652de4c5-3ffb-42af-9203-8e06a0c6411a,274fc978-b187-40f1-ab2e-8de5ba54d181,天然气王,True,f8c7642e-6116-431e-ab83-cd140737a4aa,2,2,27,14,9,0,5,43,39,4,16,59.44,67.25,71,6,0,1,1,0,0,3100000.0,839727.0,27.09,21647879.0,A,none,467000.0,0.0,0.0,0.0,0,0.0,10.0,0,0,0,0,0,0,0,0.0
1,652de4c5-3ffb-42af-9203-8e06a0c6411a,27550134-d903-4055-ab54-4af1341d4314,撒哈拉驼,True,b6ddea43-79ab-4ac6-959c-3171dbce21ff,1,1,32,14,10,2,2,46,31,15,16,64.19,69.38,74,7,0,1,1,0,0,4200000.0,1074012.0,25.57,27121672.0,A,none,580000.0,0.0,0.0,0.0,0,0.0,10.0,0,0,0,0,0,0,0,0.0
1,652de4c5-3ffb-42af-9203-8e06a0c6411a,278885b1-f652-4775-92de-8dcd14d9bc93,图阿雷格,True,97f656a1-354e-476a-804e-57d7795aa34c,4,2,26,14,7,5,2,27,19,8,16,50.88,57.25,64,6,0,1,0,0,0,1600000.0,353835.0,22.11,11713619.0,A,none,245000.0,0.0,0.0,0.0,0,0.0,10.0,0,0,0,0,0,0,0,0.0
1,652de4c5-3ffb-42af-9203-8e06a0c6411a,27a76999-b51f-4c41-b3d6-da7989a5c411,黑虎掏心,True,ed56aff1-b86b-4206-ba6f-d1c1d0ead9ca,2,4,19,14,6,1,7,31,37,-6,17,55.29,62.5,69,5,0,2,0,0,0,3100000.0,560484.0,18.08,21209420.02,A,none,793900.0,0.0,0.0,0.0,0,0.0,17.0,0,0,0,0,0,0,0,0.0
1,652de4c5-3ffb-42af-9203-8e06a0c6411a,296adf8c-b827-4c9d-8bb5-41e1f387f372,水豚憨态,True,5fde7b3c-5169-40e1-b27d-9965e3d15ab1,4,3,24,14,7,3,4,38,28,10,16,51.81,57.88,68,5,0,1,1,0,0,1600000.0,369793.0,23.11,10919421.02,A,none,396200.0,0.0,0.0,0.0,0,0.0,14.0,0,0,0,0,0,0,0,0.0
1,652de4c5-3ffb-42af-9203-8e06a0c6411a,2aab03b8-1a68-409b-b46b-324058dca0c6,科隆山羊,True,c88d210b-d92c-4ca6-b6ae-dbcbd50db99f,4,8,11,14,3,2,9,23,49,-26,15,47.73,51.25,58,5,0,1,1,1,0,1600000.0,286840.0,17.93,11230739.02,A,none,283000.0,0.0,0.0,0.0,0,0.0,10.0,0,0,0,0,0,0,0,0.0
1,652de4c5-3ffb-42af-9203-8e06a0c6411a,2b6cd430-daf3-4110-b52c-78be813d14e5,刚果王国,True,7d8f8bff-fe71-4f21-86ef-6e8835d8653d,4,2,25,14,7,4,3,34,27,7,16,47.06,55.38,63,3,0,1,1,0,0,1600000.0,344546.0,21.53,12071924.0,A,none,245000.0,0.0,0.0,0.0,0,0.0,10.0,0,0,0,0,0,0,0,0.0
1,652de4c5-3ffb-42af-9203-8e06a0c6411a,2d385586-589a-4f5c-8534-6ff244cf310c,阿拉伯夜,True,b6ddea43-79ab-4ac6-959c-3171dbce21ff,1,8,11,14,3,2,9,24,44,-20,17,56.47,62.62,70,3,0,2,0,0,0,4200000.0,753933.4,17.95,26321459.0,A,none,1044000.0,0.0,0.0,0.0,0,0.0,18.0,0,0,0,0,0,0,0,0.0
1,652de4c5-3ffb-42af-9203-8e06a0c6411a,2e48ed42-88f4-4899-9cf5-ecad75931d4a,北方苍狼,True,21145133-3f98-4f16-a80a-28ea1a3c0858,3,6,19,14,6,1,7,27,41,-14,16,53.31,59.5,68,4,0,1,1,0,0,2250000.0,485383.0,21.57,16364768.98,A,none,370000.0,0.0,0.0,0.0,0,0.0,10.0,0,0,0,0,0,0,0,0.0
1,652de4c5-3ffb-42af-9203-8e06a0c6411a,2e94468c-2436-4f60-80d5-78d7147a1bb6,石化巨人,True,f8c7642e-6116-431e-ab83-cd140737a4aa,2,7,17,14,5,2,7,24,27,-3,16,61.25,69.25,75,6,0,1,1,0,0,3100000.0,959619.0,30.96,21823997.98,A,none,83000.0,0.0,0.0,0.0,0,0.0,2.0,0,0,0,0,0,0,0,0.0
1,652de4c5-3ffb-42af-9203-8e06a0c6411a,2f61c6ea-7c93-4f2f-807a-9c17b26fd688,长颈鹿颈,True,3ef58883-b984-4286-b63c-a994639b1eda,4,1,30,14,9,3,2,37,18,19,16,52.94,58.38,70,7,0,1,1,0,0,1600000.0,436976.0,27.31,11134479.98,A,none,283000.0,0.0,0.0,0.0,0,0.0,10.0,0,0,0,0,0,0,0,0.0
1,652de4c5-3ffb-42af-9203-8e06a0c6411a,2fa52165-4377-45e5-8d06-9e18100f6c99,北海苍龙,True,359be255-59cf-483b-ab1f-c339c2748d5c,1,1,31,14,10,1,3,41,16,25,16,63.19,69.88,78,4,0,2,1,1,0,4200000.0,1041391.0,24.8,27885937.02,A,none,880600.0,0.0,0.0,0.0,0,0.0,17.0,0,0,0,0,0,0,0,0.0
1,652de4c5-3ffb-42af-9203-8e06a0c6411a,317e8d83-dc2d-4179-8a43-55ef610cd565,沙滩足球,True,29ec03d2-e39d-439b-ace6-9268533123ff,1,3,21,14,6,3,5,34,34,0,17,63.24,71.5,80,6,0,3,1,0,0,4200000.0,1069382.0,25.46,26959794.02,A,none,932400.0,0.0,0.0,0.0,0,0.0,18.0,0,0,0,0,0,0,0,0.0
1,652de4c5-3ffb-42af-9203-8e06a0c6411a,33e39c40-1488-4a7e-8145-00280a237aed,花车巡游,True,f166be2f-3d1b-40e7-b136-d4736138344e,3,1,28,14,9,1,4,29,19,10,16,55.81,60.25,65,7,0,1,1,0,0,2250000.0,597122.0,26.54,15822297.0,A,none,629000.0,0.0,0.0,0.0,0,0.0,17.0,0,0,0,0,0,0,0,0.0
1,652de4c5-3ffb-42af-9203-8e06a0c6411a,3616958e-ca58-4b30-91ed-d810a9409d5b,大津巴布,True,7d8f8bff-fe71-4f21-86ef-6e8835d8653d,4,8,9,14,3,0,11,26,44,-18,17,48.71,57.12,77,5,0,1,1,1,0,1600000.0,468019.0,29.25,11068927.0,A,none,245000.0,0.0,0.0,0.0,0,0.0,10.0,0,0,0,0,0,0,0,0.0
1,652de4c5-3ffb-42af-9203-8e06a0c6411a,37af924e-79a8-4895-8c85-c8c3a43d0ce0,马赛马拉,True,1e886f7d-fd94-4c98-96ea-273a8b3a6e29,4,3,21,14,6,3,5,30,23,7,15,48.47,52.38,59,4,0,1,1,0,0,1600000.0,308710.0,19.29,11824995.8,A,none,283000.0,0.0,0.0,0.0,0,0.0,10.0,0,0,0,0,0,0,0,0.0
1,652de4c5-3ffb-42af-9203-8e06a0c6411a,37d0221b-b783-41ef-ba45-4afbadfcca2e,黑金帝国,True,f8c7642e-6116-431e-ab83-cd140737a4aa,2,6,19,14,6,1,7,41,47,-6,17,61.12,65.62,75,7,0,1,1,1,0,3100000.0,838106.0,27.04,20828867.02,A,none,840600.0,0.0,0.0,0.0,0,0.0,18.0,0,0,0,0,0,0,0,0.0
1,652de4c5-3ffb-42af-9203-8e06a0c6411a,37e823df-a354-48ba-9cb9-a5f2aa80b09e,单峰快驼,True,81e6f8c8-40b9-4a8e-a10f-70349088f131,3,6,18,14,5,3,6,35,36,-1,16,52.94,59.12,68,5,0,1,1,0,0,2250000.0,483496.0,21.49,15956348.02,A,none,518000.0,0.0,0.0,0.0,0,0.0,14.0,0,0,0,0,0,0,0,0.0
1,652de4c5-3ffb-42af-9203-8e06a0c6411a,3850a89f-9b56-43e4-886c-b239f5a141b1,喜鹊纽卡,True,b3969166-c99e-42ea-989f-ea1a807fbb29,1,8,15,14,4,3,7,24,33,-9,16,60.0,68.25,77,6,0,2,1,1,0,4200000.0,879941.0,20.95,27439350.98,A,none,518000.0,0.0,0.0,0.0,0,0.0,10.0,0,0,0,0,0,0,0,0.0
1,652de4c5-3ffb-42af-9203-8e06a0c6411a,3af34a43-f7c8-4a10-833e-b929ef808f8f,黄色潜水艇,True,b8d9fdd9-7a6c-43c2-910e-c0bb5fbd34fe,3,5,17,14,5,2,7,19,32,-13,16,54.62,59.5,66,8,0,1,1,0,0,2250000.0,486543.0,21.62,16368896.02,A,none,370000.0,0.0,0.0,0.0,0,0.0,10.0,0,0,0,0,0,0,0,0.0
1,652de4c5-3ffb-42af-9203-8e06a0c6411a,3b81880a-c267-41f8-842f-be557a392611,累西腓鼓,True,f166be2f-3d1b-40e7-b136-d4736138344e,3,2,26,14,8,2,4,31,23,8,16,55.25,60.75,65,5,0,1,1,0,0,2250000.0,534941.0,23.78,15998369.0,A,none,629000.0,0.0,0.0,0.0,0,0.0,17.0,0,0,0,0,0,0,0,0.0
1,652de4c5-3ffb-42af-9203-8e06a0c6411a,3c35e50c-47f9-4e79-bdf1-a0368ab99700,骆驼骑士,True,81e6f8c8-40b9-4a8e-a10f-70349088f131,3,7,15,14,4,3,7,16,27,-11,16,55.56,61.5,68,6,0,1,1,0,0,2250000.0,627385.0,27.88,16600950.0,A,none,32600.0,0.0,0.0,0.0,0,0.0,1.0,0,0,0,0,0,0,0,0.0
1,652de4c5-3ffb-42af-9203-8e06a0c6411a,3cf98f89-d3ee-4eb1-add3-d165adc163da,树懒慢动,True,5fde7b3c-5169-40e1-b27d-9965e3d15ab1,4,5,16,14,4,4,6,18,22,-4,15,49.4,53.38,64,7,0,2,1,0,0,1600000.0,310646.3,19.42,12464469.7,A,none,245000.0,0.0,0.0,0.0,0,0.0,10.0,0,0,0,0,0,0,0,0.0
1,652de4c5-3ffb-42af-9203-8e06a0c6411a,3d74852b-cef9-4536-90d3-ab20c3f1d39a,青金石蓝,True,5a1305b1-6c9f-466f-90ba-497869aec914,4,3,23,14,7,2,5,19,16,3,16,48.44,51.88,60,5,0,1,1,0,0,1600000.0,305970.0,19.12,10963289.98,A,none,396200.0,0.0,0.0,0.0,0,0.0,14.0,0,0,0,0,0,0,0,0.0
1,652de4c5-3ffb-42af-9203-8e06a0c6411a,3d7c7ccd-3c62-49de-af2b-51d1b186ca84,西域猛虎,True,ed56aff1-b86b-4206-ba6f-d1c1d0ead9ca,2,6,17,14,5,2,7,20,27,-7,16,58.69,66.25,74,5,0,1,1,0,0,3100000.0,762492.0,24.6,21697505.0,A,none,415000.0,0.0,0.0,0.0,0,0.0,10.0,0,0,0,0,0,0,0,0.0
1,652de4c5-3ffb-42af-9203-8e06a0c6411a,3e90263d-9aa2-495f-9391-402267f48e45,水手桑普,True,a7b637f4-f78f-45ee-8aaf-64d9fef172ff,4,1,27,14,8,3,3,35,25,10,15,51.93,56.5,62,5,0,1,1,0,0,1600000.0,395422.0,24.71,12052868.73,A,none,283000.0,0.0,0.0,0.0,0,0.0,10.0,0,0,0,0,0,0,0,0.0
1,652de4c5-3ffb-42af-9203-8e06a0c6411a,3f143543-33be-40b5-9675-d1e965a811eb,东方雄狮,True,984e1619-0888-4e41-8645-d8265a23e11a,4,5,17,14,5,2,7,24,31,-7,15,49.47,54.12,69,3,0,1,1,0,0,1600000.0,373958.0,23.37,10865946.98,A,none,481100.0,0.0,0.0,0.0,0,0.0,17.0,0,0,0,0,0,0,0,0.0
1,652de4c5-3ffb-42af-9203-8e06a0c6411a,4158ea87-e495-4b6a-a108-54d8bfaaa5e3,野马奔腾,True,063f8474-c0c2-42ac-a632-72dd33d2156d,4,4,20,14,5,5,4,15,15,0,16,50.06,56.62,70,5,0,0,0,1,0,1600000.0,327848.0,20.49,11246768.02,A,none,283000.0,0.0,0.0,0.0,0,0.0,10.0,0,0,0,0,0,0,0,0.0
1,652de4c5-3ffb-42af-9203-8e06a0c6411a,417aede9-0129-47b2-937c-94eb89a7d0d8,管道巨头,True,f8c7642e-6116-431e-ab83-cd140737a4aa,2,3,22,14,7,1,6,35,32,3,16,60.5,69.0,77,5,0,0,0,0,0,3100000.0,947775.0,30.57,19913347.75,A,none,467000.0,0.0,0.0,0.0,0,0.0,10.0,0,0,0,0,0,0,0,0.0
1,652de4c5-3ffb-42af-9203-8e06a0c6411a,438bcce8-4e5c-401e-b640-9593bfb14368,咖啡起源,True,f6846932-f050-4653-9ecf-52a00fe9cb8b,4,1,40,14,13,1,0,45,18,27,16,50.38,55.62,64,5,0,1,1,0,0,1600000.0,373321.0,23.33,10810440.98,A,none,396200.0,0.0,0.0,0.0,0,0.0,14.0,0,0,0,0,0,0,0,0.0
1,652de4c5-3ffb-42af-9203-8e06a0c6411a,45ade8e1-b205-4af3-86af-8250a7841af4,麦加朝圣,True,f5757d67-4592-4ae1-97d4-07b3a5db56d8,3,1,29,14,9,2,3,45,33,12,16,55.94,61.12,69,5,0,1,1,0,0,2250000.0,536197.0,23.83,16514151.02,A,none,521600.0,0.0,0.0,0.0,0,0.0,16.0,0,0,0,0,0,0,0,0.0
1,652de4c5-3ffb-42af-9203-8e06a0c6411a,45bfbd60-df67-43c9-9d4a-b721c3b9ded4,Medina之光,True,f5757d67-4592-4ae1-97d4-07b3a5db56d8,3,4,26,14,8,2,4,35,31,4,16,54.62,60.25,68,3,0,1,1,0,0,2250000.0,546553.0,24.29,16394935.0,A,none,370000.0,0.0,0.0,0.0,0,0.0,10.0,0,0,0,0,0,0,0,0.0
1,652de4c5-3ffb-42af-9203-8e06a0c6411a,45e56362-3964-4c3e-8f54-f651ae5c735a,水晶石透,True,5a1305b1-6c9f-466f-90ba-497869aec914,4,5,21,14,6,3,5,25,22,3,16,48.81,55.25,70,3,0,0,0,1,0,1600000.0,370150.0,23.13,11547923.02,A,none,245000.0,0.0,0.0,0.0,0,0.0,10.0,0,0,0,0,0,0,0,0.0
1,652de4c5-3ffb-42af-9203-8e06a0c6411a,461cbc97-34f7-4cc7-98c0-f5057949a243,五人制王,True,29ec03d2-e39d-439b-ace6-9268533123ff,1,4,21,14,7,0,7,30,31,-1,16,60.62,67.5,73,6,0,1,1,0,0,4200000.0,784574.0,18.68,27137124.0,A,none,580000.0,0.0,0.0,0.0,0,0.0,10.0,0,0,0,0,0,0,0,0.0
1,652de4c5-3ffb-42af-9203-8e06a0c6411a,4a8567a0-344b-4573-a764-34d83833628f,雪虎踏山,True,ed56aff1-b86b-4206-ba6f-d1c1d0ead9ca,2,5,18,14,5,3,6,29,31,-2,16,57.81,64.88,75,3,0,1,1,0,0,3100000.0,639897.0,20.64,21624274.98,A,none,467000.0,0.0,0.0,0.0,0,0.0,10.0,0,0,0,0,0,0,0,0.0
1,652de4c5-3ffb-42af-9203-8e06a0c6411a,4a946e10-f770-42df-a073-e0ff24ad6c3f,烈焰红唇,True,85573765-1fce-4719-b455-9bedb7fc3852,4,2,23,14,7,2,5,34,29,5,16,48.44,53.12,55,5,0,0,0,0,0,1600000.0,328777.0,20.55,10162387.98,A,none,283000.0,0.0,0.0,0.0,0,0.0,10.0,0,0,0,0,0,0,0,0.0
1,652de4c5-3ffb-42af-9203-8e06a0c6411a,4a9502a1-912e-4f71-b915-f14f10dc76a2,安第斯山,True,525cb008-853b-4a8e-9d81-87146fae5cde,2,8,9,14,2,3,9,18,41,-23,17,55.94,62.12,73,7,0,2,1,0,0,3100000.0,670438.0,21.63,21557732.0,A,none,467000.0,0.0,0.0,0.0,0,0.0,10.0,0,0,0,0,0,0,0,0.0
1,652de4c5-3ffb-42af-9203-8e06a0c6411a,4bf730ae-744d-4cf9-bfed-069e72cb7222,中原飞虎,True,ed56aff1-b86b-4206-ba6f-d1c1d0ead9ca,2,1,31,14,10,1,3,43,16,27,16,62.06,70.0,78,4,0,1,1,0,0,3100000.0,904814.0,29.19,22458715.02,A,none,415000.0,0.0,0.0,0.0,0,0.0,10.0,0,0,0,0,0,0,0,0.0
1,652de4c5-3ffb-42af-9203-8e06a0c6411a,4cdd75e5-7d1a-4faa-ba6e-b467d791430a,快乐足球,True,29ec03d2-e39d-439b-ace6-9268533123ff,1,7,13,14,4,1,9,30,52,-22,17,56.59,66.0,74,7,0,2,1,0,0,4200000.0,790501.0,18.82,26324883.98,A,none,986000.0,0.0,0.0,0.0,0,0.0,17.0,0,0,0,0,0,0,0,0.0
1,652de4c5-3ffb-42af-9203-8e06a0c6411a,4d69f07c-49fa-4fc4-871e-38f57ee93c13,美丽游戏,True,29ec03d2-e39d-439b-ace6-9268533123ff,1,5,17,14,5,2,7,34,42,-8,16,60.88,68.12,73,2,0,1,1,0,0,4200000.0,767307.0,18.27,26382153.0,A,none,1044000.0,0.0,0.0,0.0,0,0.0,18.0,0,0,0,0,0,0,0,0.0
1,652de4c5-3ffb-42af-9203-8e06a0c6411a,4d8043ee-95c3-43c9-9652-ff2812f0b778,紫气东来,True,978840be-6c69-4b6c-91b2-03a6e1e7fde3,4,2,26,14,8,2,4,35,20,15,16,49.69,56.0,64,9,0,3,0,1,0,1600000.0,338893.0,21.18,10866352.73,A,none,424500.0,0.0,0.0,0.0,0,0.0,15.0,0,0,0,0,0,0,0,0.0
1,652de4c5-3ffb-42af-9203-8e06a0c6411a,4e73d656-18e4-47b7-839f-d07b94c13336,莫莫之王,True,f166be2f-3d1b-40e7-b136-d4736138344e,3,4,19,14,6,1,7,37,39,-2,16,53.0,59.62,65,6,0,3,0,0,0,2250000.0,523542.0,23.27,20412365.64,A,none,518000.0,0.0,0.0,0.0,0,0.0,14.0,0,0,0,0,0,0,0,0.0
1,652de4c5-3ffb-42af-9203-8e06a0c6411a,4eb8d514-91aa-49bb-a361-7b52f7960471,奥格斯堡,True,c88d210b-d92c-4ca6-b6ae-dbcbd50db99f,4,7,11,14,2,5,7,24,33,-9,17,49.71,56.12,62,7,0,3,1,0,0,1600000.0,350948.0,21.93,10884373.02,A,none,416500.0,0.0,0.0,0.0,0,0.0,17.0,0,0,0,0,0,0,0,0.0
1,652de4c5-3ffb-42af-9203-8e06a0c6411a,4f4050d5-a81e-4f2c-9fe4-3b691e3a8bb3,床单军团,True,b8d9fdd9-7a6c-43c2-910e-c0bb5fbd34fe,3,7,15,14,4,3,7,23,28,-5,17,52.12,57.5,64,6,0,2,0,0,0,2250000.0,432782.0,19.23,15947749.0,A,none,555000.0,0.0,0.0,0.0,0,0.0,15.0,0,0,0,0,0,0,0,0.0
1,652de4c5-3ffb-42af-9203-8e06a0c6411a,52ac1303-aa48-47c0-abfc-e1565cd83a2c,小辣椒莱,True,a7b637f4-f78f-45ee-8aaf-64d9fef172ff,4,3,23,14,7,2,5,36,30,6,16,50.62,56.5,63,4,0,1,1,0,0,1600000.0,399590.0,24.97,11253059.02,A,none,283000.0,0.0,0.0,0.0,0,0.0,10.0,0,0,0,0,0,0,0,0.0
1,652de4c5-3ffb-42af-9203-8e06a0c6411a,546f1283-41ba-44fc-8ae4-c2f349eab730,铁甲战狮,True,984e1619-0888-4e41-8645-d8265a23e11a,4,2,27,14,8,3,3,51,21,30,16,47.5,52.25,59,4,0,1,1,0,0,1600000.0,392888.0,24.56,11273340.98,A,none,283000.0,0.0,0.0,0.0,0,0.0,10.0,0,0,0,0,0,0,0,0.0
1,652de4c5-3ffb-42af-9203-8e06a0c6411a,55d3b2ad-6730-4fdb-9a5e-3fa20c0ee991,布宜诺斯,True,525cb008-853b-4a8e-9d81-87146fae5cde,2,4,19,14,6,1,7,37,37,0,16,57.44,63.88,77,6,0,0,0,3,0,3100000.0,674851.0,21.77,22385870.02,A,none,415000.0,0.0,0.0,0.0,0,0.0,10.0,0,0,0,0,0,0,0,0.0
1,652de4c5-3ffb-42af-9203-8e06a0c6411a,5607bb46-3924-4699-a221-28b6e75fb2ee,智利红酒,True,301a517b-11a1-45d9-81ce-e81905974e60,3,6,19,14,5,4,5,31,41,-10,16,56.5,63.38,68,4,0,0,0,0,0,2250000.0,659926.0,29.33,11491635.42,A,none,370000.0,0.0,0.0,0.0,0,0.0,10.0,0,0,0,0,0,0,0,0.0
1,652de4c5-3ffb-42af-9203-8e06a0c6411a,56110445-240a-45bb-8e2f-1dee3d3e7825,金鹰破晓,True,80e76669-51ec-4483-90e0-04abceda5702,3,1,25,14,7,4,3,30,20,10,16,57.31,61.5,74,6,0,0,0,1,0,2250000.0,606081.0,26.94,16216767.0,A,none,370000.0,0.0,0.0,0.0,0,0.0,10.0,0,0,0,0,0,0,0,0.0
1,652de4c5-3ffb-42af-9203-8e06a0c6411a,564a5213-4a71-4545-bd52-b2958bcdcb5c,苍穹雄鹰,True,80e76669-51ec-4483-90e0-04abceda5702,3,7,11,14,2,5,7,11,19,-8,16,52.69,59.88,67,4,0,1,1,0,0,2250000.0,587587.0,26.11,16345255.98,A,none,326000.0,0.0,0.0,0.0,0,0.0,10.0,0,0,0,0,0,0,0,0.0
1,652de4c5-3ffb-42af-9203-8e06a0c6411a,56a4d6dd-79ee-4536-bf12-9873eff15482,寒冰领域,True,85573765-1fce-4719-b455-9bedb7fc3852,4,4,20,14,6,2,6,30,31,-1,16,51.25,55.0,60,7,0,1,1,0,0,1600000.0,321395.0,20.09,10939961.02,A,none,509400.0,0.0,0.0,0.0,0,0.0,18.0,0,0,0,0,0,0,0,0.0
1,652de4c5-3ffb-42af-9203-8e06a0c6411a,576a1500-e80b-488e-84a4-4d30d5c9f8e2,萨尔瓦多,True,f166be2f-3d1b-40e7-b136-d4736138344e,3,3,19,14,5,4,5,17,16,1,16,59.0,65.0,71,6,0,1,0,0,0,2250000.0,647496.0,28.78,16367537.52,A,none,370000.0,0.0,0.0,0.0,0,0.0,10.0,0,0,0,0,0,0,0,0.0
1,652de4c5-3ffb-42af-9203-8e06a0c6411a,58c7685d-d70a-4db2-ba81-82ec60565630,流水无痕,True,978840be-6c69-4b6c-91b2-03a6e1e7fde3,4,5,18,14,5,3,6,25,30,-5,15,50.8,57.25,74,3,0,1,1,0,0,1600000.0,336745.0,21.05,11235230.0,A,none,283000.0,0.0,0.0,0.0,0,0.0,10.0,0,0,0,0,0,0,0,0.0
1,652de4c5-3ffb-42af-9203-8e06a0c6411a,595645b3-210a-45b7-9719-8194d843afcc,桑巴学校,True,f166be2f-3d1b-40e7-b136-d4736138344e,3,7,17,14,5,2,7,33,30,3,16,55.38,61.0,64,2,0,1,1,0,0,2250000.0,502560.0,22.34,16325832.02,A,none,370000.0,0.0,0.0,0.0,0,0.0,10.0,0,0,0,0,0,0,0,0.0
1,652de4c5-3ffb-42af-9203-8e06a0c6411a,59ddcaef-f19f-464e-b647-87378c8e0340,炼油大师,True,f8c7642e-6116-431e-ab83-cd140737a4aa,2,5,19,14,6,1,7,35,36,-1,15,60.93,66.25,71,6,0,1,1,0,0,3100000.0,746743.0,24.09,22177233.0,A,none,415000.0,0.0,0.0,0.0,0,0.0,10.0,0,0,0,0,0,0,0,0.0
1,652de4c5-3ffb-42af-9203-8e06a0c6411a,5d26cab3-5840-4ddc-911e-96966cd04aed,幽冥鬼狼,True,21145133-3f98-4f16-a80a-28ea1a3c0858,3,7,18,14,5,3,6,37,34,3,15,57.07,63.12,69,5,0,1,1,0,0,2250000.0,597546.0,26.56,16376031.98,A,none,326000.0,0.0,0.0,0.0,0,0.0,10.0,0,0,0,0,0,0,0,0.0
1,652de4c5-3ffb-42af-9203-8e06a0c6411a,5d916859-a4e4-4f4e-b5f5-183e781c1b9f,云豹穿林,True,984e1619-0888-4e41-8645-d8265a23e11a,4,1,31,14,9,4,1,35,23,12,16,50.5,55.12,66,6,0,1,1,0,0,1600000.0,363661.0,22.73,11761005.02,A,none,245000.0,0.0,0.0,0.0,0,0.0,10.0,0,0,0,0,0,0,0,0.0
1,652de4c5-3ffb-42af-9203-8e06a0c6411a,5dbc0c0c-5cae-47c9-b6cb-c56edc170a86,南海蛟龙,True,359be255-59cf-483b-ab1f-c339c2748d5c,1,2,23,14,7,2,5,21,21,0,16,64.0,72.38,80,4,0,0,0,0,0,4200000.0,1187392.0,28.27,13607363.54,A,none,725200.0,0.0,0.0,0.0,0,0.0,14.0,0,0,0,0,0,0,0,0.0
1,652de4c5-3ffb-42af-9203-8e06a0c6411a,5e79a306-a1b5-4379-a96b-59bc3b243b7f,桑巴舞者,True,29ec03d2-e39d-439b-ace6-9268533123ff,1,6,15,14,4,3,7,26,36,-10,15,60.13,67.75,85,6,0,1,1,1,0,4200000.0,793324.0,18.89,27286712.02,A,none,518000.0,0.0,0.0,0.0,0,0.0,10.0,0,0,0,0,0,0,0,0.0
1,652de4c5-3ffb-42af-9203-8e06a0c6411a,5edb33b0-4b3b-48b7-bddd-2f6b9065fd7b,金字塔尖,True,b6ddea43-79ab-4ac6-959c-3171dbce21ff,1,2,28,14,9,1,4,54,31,23,16,61.44,71.25,78,3,0,1,0,0,0,4200000.0,928916.0,22.12,27590751.0,A,none,932400.0,0.0,0.0,0.0,0,0.0,18.0,0,0,0,0,0,0,0,0.0
1,652de4c5-3ffb-42af-9203-8e06a0c6411a,6060f7cb-6bbf-4c2f-b3fc-230422f4ac95,清真美食,True,f5757d67-4592-4ae1-97d4-07b3a5db56d8,3,8,7,14,2,1,11,19,40,-21,16,53.5,58.75,66,7,0,3,1,0,0,2250000.0,468722.0,20.83,16325365.48,A,none,370000.0,0.0,0.0,0.0,0,0.0,10.0,0,0,0,0,0,0,0,0.0
1,652de4c5-3ffb-42af-9203-8e06a0c6411a,60a04a4b-6df1-4e32-a7bc-68776a385a86,设拉子酒,True,3bbbf391-d072-458c-b316-23bb079f6409,4,4,17,14,5,2,7,25,24,1,16,48.56,53.5,57,6,0,2,0,0,0,1600000.0,348434.0,21.78,11257329.52,A,none,283000.0,0.0,0.0,0.0,0,0.0,10.0,0,0,0,0,0,0,0,0.0
1,652de4c5-3ffb-42af-9203-8e06a0c6411a,61ab2691-a159-4e1a-a1d7-4a16c903ab94,沙漠玫瑰,True,f6846932-f050-4653-9ecf-52a00fe9cb8b,4,8,11,14,3,2,9,29,40,-11,16,47.31,52.75,61,4,0,1,1,0,0,1600000.0,297140.0,18.57,10911026.02,A,none,396200.0,0.0,0.0,0.0,0,0.0,14.0,0,0,0,0,0,0,0,0.0
1,652de4c5-3ffb-42af-9203-8e06a0c6411a,620ab27f-f4c9-484d-ad85-b88180b2bf58,马里帝国,True,7d8f8bff-fe71-4f21-86ef-6e8835d8653d,4,5,20,14,6,2,6,30,35,-5,16,49.5,54.38,63,5,0,1,0,0,0,1600000.0,355682.0,22.23,10873284.98,A,none,481100.0,0.0,0.0,0.0,0,0.0,17.0,0,0,0,0,0,0,0,0.0
1,652de4c5-3ffb-42af-9203-8e06a0c6411a,623c06a9-a30a-4bd4-8e29-48f10df92c69,那不勒斯,True,e223266b-c6e0-4a6a-a563-2102a14329cc,4,2,25,14,8,1,5,28,18,10,15,47.4,51.38,61,6,0,1,1,0,0,1600000.0,300168.0,18.76,15559622.0,A,none,245000.0,0.0,0.0,0.0,0,0.0,10.0,0,0,0,0,0,0,0,0.0
1,652de4c5-3ffb-42af-9203-8e06a0c6411a,6389f794-4ebc-4cd5-a507-216bfbad5745,马丘比丘,True,301a517b-11a1-45d9-81ce-e81905974e60,3,3,20,14,6,2,6,38,37,1,16,52.5,60.75,70,6,0,1,1,0,0,2250000.0,552003.0,24.53,16765657.0,A,none,326000.0,0.0,0.0,0.0,0,0.0,10.0,0,0,0,0,0,0,0,0.0
1,652de4c5-3ffb-42af-9203-8e06a0c6411a,6493de21-509e-4109-afcf-ce60120ae37d,里约狂欢,True,f166be2f-3d1b-40e7-b136-d4736138344e,3,6,18,14,5,3,6,13,15,-2,16,52.44,58.38,66,5,0,1,1,0,0,2250000.0,432888.0,19.24,16402448.0,A,none,370000.0,0.0,0.0,0.0,0,0.0,10.0,0,0,0,0,0,0,0,0.0
1,652de4c5-3ffb-42af-9203-8e06a0c6411a,676a5416-929a-4ae2-aaea-2adafe7e7f70,丝路驼铃,True,81e6f8c8-40b9-4a8e-a10f-70349088f131,3,1,29,14,9,2,3,26,15,11,16,57.31,61.25,67,5,0,0,0,3,0,2250000.0,589098.0,26.18,16965888.0,A,none,326000.0,0.0,0.0,0.0,0,0.0,10.0,0,0,0,0,0,0,0,0.0
1,652de4c5-3ffb-42af-9203-8e06a0c6411a,68694a58-7731-42d2-8dcf-c6f25948a2af,马穆鲁克,True,97f656a1-354e-476a-804e-57d7795aa34c,4,6,16,14,4,4,6,25,26,-1,16,50.0,55.0,63,5,0,1,1,0,0,1600000.0,349191.0,21.82,11207198.98,A,none,283000.0,0.0,0.0,0.0,0,0.0,10.0,0,0,0,0,0,0,0,0.0
1,652de4c5-3ffb-42af-9203-8e06a0c6411a,68bf5a52-1c38-4b6c-b3e4-4ab1b7c50cfe,东北虎啸,True,ed56aff1-b86b-4206-ba6f-d1c1d0ead9ca,2,7,15,14,4,3,7,14,21,-7,17,55.94,66.12,75,6,0,3,1,1,0,3100000.0,679808.0,21.93,20960189.62,A,none,840600.0,0.0,0.0,0.0,0,0.0,18.0,0,0,0,0,0,0,0,0.0
1,652de4c5-3ffb-42af-9203-8e06a0c6411a,6907c429-2dbb-4fbc-9055-1164a7af9ffa,银龙出海,True,359be255-59cf-483b-ab1f-c339c2748d5c,1,7,16,14,5,1,8,24,36,-12,17,58.29,66.75,75,7,0,1,1,1,0,4200000.0,812353.0,19.34,26956790.0,A,none,580000.0,0.0,0.0,0.0,0,0.0,10.0,0,0,0,0,0,0,0,0.0
1,652de4c5-3ffb-42af-9203-8e06a0c6411a,694d2373-8e8d-498c-a51f-90db06f1ff51,蓝衣军团,True,e223266b-c6e0-4a6a-a563-2102a14329cc,4,6,21,14,6,3,5,29,24,5,16,49.31,56.5,64,5,0,1,1,0,0,1600000.0,380622.0,23.79,11177027.98,A,none,283000.0,0.0,0.0,0.0,0,0.0,10.0,0,0,0,0,0,0,0,0.0
1,652de4c5-3ffb-42af-9203-8e06a0c6411a,6a5387c1-7798-4d0b-aef5-87865e2df24f,伊斯法罕,True,3bbbf391-d072-458c-b316-23bb079f6409,4,5,17,14,4,5,5,9,12,-3,16,49.5,56.62,64,5,0,0,0,1,0,1600000.0,323535.0,20.22,11245380.98,A,none,283000.0,0.0,0.0,0.0,0,0.0,10.0,0,0,0,0,0,0,0,0.0
1,652de4c5-3ffb-42af-9203-8e06a0c6411a,6b4393e6-c532-409b-be86-40c3930ee94b,红宝石矿,True,5a1305b1-6c9f-466f-90ba-497869aec914,4,8,8,14,1,5,8,8,25,-17,16,49.12,52.38,61,6,0,1,1,0,0,1600000.0,314762.0,19.67,11227093.0,A,none,283000.0,0.0,0.0,0.0,0,0.0,10.0,0,0,0,0,0,0,0,0.0
1,652de4c5-3ffb-42af-9203-8e06a0c6411a,6cce5283-6611-4cb8-8b9d-a747fb9a7b5d,华南虎威,True,ed56aff1-b86b-4206-ba6f-d1c1d0ead9ca,2,2,28,14,8,4,2,15,8,7,16,60.69,66.88,72,3,0,1,1,0,0,3100000.0,856403.0,27.63,22385927.0,A,none,415000.0,0.0,0.0,0.0,0,0.0,10.0,0,0,0,0,0,0,0,0.0
1,652de4c5-3ffb-42af-9203-8e06a0c6411a,6e4c18ef-22ee-42dc-996a-5d28e2e51aed,大马士革,True,f5757d67-4592-4ae1-97d4-07b3a5db56d8,3,2,28,14,9,1,4,36,26,10,15,54.0,60.5,71,5,0,1,1,0,0,2250000.0,461751.0,20.52,28610063.09,A,none,629000.0,0.0,0.0,0.0,0,0.0,17.0,0,0,0,0,0,0,0,0.0
1,652de4c5-3ffb-42af-9203-8e06a0c6411a,6faf8572-3a96-4145-b8f5-3b8304fc486f,白虎啸天,True,ed56aff1-b86b-4206-ba6f-d1c1d0ead9ca,2,8,7,14,2,1,11,23,41,-18,16,59.69,67.5,77,3,0,1,1,0,0,3100000.0,855300.0,27.59,21326277.98,A,none,467000.0,0.0,0.0,0.0,0,0.0,10.0,0,0,0,0,0,0,0,0.0
1,652de4c5-3ffb-42af-9203-8e06a0c6411a,71c88dd9-84d5-4415-8a2e-0393e0a55b8d,铁锤帮西汉,True,7c131cbb-9f4f-4a27-acc5-3d703d63275b,2,8,6,14,1,3,10,11,25,-14,16,54.69,62.38,72,4,0,1,1,0,0,3100000.0,650374.0,20.98,21031679.0,A,none,840600.0,0.0,0.0,0.0,0,0.0,18.0,0,0,0,0,0,0,0,0.0
1,652de4c5-3ffb-42af-9203-8e06a0c6411a,727ee9ce-e0e3-48c4-95a3-c8c8e3976150,金刚鹦鹉,True,5fde7b3c-5169-40e1-b27d-9965e3d15ab1,4,2,27,14,8,3,3,42,20,22,16,49.56,54.5,64,5,0,1,1,0,0,1600000.0,368019.0,23.0,11297145.98,A,none,283000.0,0.0,0.0,0.0,0,0.0,10.0,0,0,0,0,0,0,0,0.0
1,652de4c5-3ffb-42af-9203-8e06a0c6411a,7362d4e1-093b-469d-b35c-3b9df1e7f633,斗牛士团,True,b8d9fdd9-7a6c-43c2-910e-c0bb5fbd34fe,3,2,29,14,9,2,3,42,20,22,16,57.88,64.25,71,3,0,1,1,0,0,2250000.0,601845.0,26.75,16429093.98,A,none,370000.0,0.0,0.0,0.0,0,0.0,10.0,0,0,0,0,0,0,0,0.0
1,652de4c5-3ffb-42af-9203-8e06a0c6411a,73ad676d-fae2-4a8a-b69d-06d881cb694c,撒哈拉南,True,1e886f7d-fd94-4c98-96ea-273a8b3a6e29,4,7,11,14,2,5,7,10,17,-7,16,48.12,55.75,69,5,0,1,1,0,0,1600000.0,364475.0,22.78,11186999.0,A,none,283000.0,0.0,0.0,0.0,0,0.0,10.0,0,0,0,0,0,0,0,0.0
1,652de4c5-3ffb-42af-9203-8e06a0c6411a,76ea894a-a987-4cc7-84b6-efbaa896d142,维多利亚,True,1e886f7d-fd94-4c98-96ea-273a8b3a6e29,4,4,21,14,6,3,5,26,24,2,15,49.2,53.12,65,5,0,1,1,1,0,1600000.0,344724.0,21.55,11688110.0,A,none,245000.0,0.0,0.0,0.0,0,0.0,10.0,0,0,0,0,0,0,0,0.0
1,652de4c5-3ffb-42af-9203-8e06a0c6411a,77c184eb-17cd-4a60-b1ef-d2d25d067708,绿松石绿,True,5a1305b1-6c9f-466f-90ba-497869aec914,4,7,17,14,5,2,7,26,25,1,16,50.69,54.5,62,7,0,1,1,0,0,1600000.0,374452.0,23.4,11146143.02,A,none,283000.0,0.0,0.0,0.0,0,0.0,10.0,0,0,0,0,0,0,0,0.0
1,652de4c5-3ffb-42af-9203-8e06a0c6411a,7987e549-b84a-4aa9-9c81-9eb88cd8e9ab,萨拉丁军,True,97f656a1-354e-476a-804e-57d7795aa34c,4,5,20,14,5,5,4,12,12,0,16,49.81,55.25,63,7,0,1,1,0,0,1600000.0,315320.0,19.71,10904144.98,A,none,452800.0,0.0,0.0,0.0,0,0.0,16.0,0,0,0,0,0,0,0,0.0
1,652de4c5-3ffb-42af-9203-8e06a0c6411a,79ff5611-2f63-4a90-9948-420586063a5f,白虹贯日,True,978840be-6c69-4b6c-91b2-03a6e1e7fde3,4,8,10,14,2,4,8,17,27,-10,16,47.19,53.0,60,6,0,1,1,0,0,1600000.0,348468.0,21.78,11216296.98,A,none,283000.0,0.0,0.0,0.0,0,0.0,10.0,0,0,0,0,0,0,0,0.0
1,652de4c5-3ffb-42af-9203-8e06a0c6411a,7afb3a3e-6663-4edc-b70c-e13ed8981547,金虎啸月,True,ed56aff1-b86b-4206-ba6f-d1c1d0ead9ca,2,3,24,14,7,3,4,26,20,6,16,58.19,65.5,75,5,0,0,0,1,0,3100000.0,720674.0,23.25,22313020.02,A,none,415000.0,0.0,0.0,0.0,0,0.0,10.0,0,0,0,0,0,0,0,0.0
1,652de4c5-3ffb-42af-9203-8e06a0c6411a,7b0ab1d7-80c9-4fc1-a7d0-99de970e3d88,星月传奇,True,f5757d67-4592-4ae1-97d4-07b3a5db56d8,3,6,15,14,4,3,7,15,25,-10,17,55.18,60.5,66,6,0,2,1,0,0,2250000.0,496940.0,22.09,16318484.0,A,none,370000.0,0.0,0.0,0.0,0,0.0,10.0,0,0,0,0,0,0,0,0.0
1,652de4c5-3ffb-42af-9203-8e06a0c6411a,7d71e69b-29f1-4c7d-8de4-bc6a2dccf449,朱雀焚霞,True,063f8474-c0c2-42ac-a632-72dd33d2156d,4,6,17,14,4,5,5,31,32,-1,15,49.13,54.12,66,5,0,1,1,1,0,1600000.0,351196.0,21.95,11387872.98,A,none,245000.0,0.0,0.0,0.0,0,0.0,10.0,0,0,0,0,0,0,0,0.0
1,652de4c5-3ffb-42af-9203-8e06a0c6411a,7dc1a3a9-470b-4a15-af2b-fed9f7ca88a6,十字军东,True,97f656a1-354e-476a-804e-57d7795aa34c,4,1,26,14,8,2,4,33,19,14,16,50.12,55.38,60,3,0,1,1,0,0,1600000.0,348526.0,21.78,11194668.98,A,none,283000.0,0.0,0.0,0.0,0,0.0,10.0,0,0,0,0,0,0,0,0.0
1,652de4c5-3ffb-42af-9203-8e06a0c6411a,7dc3c021-193d-416e-bc57-45e6d3ed8e01,非洲雄狮,True,3ef58883-b984-4286-b63c-a994639b1eda,4,7,16,14,4,4,6,18,18,0,14,51.21,55.25,66,6,0,1,1,1,0,1600000.0,380264.0,23.77,11349930.02,A,none,147000.0,0.0,0.0,0.0,0,0.0,6.0,0,0,0,0,0,0,0,0.0
1,652de4c5-3ffb-42af-9203-8e06a0c6411a,7fb53f55-06b4-4131-a874-be848d281649,峨眉女侠,True,85573765-1fce-4719-b455-9bedb7fc3852,4,3,22,14,6,4,4,32,27,5,16,51.12,55.75,62,5,0,1,1,1,0,1600000.0,345653.0,21.6,7208191.43,A,none,424500.0,0.0,0.0,0.0,0,0.0,15.0,0,0,0,0,0,0,0,0.0
1,652de4c5-3ffb-42af-9203-8e06a0c6411a,80130085-d12e-47ab-81f1-c0b8fa674a06,街球之王,True,29ec03d2-e39d-439b-ace6-9268533123ff,1,8,10,14,2,4,8,9,17,-8,16,63.44,71.38,75,6,0,1,1,0,0,4200000.0,922509.0,21.96,26805046.02,A,none,518000.0,0.0,0.0,0.0,0,0.0,10.0,0,0,0,0,0,0,0,0.0
1,652de4c5-3ffb-42af-9203-8e06a0c6411a,8346aebc-cac4-49bf-a1e2-6fdf6fdc9a60,飓风之眼,True,85573765-1fce-4719-b455-9bedb7fc3852,4,7,15,14,4,3,7,21,33,-12,17,50.06,56.75,64,5,0,3,1,0,0,1600000.0,386345.0,24.15,11270259.27,A,none,367500.0,0.0,0.0,0.0,0,0.0,15.0,0,0,0,0,0,0,0,0.0
1,652de4c5-3ffb-42af-9203-8e06a0c6411a,84567e7d-096b-4367-b958-4abdbaecad31,乞力马扎,True,1e886f7d-fd94-4c98-96ea-273a8b3a6e29,4,1,28,14,8,4,2,15,7,8,14,50.79,55.62,60,6,0,1,1,1,0,1600000.0,322762.0,20.17,11174143.98,A,none,283000.0,0.0,0.0,0.0,0,0.0,10.0,0,0,0,0,0,0,0,0.0
1,652de4c5-3ffb-42af-9203-8e06a0c6411a,86036b21-4fa9-47dc-a2fd-9728e0e18feb,红黑恶魔,True,e223266b-c6e0-4a6a-a563-2102a14329cc,4,7,16,14,4,4,6,10,18,-8,16,49.88,56.88,65,4,0,1,1,0,0,1600000.0,386108.0,24.13,11227651.02,A,none,283000.0,0.0,0.0,0.0,0,0.0,10.0,0,0,0,0,0,0,0,0.0
1,652de4c5-3ffb-42af-9203-8e06a0c6411a,8698b7c7-8ee5-457a-beff-b198b61d6c98,南部之星,True,4a15f14c-28e8-4c2f-90de-d5363e91566a,4,4,21,14,6,3,5,33,34,-1,16,46.75,52.25,66,4,0,1,1,0,0,1600000.0,308119.0,19.26,11296041.0,A,none,283000.0,0.0,0.0,0.0,0,0.0,10.0,0,0,0,0,0,0,0,0.0
1,652de4c5-3ffb-42af-9203-8e06a0c6411a,8705046a-c699-4ed3-a2a3-bbb9e40e06b3,双峰巨驼,True,81e6f8c8-40b9-4a8e-a10f-70349088f131,3,4,21,14,6,3,5,23,19,4,16,53.94,60.12,67,7,0,1,1,0,0,2250000.0,477877.0,21.24,16427926.98,A,none,370000.0,0.0,0.0,0.0,0,0.0,10.0,0,0,0,0,0,0,0,0.0
1,652de4c5-3ffb-42af-9203-8e06a0c6411a,8900177a-c5ca-40ad-bc40-e240fd6f2d9e,巨象踏天,True,063f8474-c0c2-42ac-a632-72dd33d2156d,4,5,18,14,4,6,4,24,24,0,16,49.12,54.88,65,5,0,1,1,0,0,1600000.0,361866.0,22.62,11482844.02,A,none,245000.0,0.0,0.0,0.0,0,0.0,10.0,0,0,0,0,0,0,0,0.0
1,652de4c5-3ffb-42af-9203-8e06a0c6411a,89bd5a4e-fd08-4203-b76e-a76e5e40e750,驼峰运输,True,81e6f8c8-40b9-4a8e-a10f-70349088f131,3,8,12,14,3,3,8,14,20,-6,15,52.73,57.25,68,8,0,2,1,2,0,2250000.0,357741.4,15.9,16107641.02,A,none,554200.0,0.0,0.0,0.0,0,0.0,17.0,0,0,0,0,0,0,0,0.0
1,652de4c5-3ffb-42af-9203-8e06a0c6411a,8be9eaf8-038f-4155-ab53-13acbff4a34e,凤凰涅槃,True,063f8474-c0c2-42ac-a632-72dd33d2156d,4,1,25,14,8,1,5,35,22,13,15,52.07,57.88,66,7,0,1,1,1,0,1600000.0,344949.0,21.56,11555841.02,A,none,245000.0,0.0,0.0,0.0,0,0.0,10.0,0,0,0,0,0,0,0,0.0
1,652de4c5-3ffb-42af-9203-8e06a0c6411a,8c09e83c-4838-4d81-ac1d-2fc8970b5996,华山剑客,True,85573765-1fce-4719-b455-9bedb7fc3852,4,6,18,14,5,3,6,29,26,3,16,52.19,57.12,65,3,0,0,0,1,0,1600000.0,335385.0,20.96,10891725.02,A,none,452800.0,0.0,0.0,0.0,0,0.0,16.0,0,0,0,0,0,0,0,0.0
1,652de4c5-3ffb-42af-9203-8e06a0c6411a,8c4bd183-3537-499a-a857-36da5ee3fcb8,天方夜谭,True,f6846932-f050-4653-9ecf-52a00fe9cb8b,4,6,16,14,3,7,4,25,23,2,16,49.94,55.0,62,7,0,1,1,0,0,1600000.0,329405.0,20.59,11228951.02,A,none,283000.0,0.0,0.0,0.0,0,0.0,10.0,0,0,0,0,0,0,0,0.0
1,652de4c5-3ffb-42af-9203-8e06a0c6411a,8d55034d-d964-4216-a678-6b492b254d3a,金狼逐日,True,21145133-3f98-4f16-a80a-28ea1a3c0858,3,4,22,14,7,1,6,31,29,2,17,56.0,61.38,71,6,0,1,1,1,0,2250000.0,589271.0,26.19,16780038.0,A,none,326000.0,0.0,0.0,0.0,0,0.0,10.0,0,0,0,0,0,0,0,0.0
1,652de4c5-3ffb-42af-9203-8e06a0c6411a,90127a81-e457-4c9d-9981-9a1d54ee9dc9,石油大亨,True,f8c7642e-6116-431e-ab83-cd140737a4aa,2,8,11,14,3,2,9,31,44,-13,17,59.29,65.75,75,5,0,2,1,0,0,3100000.0,761712.0,24.57,21462046.0,A,none,467000.0,0.0,0.0,0.0,0,0.0,10.0,0,0,0,0,0,0,0,0.0
1,652de4c5-3ffb-42af-9203-8e06a0c6411a,902585f2-0a29-457b-a8a7-6231e080c089,辛巴达航,True,b6ddea43-79ab-4ac6-959c-3171dbce21ff,1,4,21,14,6,3,5,44,39,5,16,59.75,69.0,75,6,0,1,1,1,0,4200000.0,887121.0,21.12,21088933.46,A,none,580000.0,0.0,0.0,0.0,0,0.0,10.0,0,0,0,0,0,0,0,0.0
1,652de4c5-3ffb-42af-9203-8e06a0c6411a,9192b63a-62eb-41f8-8294-4e8ed7b21cc4,银狼啸天,True,21145133-3f98-4f16-a80a-28ea1a3c0858,3,8,7,14,2,1,11,6,25,-19,16,55.0,60.75,75,5,0,1,1,0,0,2250000.0,490195.0,21.79,16345427.0,A,none,370000.0,0.0,0.0,0.0,0,0.0,10.0,0,0,0,0,0,0,0,0.0
1,652de4c5-3ffb-42af-9203-8e06a0c6411a,93d4a341-f696-4847-9963-39f49030f4c9,太妃糖埃弗,True,7c131cbb-9f4f-4a27-acc5-3d703d63275b,2,7,17,14,4,5,5,13,16,-3,15,56.0,64.38,68,7,0,1,1,1,0,3100000.0,608408.0,19.63,21535712.02,A,none,467000.0,0.0,0.0,0.0,0,0.0,10.0,0,0,0,0,0,0,0,0.0
1,652de4c5-3ffb-42af-9203-8e06a0c6411a,93f33371-f5bd-4f80-8652-b48419599822,雪山神鹰,True,80e76669-51ec-4483-90e0-04abceda5702,3,8,11,14,3,2,9,22,37,-15,17,55.29,60.38,69,8,0,2,1,0,0,2250000.0,429588.0,19.09,15949995.0,A,none,666000.0,0.0,0.0,0.0,0,0.0,18.0,0,0,0,0,0,0,0,0.0
1,652de4c5-3ffb-42af-9203-8e06a0c6411a,95d02f9a-0c37-49b7-9a61-518ac5f7ef2c,复活节岛,True,301a517b-11a1-45d9-81ce-e81905974e60,3,5,19,14,5,4,5,34,36,-2,16,53.12,57.88,69,8,0,0,0,3,0,2250000.0,432746.0,19.23,16423798.02,A,none,370000.0,0.0,0.0,0.0,0,0.0,10.0,0,0,0,0,0,0,0,0.0
1,652de4c5-3ffb-42af-9203-8e06a0c6411a,95e4042e-52de-4df6-b5c9-7bc15fe0e2c6,库尔德勇,True,97f656a1-354e-476a-804e-57d7795aa34c,4,4,21,14,6,3,5,30,30,0,16,52.31,59.25,68,4,0,0,0,2,0,1600000.0,385669.0,24.1,11828149.7,A,none,283000.0,0.0,0.0,0.0,0,0.0,10.0,0,0,0,0,0,0,0,0.0
1,652de4c5-3ffb-42af-9203-8e06a0c6411a,97bd3ccc-820c-47fd-8ff0-1acbd2dd5b90,水蟒巨蛇,True,5fde7b3c-5169-40e1-b27d-9965e3d15ab1,4,7,15,14,4,3,7,28,39,-11,15,48.93,55.88,64,5,0,1,1,0,0,1600000.0,343194.0,21.45,14168670.89,A,none,283000.0,0.0,0.0,0.0,0,0.0,10.0,0,0,0,0,0,0,0,0.0
1,652de4c5-3ffb-42af-9203-8e06a0c6411a,985d0af0-92b6-4101-a859-b4b3ade0c9c4,少林武僧,True,85573765-1fce-4719-b455-9bedb7fc3852,4,8,13,14,3,4,7,25,30,-5,17,48.71,55.0,65,3,0,1,1,0,0,1600000.0,390164.0,24.39,10633641.88,A,none,245000.0,0.0,0.0,0.0,0,0.0,10.0,0,0,0,0,0,0,0,0.0
1,652de4c5-3ffb-42af-9203-8e06a0c6411a,98d30838-3492-4b0c-8322-4314995bd393,一千零一夜,True,b6ddea43-79ab-4ac6-959c-3171dbce21ff,1,7,12,14,3,3,8,24,44,-20,17,62.53,70.88,77,7,0,1,1,1,0,4200000.0,954979.0,22.74,26770755.02,A,none,580000.0,0.0,0.0,0.0,0,0.0,10.0,0,0,0,0,0,0,0,0.0
1,652de4c5-3ffb-42af-9203-8e06a0c6411a,99300516-f774-4dff-8748-c4f8fa826f46,阿根廷梦,True,525cb008-853b-4a8e-9d81-87146fae5cde,2,7,14,14,4,2,8,32,50,-18,16,54.88,62.38,70,6,0,1,1,0,0,3100000.0,583269.0,18.82,21627250.02,A,none,467000.0,0.0,0.0,0.0,0,0.0,10.0,0,0,0,0,0,0,0,0.0
1,652de4c5-3ffb-42af-9203-8e06a0c6411a,998ee0cd-7f64-4845-9225-151320635338,赫塔菲蓝,True,51f4a3d3-c63e-45d9-9e79-c2cad398765f,3,1,24,14,7,3,4,35,27,8,16,58.0,65.38,70,1,0,0,0,0,0,2250000.0,788596.0,35.05,12552093.7,A,none,703000.0,0.0,0.0,0.0,0,0.0,19.0,0,0,0,0,0,0,0,0.0
1,652de4c5-3ffb-42af-9203-8e06a0c6411a,99b60819-3bb0-4ea6-a313-e0e25f54fe6b,沙漠商队,True,81e6f8c8-40b9-4a8e-a10f-70349088f131,3,2,24,14,8,0,6,32,24,8,16,55.5,61.62,66,4,0,1,1,0,0,2250000.0,598261.0,26.59,16430387.02,A,none,370000.0,0.0,0.0,0.0,0,0.0,10.0,0,0,0,0,0,0,0,0.0
1,652de4c5-3ffb-42af-9203-8e06a0c6411a,9a5d0d3c-b55b-4916-a8b2-f1259690c986,祖鲁战士,True,7d8f8bff-fe71-4f21-86ef-6e8835d8653d,4,4,20,14,6,2,6,29,30,-1,16,50.44,55.62,64,5,0,1,1,0,0,1600000.0,366409.0,22.9,11222319.0,A,none,283000.0,0.0,0.0,0.0,0,0.0,10.0,0,0,0,0,0,0,0,0.0
1,652de4c5-3ffb-42af-9203-8e06a0c6411a,9b967cfb-d53b-40d1-bafa-aa907b8d0163,凯门鳄凶,True,5fde7b3c-5169-40e1-b27d-9965e3d15ab1,4,6,16,14,5,1,8,25,48,-23,16,48.56,53.75,62,4,0,2,0,0,0,1600000.0,353123.9,22.07,11214425.73,A,none,283000.0,0.0,0.0,0.0,0,0.0,10.0,0,0,0,0,0,0,0,0.0
1,652de4c5-3ffb-42af-9203-8e06a0c6411a,9bbd18bf-ab3c-443c-9ff6-e552d4f5fef6,蓝军切尔西,True,b3969166-c99e-42ea-989f-ea1a807fbb29,1,3,19,14,5,4,5,30,30,0,16,64.94,73.12,76,5,0,1,1,0,0,4200000.0,1192655.0,28.4,27227045.02,A,none,518000.0,0.0,0.0,0.0,0,0.0,10.0,0,0,0,0,0,0,0,0.0
1,652de4c5-3ffb-42af-9203-8e06a0c6411a,9c415d32-dffa-4665-a9dd-71efc490b763,清真寺塔,True,f5757d67-4592-4ae1-97d4-07b3a5db56d8,3,3,27,14,8,3,3,45,28,17,16,55.88,61.75,65,5,0,1,1,0,0,2250000.0,544488.0,24.2,16941084.98,A,none,326000.0,0.0,0.0,0.0,0,0.0,10.0,0,0,0,0,0,0,0,0.0
1,652de4c5-3ffb-42af-9203-8e06a0c6411a,9cd1ad3c-d8fb-4218-a634-2488d4756d21,尼罗河神,True,b6ddea43-79ab-4ac6-959c-3171dbce21ff,1,3,24,14,8,0,6,44,29,15,16,59.44,69.62,78,3,0,1,1,0,0,4200000.0,920532.0,21.92,28229590.02,A,none,518000.0,0.0,0.0,0.0,0,0.0,10.0,0,0,0,0,0,0,0,0.0
1,652de4c5-3ffb-42af-9203-8e06a0c6411a,9d7bbfa0-9c00-41c4-a6a5-846ae2fdfac4,阿拉伯舞,True,f6846932-f050-4653-9ecf-52a00fe9cb8b,4,3,20,14,6,2,6,24,31,-7,16,48.94,55.12,60,5,0,1,1,0,0,1600000.0,302536.0,18.91,11320553.98,A,none,283000.0,0.0,0.0,0.0,0,0.0,10.0,0,0,0,0,0,0,0,0.0
1,652de4c5-3ffb-42af-9203-8e06a0c6411a,9d8b1cbe-4b94-4e17-9c47-a4a902b851d7,非洲大象,True,3ef58883-b984-4286-b63c-a994639b1eda,4,5,17,14,4,5,5,13,12,1,15,47.93,52.75,62,6,0,1,1,1,0,1600000.0,286907.0,17.93,11233791.02,A,none,283000.0,0.0,0.0,0.0,0,0.0,10.0,0,0,0,0,0,0,0,0.0
1,652de4c5-3ffb-42af-9203-8e06a0c6411a,9df8fe36-708a-48f0-907f-d29e4b838083,足球精灵,True,29ec03d2-e39d-439b-ace6-9268533123ff,1,1,37,14,12,1,1,62,20,42,16,63.75,71.75,83,3,0,0,0,0,0,4200000.0,1119259.0,26.65,10328043.17,A,none,580000.0,0.0,0.0,0.0,0,0.0,10.0,0,0,0,0,0,0,0,0.0
1,652de4c5-3ffb-42af-9203-8e06a0c6411a,a0a40c58-92e7-4ee8-a1bd-d2ea7bfe8908,薛西斯军,True,3bbbf391-d072-458c-b316-23bb079f6409,4,7,16,14,3,7,4,13,17,-4,16,48.88,53.88,63,5,0,1,1,0,0,1600000.0,341715.0,21.36,11204797.02,A,none,283000.0,0.0,0.0,0.0,0,0.0,10.0,0,0,0,0,0,0,0,0.0
1,652de4c5-3ffb-42af-9203-8e06a0c6411a,a0c9921b-5fca-46a9-9356-3fc9360e0253,祖母绿光,True,5a1305b1-6c9f-466f-90ba-497869aec914,4,2,23,14,6,5,3,27,20,7,16,48.5,56.5,63,5,0,1,1,0,0,1600000.0,385637.0,24.1,11748179.02,A,none,245000.0,0.0,0.0,0.0,0,0.0,10.0,0,0,0,0,0,0,0,0.0
1,652de4c5-3ffb-42af-9203-8e06a0c6411a,a2332c17-c381-4780-b589-94c4f12f1991,克鲁格园,True,1e886f7d-fd94-4c98-96ea-273a8b3a6e29,4,8,10,14,2,4,8,16,34,-18,17,48.24,53.75,66,7,0,3,0,0,0,1600000.0,333246.0,20.83,10849830.25,A,none,424500.0,0.0,0.0,0.0,0,0.0,15.0,0,0,0,0,0,0,0,0.0
1,652de4c5-3ffb-42af-9203-8e06a0c6411a,a28c9ba2-440b-487e-bbf2-ccc2d2cfb323,飞驴切沃,True,a7b637f4-f78f-45ee-8aaf-64d9fef172ff,4,5,19,14,6,1,7,22,32,-10,16,50.31,55.5,70,3,0,1,1,0,0,1600000.0,419374.0,26.21,11180944.98,A,none,283000.0,0.0,0.0,0.0,0,0.0,10.0,0,0,0,0,0,0,0,0.0
1,652de4c5-3ffb-42af-9203-8e06a0c6411a,a4bd10dd-8eb2-4436-af34-ca71729a7606,美因茨红,True,c88d210b-d92c-4ca6-b6ae-dbcbd50db99f,4,1,27,14,8,3,3,35,26,9,14,50.29,54.38,61,4,0,1,1,0,0,1600000.0,344431.0,21.53,15692456.17,A,none,283000.0,0.0,0.0,0.0,0,0.0,10.0,0,0,0,0,0,0,0,0.0
1,652de4c5-3ffb-42af-9203-8e06a0c6411a,a4c7a0b3-a574-48a6-8f5b-e87bf47b17bd,药厂勒沃,True,4a15f14c-28e8-4c2f-90de-d5363e91566a,4,3,24,14,7,3,4,38,34,4,15,50.87,57.12,67,6,0,1,1,0,0,1600000.0,363370.0,22.71,11244613.0,A,none,283000.0,0.0,0.0,0.0,0,0.0,10.0,0,0,0,0,0,0,0,0.0
1,652de4c5-3ffb-42af-9203-8e06a0c6411a,a513e312-2947-41ac-8191-76c13178ef90,沙漠孤鹰,True,80e76669-51ec-4483-90e0-04abceda5702,3,2,25,14,7,4,3,29,19,10,16,56.19,63.12,66,5,0,1,1,0,0,2250000.0,588446.0,26.15,17075278.02,A,none,326000.0,0.0,0.0,0.0,0,0.0,10.0,0,0,0,0,0,0,0,0.0
1,652de4c5-3ffb-42af-9203-8e06a0c6411a,a5671302-f5d6-497a-ae3f-c39c2f4eead3,日耳曼战,True,4a15f14c-28e8-4c2f-90de-d5363e91566a,4,7,11,14,3,2,9,26,42,-16,17,49.06,55.12,65,3,0,1,1,0,0,1600000.0,342483.0,21.41,10715008.32,A,none,283000.0,0.0,0.0,0.0,0,0.0,10.0,0,0,0,0,0,0,0,0.0
1,652de4c5-3ffb-42af-9203-8e06a0c6411a,a729c9b9-d105-471a-bb71-ffd3bf626fbf,麒麟踏云,True,063f8474-c0c2-42ac-a632-72dd33d2156d,4,7,17,14,5,2,7,12,24,-12,16,50.06,54.5,65,4,0,1,1,0,0,1600000.0,376589.0,23.54,11317599.0,A,none,245000.0,0.0,0.0,0.0,0,0.0,10.0,0,0,0,0,0,0,0,0.0
1,652de4c5-3ffb-42af-9203-8e06a0c6411a,a77b1305-eb69-4e84-a3b0-a68c1ed073e5,红魔曼联,True,b3969166-c99e-42ea-989f-ea1a807fbb29,1,7,15,14,4,3,7,31,37,-6,17,59.41,70.0,84,6,0,2,1,0,0,4200000.0,939240.0,22.36,26176795.0,A,none,1044000.0,0.0,0.0,0.0,0,0.0,18.0,0,0,0,0,0,0,0,0.0
1,652de4c5-3ffb-42af-9203-8e06a0c6411a,a7997283-358e-4c86-bb5c-1bbe865b736a,农场主富勒,True,7c131cbb-9f4f-4a27-acc5-3d703d63275b,2,1,28,14,9,1,4,30,29,1,16,62.19,70.5,78,6,0,1,1,0,0,3100000.0,1025524.0,33.08,21303147.02,A,none,233500.0,0.0,0.0,0.0,0,0.0,5.0,0,0,0,0,0,0,0,0.0
1,652de4c5-3ffb-42af-9203-8e06a0c6411a,a8b4d912-316d-4247-a375-5237b6dd9517,青龙偃月,True,359be255-59cf-483b-ab1f-c339c2748d5c,1,6,17,14,5,2,7,31,34,-3,16,60.31,69.75,76,4,0,1,1,0,0,4200000.0,852677.0,20.3,26914229.0,A,none,580000.0,0.0,0.0,0.0,0,0.0,10.0,0,0,0,0,0,0,0,0.0
1,652de4c5-3ffb-42af-9203-8e06a0c6411a,a8daeebf-77a6-467b-af74-82520b31d1df,食蚁兽长,True,5fde7b3c-5169-40e1-b27d-9965e3d15ab1,4,1,28,14,9,1,4,43,21,22,16,52.25,57.62,65,4,0,1,1,0,0,1600000.0,470179.0,29.39,11106160.0,A,none,283000.0,0.0,0.0,0.0,0,0.0,10.0,0,0,0,0,0,0,0,0.0
1,652de4c5-3ffb-42af-9203-8e06a0c6411a,a8f5236d-ed25-4d79-9fbc-2a6e237590f4,阿里巴巴,True,f6846932-f050-4653-9ecf-52a00fe9cb8b,4,2,20,14,6,2,6,29,29,0,16,48.81,55.12,72,5,0,1,1,0,0,1600000.0,419338.0,26.21,10953254.98,A,none,481100.0,0.0,0.0,0.0,0,0.0,17.0,0,0,0,0,0,0,0,0.0
1,652de4c5-3ffb-42af-9203-8e06a0c6411a,a9abf299-7238-49ce-9147-f3a64cc2ce1b,公牛都灵,True,a7b637f4-f78f-45ee-8aaf-64d9fef172ff,4,4,22,14,6,4,4,27,25,2,17,51.18,55.62,64,8,0,1,1,2,0,1600000.0,343846.0,21.49,10900093.02,A,none,452800.0,0.0,0.0,0.0,0,0.0,16.0,0,0,0,0,0,0,0,0.0
1,652de4c5-3ffb-42af-9203-8e06a0c6411a,a9b5b0e7-7b38-4883-8a10-f08b6e204fd0,狼堡沃尔夫,True,4a15f14c-28e8-4c2f-90de-d5363e91566a,4,5,20,14,6,2,6,28,32,-4,16,49.0,54.25,67,5,0,1,1,0,0,1600000.0,376504.0,23.53,11458851.02,A,none,245000.0,0.0,0.0,0.0,0,0.0,10.0,0,0,0,0,0,0,0,0.0
1,652de4c5-3ffb-42af-9203-8e06a0c6411a,a9e2ee7c-196e-406b-8a61-7a12de641391,猫眼石闪,True,5a1305b1-6c9f-466f-90ba-497869aec914,4,4,21,14,6,3,5,24,19,5,16,52.0,57.75,63,4,0,1,1,0,0,1600000.0,396210.0,24.76,11439761.98,A,none,245000.0,0.0,0.0,0.0,0,0.0,10.0,0,0,0,0,0,0,0,0.0
1,652de4c5-3ffb-42af-9203-8e06a0c6411a,aac28b58-decc-4ebb-b817-1a1b4b7ed73a,阿拉维斯,True,51f4a3d3-c63e-45d9-9e79-c2cad398765f,3,7,15,14,3,6,5,7,15,-8,16,56.19,62.12,66,6,0,2,0,0,0,2250000.0,522735.0,23.23,16090584.02,A,none,521600.0,0.0,0.0,0.0,0,0.0,16.0,0,0,0,0,0,0,0,0.0
1,652de4c5-3ffb-42af-9203-8e06a0c6411a,aadbd3a9-b5b8-40b3-bc10-fa7795c32060,蜜蜂布伦特,True,7c131cbb-9f4f-4a27-acc5-3d703d63275b,2,4,19,14,4,7,3,15,13,2,16,62.19,68.0,74,3,0,1,0,0,0,3100000.0,879304.0,28.36,21442886.02,A,none,467000.0,0.0,0.0,0.0,0,0.0,10.0,0,0,0,0,0,0,0,0.0
1,652de4c5-3ffb-42af-9203-8e06a0c6411a,ad25703e-0053-415e-8523-0d2730ac9365,狼队伍尔弗,True,7c131cbb-9f4f-4a27-acc5-3d703d63275b,2,5,18,14,4,6,4,21,19,2,16,57.56,62.62,71,6,0,1,1,0,0,3100000.0,538598.0,17.37,21203052.98,A,none,840600.0,0.0,0.0,0.0,0,0.0,18.0,0,0,0,0,0,0,0,0.0
1,652de4c5-3ffb-42af-9203-8e06a0c6411a,ad44aa92-5680-4336-b85b-25d37bcc796f,大黄蜂多,True,4a15f14c-28e8-4c2f-90de-d5363e91566a,4,2,24,14,7,3,4,35,25,10,16,50.5,55.62,64,4,0,1,1,0,0,1600000.0,358306.0,22.39,11651963.0,A,none,245000.0,0.0,0.0,0.0,0,0.0,10.0,0,0,0,0,0,0,0,0.0
1,652de4c5-3ffb-42af-9203-8e06a0c6411a,ae6dc05a-edf4-460a-8f15-00a7210e38db,老鹰水晶宫,True,7c131cbb-9f4f-4a27-acc5-3d703d63275b,2,2,27,14,8,3,3,31,19,12,15,60.6,68.0,72,4,0,1,1,0,0,3100000.0,769208.0,24.81,38336875.94,A,none,415000.0,0.0,0.0,0.0,0,0.0,10.0,0,0,0,0,0,0,0,0.0
1,652de4c5-3ffb-42af-9203-8e06a0c6411a,ae87bcfc-d77a-4910-8d64-9fc17100da25,角马迁徙,True,3ef58883-b984-4286-b63c-a994639b1eda,4,3,22,14,6,4,4,22,24,-2,16,50.0,55.5,60,7,0,1,1,0,0,1600000.0,384560.0,24.04,11264104.02,A,none,283000.0,0.0,0.0,0.0,0,0.0,10.0,0,0,0,0,0,0,0,0.0
1,652de4c5-3ffb-42af-9203-8e06a0c6411a,af0a19de-6d42-4cff-8708-16eb0a12603c,马略卡岛,True,51f4a3d3-c63e-45d9-9e79-c2cad398765f,3,2,21,14,6,3,5,30,26,4,16,54.06,58.62,62,4,0,1,1,0,0,2250000.0,498960.0,22.18,16897097.02,A,none,326000.0,0.0,0.0,0.0,0,0.0,10.0,0,0,0,0,0,0,0,0.0
1,652de4c5-3ffb-42af-9203-8e06a0c6411a,b04ea948-66e6-4998-863f-bcbc9927f0c7,食人鱼群,True,5fde7b3c-5169-40e1-b27d-9965e3d15ab1,4,8,12,14,3,3,8,28,44,-16,16,47.94,52.25,62,5,0,1,1,0,0,1600000.0,326593.0,20.41,10878191.98,A,none,396200.0,0.0,0.0,0.0,0,0.0,14.0,0,0,0,0,0,0,0,0.0
1,652de4c5-3ffb-42af-9203-8e06a0c6411a,b324d8ce-d613-460e-87db-74ad94d92d35,枪手兵工厂,True,b3969166-c99e-42ea-989f-ea1a807fbb29,1,2,26,14,7,5,2,37,23,14,16,58.94,67.62,76,4,0,1,1,0,0,4200000.0,798450.0,19.01,27947468.0,A,none,518000.0,0.0,0.0,0.0,0,0.0,10.0,0,0,0,0,0,0,0,0.0
1,652de4c5-3ffb-42af-9203-8e06a0c6411a,b4107dca-e269-4f3a-8ab1-a36b3e309113,红军利物浦,True,b3969166-c99e-42ea-989f-ea1a807fbb29,1,6,16,14,4,4,6,13,23,-10,15,64.2,69.25,73,4,0,1,1,1,0,4200000.0,1022476.0,24.34,27308068.98,A,none,518000.0,0.0,0.0,0.0,0,0.0,10.0,0,0,0,0,0,0,0,0.0
1,652de4c5-3ffb-42af-9203-8e06a0c6411a,b4921016-e7cb-4a6a-b6b1-be4c5a053f7b,青云直上,True,978840be-6c69-4b6c-91b2-03a6e1e7fde3,4,7,15,14,4,3,7,22,30,-8,16,45.5,51.38,59,5,0,2,1,0,0,1600000.0,294648.0,18.42,10917004.98,A,none,396200.0,0.0,0.0,0.0,0,0.0,14.0,0,0,0,0,0,0,0,0.0
1,652de4c5-3ffb-42af-9203-8e06a0c6411a,b60163ef-97d5-4976-8fed-85ae5dfc5b3f,塞尔塔天,True,51f4a3d3-c63e-45d9-9e79-c2cad398765f,3,3,19,14,4,7,3,26,24,2,16,55.56,62.5,69,5,0,1,1,0,0,2250000.0,528128.0,23.47,16698704.0,A,none,326000.0,0.0,0.0,0.0,0,0.0,10.0,0,0,0,0,0,0,0,0.0
1,652de4c5-3ffb-42af-9203-8e06a0c6411a,b6d8396d-19f1-4386-88e0-93a3818eef4a,斑马条纹,True,3ef58883-b984-4286-b63c-a994639b1eda,4,6,17,14,5,2,7,24,34,-10,17,47.76,54.5,67,5,0,3,1,0,0,1600000.0,338403.0,21.15,10860794.77,A,none,452800.0,0.0,0.0,0.0,0,0.0,16.0,0,0,0,0,0,0,0,0.0
1,652de4c5-3ffb-42af-9203-8e06a0c6411a,b6dd5442-7f02-480a-9abd-e47600d0cfe6,金石为开,True,978840be-6c69-4b6c-91b2-03a6e1e7fde3,4,1,27,14,8,3,3,27,18,9,16,51.88,57.88,63,8,0,1,1,0,0,1600000.0,396418.0,24.78,11283296.0,A,none,367500.0,0.0,0.0,0.0,0,0.0,15.0,0,0,0,0,0,0,0,0.0
1,652de4c5-3ffb-42af-9203-8e06a0c6411a,b757ce5d-d52d-4f60-93fe-8f5613340a47,乌拉圭牛,True,301a517b-11a1-45d9-81ce-e81905974e60,3,1,25,14,7,4,3,34,25,9,16,55.81,60.75,66,3,0,1,1,0,0,2250000.0,516880.0,22.97,16885516.98,A,none,326000.0,0.0,0.0,0.0,0,0.0,10.0,0,0,0,0,0,0,0,0.0
1,652de4c5-3ffb-42af-9203-8e06a0c6411a,b77ab317-4751-4e3a-aca1-21cad5ef5341,狂熊撼地,True,063f8474-c0c2-42ac-a632-72dd33d2156d,4,8,13,14,4,1,9,23,35,-12,16,51.06,57.0,62,3,0,1,1,0,0,1600000.0,400321.0,25.02,11196621.0,A,none,283000.0,0.0,0.0,0.0,0,0.0,10.0,0,0,0,0,0,0,0,0.0
1,652de4c5-3ffb-42af-9203-8e06a0c6411a,b9010125-c177-46f0-ac56-eda4ec51d4f8,红尘滚滚,True,978840be-6c69-4b6c-91b2-03a6e1e7fde3,4,3,22,14,6,4,4,15,11,4,16,50.5,56.88,65,6,0,1,1,0,0,1600000.0,397887.0,24.87,11245588.0,A,none,283000.0,0.0,0.0,0.0,0,0.0,10.0,0,0,0,0,0,0,0,0.0
1,652de4c5-3ffb-42af-9203-8e06a0c6411a,b9155ad9-e3b9-436a-af60-85e08ee184d9,钢铁柏林,True,4a15f14c-28e8-4c2f-90de-d5363e91566a,4,1,32,14,10,2,2,47,21,26,16,50.56,57.38,64,8,0,1,1,0,0,1600000.0,387520.0,24.22,11751795.98,A,none,245000.0,0.0,0.0,0.0,0,0.0,10.0,0,0,0,0,0,0,0,0.0
1,652de4c5-3ffb-42af-9203-8e06a0c6411a,bc4fdf86-d4fc-406e-b527-32b06cd5f360,印加帝国,True,301a517b-11a1-45d9-81ce-e81905974e60,3,7,17,14,4,5,5,30,30,0,16,54.44,59.38,65,5,0,1,1,0,0,2250000.0,472172.0,20.99,16382906.98,A,none,370000.0,0.0,0.0,0.0,0,0.0,10.0,0,0,0,0,0,0,0,0.0
1,652de4c5-3ffb-42af-9203-8e06a0c6411a,bca64a9c-5aa4-4b59-a840-dccca22ca4ec,美洲豹王,True,5fde7b3c-5169-40e1-b27d-9965e3d15ab1,4,4,19,14,5,4,5,28,28,0,16,51.44,56.5,62,5,0,1,0,0,0,1600000.0,351137.0,21.95,10922341.98,A,none,509400.0,0.0,0.0,0.0,0,0.0,18.0,0,0,0,0,0,0,0,0.0
1,652de4c5-3ffb-42af-9203-8e06a0c6411a,be2cac80-28c9-42b2-b208-fe897bc8bf38,紫电鹰扬,True,80e76669-51ec-4483-90e0-04abceda5702,3,6,17,14,4,5,5,20,22,-2,16,56.75,62.75,68,6,0,1,1,0,0,2250000.0,599061.0,26.62,16580232.98,A,none,326000.0,0.0,0.0,0.0,0,0.0,10.0,0,0,0,0,0,0,0,0.0
1,652de4c5-3ffb-42af-9203-8e06a0c6411a,bff686b7-f43b-4ee6-ab47-65f08e42f3e7,闪电杰尼,False,359be255-59cf-483b-ab1f-c339c2748d5c,1,4,20,14,6,2,6,32,35,-3,15,58.0,66.5,76,0,0,0,0,0,0,4200000.0,799758.0,19.04,27120242.0,A,none,580000.0,0.0,0.0,0.0,0,0.0,10.0,0,0,0,0,0,0,0,0.0
1,652de4c5-3ffb-42af-9203-8e06a0c6411a,c2e849d6-e49c-42a2-aded-da25324efa95,潘帕斯草,True,525cb008-853b-4a8e-9d81-87146fae5cde,2,3,25,14,8,1,5,48,43,5,16,61.25,66.88,74,6,0,1,0,0,0,3100000.0,792868.0,25.58,21600523.0,A,none,467000.0,0.0,0.0,0.0,0,0.0,10.0,0,0,0,0,0,0,0,0.0
1,652de4c5-3ffb-42af-9203-8e06a0c6411a,c3a306c8-0370-4557-b17a-8cdc9b246873,金毛狮王,True,984e1619-0888-4e41-8645-d8265a23e11a,4,8,11,14,3,2,9,20,33,-13,15,46.6,53.5,61,6,0,1,1,0,0,1600000.0,301934.0,18.87,16758951.35,A,none,283000.0,0.0,0.0,0.0,0,0.0,10.0,0,0,0,0,0,0,0,0.0
1,652de4c5-3ffb-42af-9203-8e06a0c6411a,c567348e-56d2-41b5-b3bf-f12c1877cf25,绿茵魔术师,True,29ec03d2-e39d-439b-ace6-9268533123ff,1,2,26,14,8,2,4,31,24,7,16,61.81,72.75,81,4,0,1,0,0,0,4200000.0,983166.0,23.41,28126768.02,A,none,518000.0,0.0,0.0,0.0,0,0.0,10.0,0,0,0,0,0,0,0,0.0
1,652de4c5-3ffb-42af-9203-8e06a0c6411a,c5695aa8-498f-413e-b73b-3d10e4c4ffff,蝙蝠军团,True,b8d9fdd9-7a6c-43c2-910e-c0bb5fbd34fe,3,1,32,14,10,2,2,35,21,14,16,56.75,63.38,71,4,0,1,1,0,0,2250000.0,613056.0,27.25,16235784.02,A,none,370000.0,0.0,0.0,0.0,0,0.0,10.0,0,0,0,0,0,0,0,0.0
1,652de4c5-3ffb-42af-9203-8e06a0c6411a,c866a5c5-bf7f-4657-927d-b32818896bd3,马赛勇士,True,7d8f8bff-fe71-4f21-86ef-6e8835d8653d,4,3,24,14,6,6,2,39,34,5,16,51.56,56.62,62,4,0,1,1,0,0,1600000.0,349648.0,21.85,11795583.98,A,none,245000.0,0.0,0.0,0.0,0,0.0,10.0,0,0,0,0,0,0,0,0.0
1,652de4c5-3ffb-42af-9203-8e06a0c6411a,c8c72df5-e356-4b13-8e8f-ec88b7674dd2,紫百合佛,True,e223266b-c6e0-4a6a-a563-2102a14329cc,4,8,2,14,0,2,12,1,24,-23,14,49.21,53.5,59,5,0,1,1,0,0,1600000.0,260678.0,16.29,11213080.98,A,none,283000.0,0.0,0.0,0.0,0,0.0,10.0,0,0,0,0,0,0,0,0.0
1,652de4c5-3ffb-42af-9203-8e06a0c6411a,c9103d51-f0d0-4508-bbbc-cd0e215b80cb,三狮军团,True,b3969166-c99e-42ea-989f-ea1a807fbb29,1,4,19,14,5,4,5,20,23,-3,17,61.06,71.62,79,5,0,2,0,0,0,4200000.0,1054545.0,25.11,27480679.0,A,none,518000.0,0.0,0.0,0.0,0,0.0,10.0,0,0,0,0,0,0,0,0.0
1,652de4c5-3ffb-42af-9203-8e06a0c6411a,c94a55b6-39c8-4129-81c7-f3b325e407be,沙漠之舟,True,81e6f8c8-40b9-4a8e-a10f-70349088f131,3,3,22,14,7,1,6,28,24,4,16,54.56,60.5,66,7,0,1,1,0,0,2250000.0,463626.0,20.61,16438308.02,A,none,370000.0,0.0,0.0,0.0,0,0.0,10.0,0,0,0,0,0,0,0,0.0
1,652de4c5-3ffb-42af-9203-8e06a0c6411a,c9dd425d-59a1-4fa5-83c9-4b7ce2f7f429,巴塔哥尼,True,525cb008-853b-4a8e-9d81-87146fae5cde,2,1,31,14,9,4,1,50,22,28,16,57.94,65.0,77,5,0,1,1,0,0,3100000.0,613975.0,19.81,21971848.0,A,none,664000.0,0.0,0.0,0.0,0,0.0,16.0,0,0,0,0,0,0,0,0.0
1,652de4c5-3ffb-42af-9203-8e06a0c6411a,cce953b5-24b2-4111-b169-c7ee24250baa,塞维利业,True,b8d9fdd9-7a6c-43c2-910e-c0bb5fbd34fe,3,8,7,14,2,1,11,17,34,-17,15,51.8,59.88,66,4,0,1,1,1,0,2250000.0,418923.0,18.62,16347312.98,A,none,370000.0,0.0,0.0,0.0,0,0.0,10.0,0,0,0,0,0,0,0,0.0
1,652de4c5-3ffb-42af-9203-8e06a0c6411a,ced36a6a-ff76-4d6e-b530-155bef975c6f,纳斯卡线,True,301a517b-11a1-45d9-81ce-e81905974e60,3,4,19,14,5,4,5,34,29,5,16,54.44,59.62,66,5,0,1,1,0,0,2250000.0,458857.0,20.39,16473322.98,A,none,370000.0,0.0,0.0,0.0,0,0.0,10.0,0,0,0,0,0,0,0,0.0
1,652de4c5-3ffb-42af-9203-8e06a0c6411a,cf38b978-2024-45a7-8f20-99dfe99fa0b8,格拉纳达,True,51f4a3d3-c63e-45d9-9e79-c2cad398765f,3,6,18,14,5,3,6,23,29,-6,14,53.64,60.12,68,2,0,1,1,0,0,2250000.0,486561.0,21.62,16351640.02,A,none,370000.0,0.0,0.0,0.0,0,0.0,10.0,0,0,0,0,0,0,0,0.0
1,652de4c5-3ffb-42af-9203-8e06a0c6411a,cfbaab7e-1b94-4a03-b11d-ffe126ca94ae,刚果雨林,True,1e886f7d-fd94-4c98-96ea-273a8b3a6e29,4,5,20,14,6,2,6,27,30,-3,16,47.5,53.12,63,4,0,1,1,0,0,1600000.0,321151.0,20.07,11411547.02,A,none,416500.0,0.0,0.0,0.0,0,0.0,17.0,0,0,0,0,0,0,0,0.0
1,652de4c5-3ffb-42af-9203-8e06a0c6411a,d05a7cac-77cc-4fa9-8eba-d3db36881a4f,矿工沙尔,True,c88d210b-d92c-4ca6-b6ae-dbcbd50db99f,4,5,20,14,5,5,4,29,23,6,16,49.88,55.88,64,5,0,1,1,0,0,1600000.0,396431.0,24.78,11389229.0,A,none,245000.0,0.0,0.0,0.0,0,0.0,10.0,0,0,0,0,0,0,0,0.0
1,652de4c5-3ffb-42af-9203-8e06a0c6411a,d1528662-c97b-4af7-ab2f-e98b795cdda4,斯图加特,True,c88d210b-d92c-4ca6-b6ae-dbcbd50db99f,4,3,22,14,6,4,4,32,32,0,16,49.44,56.0,65,4,0,1,1,0,0,1600000.0,375332.0,23.46,11244365.98,A,none,283000.0,0.0,0.0,0.0,0,0.0,10.0,0,0,0,0,0,0,0,0.0
1,652de4c5-3ffb-42af-9203-8e06a0c6411a,d1c0d939-c777-4a8e-b87d-ede88c6e6abe,火狼焚原,True,21145133-3f98-4f16-a80a-28ea1a3c0858,3,5,19,14,6,1,7,23,32,-9,16,55.62,62.75,76,5,0,1,1,0,0,2250000.0,572562.0,25.45,16284936.98,A,none,370000.0,0.0,0.0,0.0,0,0.0,10.0,0,0,0,0,0,0,0,0.0
1,652de4c5-3ffb-42af-9203-8e06a0c6411a,d20dd201-3871-43d1-afee-f407f87659b4,居鲁士帝,True,3bbbf391-d072-458c-b316-23bb079f6409,4,3,19,14,5,4,5,20,22,-2,16,48.81,54.12,62,6,0,1,1,0,0,1600000.0,334026.0,20.88,11472658.0,A,none,245000.0,0.0,0.0,0.0,0,0.0,10.0,0,0,0,0,0,0,0,0.0
1,652de4c5-3ffb-42af-9203-8e06a0c6411a,d3286bd6-52f2-4571-afb5-cd2c361ab8ab,阿拉丁灯,True,f6846932-f050-4653-9ecf-52a00fe9cb8b,4,5,17,14,4,5,5,16,18,-2,15,51.33,57.75,69,7,0,1,1,0,0,1600000.0,345997.0,21.62,12951351.87,A,none,245000.0,0.0,0.0,0.0,0,0.0,10.0,0,0,0,0,0,0,0,0.0
1,652de4c5-3ffb-42af-9203-8e06a0c6411a,d3b66902-aa7c-408c-a3a8-2343ebc9cbe0,犀牛冲撞,True,063f8474-c0c2-42ac-a632-72dd33d2156d,4,3,22,14,7,1,6,28,27,1,15,48.67,54.0,62,6,0,1,1,0,0,1600000.0,340365.0,21.27,11733490.15,A,none,283000.0,0.0,0.0,0.0,0,0.0,10.0,0,0,0,0,0,0,0,0.0
1,652de4c5-3ffb-42af-9203-8e06a0c6411a,d4b06680-c802-4b4f-8fd1-33bea289ade2,西海金龙,True,359be255-59cf-483b-ab1f-c339c2748d5c,1,8,14,14,3,5,6,15,26,-11,16,61.94,69.62,78,7,0,3,1,1,0,4200000.0,920598.0,21.92,25972357.5,A,none,986000.0,0.0,0.0,0.0,0,0.0,17.0,0,0,0,0,0,0,0,0.0
1,652de4c5-3ffb-42af-9203-8e06a0c6411a,d69d7488-960a-4778-a79c-a0330172ef4a,绿白贝蒂,True,51f4a3d3-c63e-45d9-9e79-c2cad398765f,3,4,18,14,3,9,2,17,15,2,15,56.13,60.88,70,4,0,1,1,0,0,2250000.0,526001.0,23.38,16743686.0,A,none,326000.0,0.0,0.0,0.0,0,0.0,10.0,0,0,0,0,0,0,0,0.0
1,652de4c5-3ffb-42af-9203-8e06a0c6411a,d871b731-c80d-4872-b5b2-59a8a7b126ee,圣保罗彩,True,f166be2f-3d1b-40e7-b136-d4736138344e,3,8,13,14,3,4,7,20,27,-7,16,55.69,62.25,69,4,0,1,1,0,0,2250000.0,571830.0,25.41,16256849.98,A,none,370000.0,0.0,0.0,0.0,0,0.0,10.0,0,0,0,0,0,0,0,0.0
1,652de4c5-3ffb-42af-9203-8e06a0c6411a,d89a5197-5cc5-4e06-971e-c198e16e5d18,桑布露族,True,7d8f8bff-fe71-4f21-86ef-6e8835d8653d,4,6,16,14,5,1,8,18,23,-5,16,49.94,55.25,70,5,0,2,0,0,0,1600000.0,386354.9,24.15,11172784.75,A,none,283000.0,0.0,0.0,0.0,0,0.0,10.0,0,0,0,0,0,0,0,0.0
1,652de4c5-3ffb-42af-9203-8e06a0c6411a,da33e4ad-66d5-433e-93ba-366a9c2daf3f,非洲野牛,True,3ef58883-b984-4286-b63c-a994639b1eda,4,8,9,14,3,0,11,17,35,-18,16,49.25,54.62,69,4,0,1,1,0,0,1600000.0,431018.0,26.94,11121997.0,A,none,283000.0,0.0,0.0,0.0,0,0.0,10.0,0,0,0,0,0,0,0,0.0
1,652de4c5-3ffb-42af-9203-8e06a0c6411a,da7e1fb6-644f-4f12-ac90-d8a9cf2d9645,真蓝黑亚,True,a7b637f4-f78f-45ee-8aaf-64d9fef172ff,4,7,13,14,3,4,7,25,35,-10,16,51.0,55.75,60,5,0,1,1,0,0,1600000.0,364959.0,22.81,11190358.02,A,none,283000.0,0.0,0.0,0.0,0,0.0,10.0,0,0,0,0,0,0,0,0.0
1,652de4c5-3ffb-42af-9203-8e06a0c6411a,de554813-103d-4ab7-a7b0-030d80a26303,阿拉伯军,True,97f656a1-354e-476a-804e-57d7795aa34c,4,8,9,14,1,6,7,15,28,-13,16,48.69,52.62,58,6,0,1,1,0,0,1600000.0,328180.0,20.51,11207846.02,A,none,283000.0,0.0,0.0,0.0,0,0.0,10.0,0,0,0,0,0,0,0,0.0
1,652de4c5-3ffb-42af-9203-8e06a0c6411a,de838a52-9057-4623-a707-fd29fd23e02c,霍村霍芬,True,c88d210b-d92c-4ca6-b6ae-dbcbd50db99f,4,4,21,14,6,3,5,28,24,4,16,47.69,52.5,61,4,0,1,1,0,0,1600000.0,307639.0,19.23,11280393.0,A,none,283000.0,0.0,0.0,0.0,0,0.0,10.0,0,0,0,0,0,0,0,0.0
1,652de4c5-3ffb-42af-9203-8e06a0c6411a,df0c3811-9f00-451e-bd0a-4d22f839f910,红狼罗马,True,a7b637f4-f78f-45ee-8aaf-64d9fef172ff,4,2,24,14,7,3,4,48,32,16,16,48.88,53.0,62,5,0,1,1,0,0,1600000.0,342056.0,21.38,11322399.98,A,none,283000.0,0.0,0.0,0.0,0,0.0,10.0,0,0,0,0,0,0,0,0.0
1,652de4c5-3ffb-42af-9203-8e06a0c6411a,df0cf5b2-3259-4822-b945-261c54e430ba,红牛莱比,True,4a15f14c-28e8-4c2f-90de-d5363e91566a,4,6,19,14,5,4,5,39,31,8,16,51.31,56.38,67,5,0,1,1,0,0,1600000.0,375779.0,23.49,11221061.98,A,none,283000.0,0.0,0.0,0.0,0,0.0,10.0,0,0,0,0,0,0,0,0.0
1,652de4c5-3ffb-42af-9203-8e06a0c6411a,df29d5d7-141c-470c-b226-c2c18994aa4b,蓝鹰拉齐,True,e223266b-c6e0-4a6a-a563-2102a14329cc,4,5,22,14,7,1,6,26,22,4,16,49.38,53.75,64,5,0,1,1,0,0,1600000.0,327379.0,20.46,13237775.85,A,none,283000.0,0.0,0.0,0.0,0,0.0,10.0,0,0,0,0,0,0,0,0.0
1,652de4c5-3ffb-42af-9203-8e06a0c6411a,e0c9eea6-67ef-4e89-adff-55007cad963b,撒丁岛卡,True,a7b637f4-f78f-45ee-8aaf-64d9fef172ff,4,8,13,14,3,4,7,25,36,-11,16,48.94,55.75,65,4,0,1,1,0,0,1600000.0,359602.0,22.48,11193018.02,A,none,283000.0,0.0,0.0,0.0,0,0.0,10.0,0,0,0,0,0,0,0,0.0
1,652de4c5-3ffb-42af-9203-8e06a0c6411a,e1027b61-123f-401b-b628-e0b3a79eaea6,阿散蒂金,True,7d8f8bff-fe71-4f21-86ef-6e8835d8653d,4,7,14,14,4,2,8,26,35,-9,17,49.82,57.25,64,6,0,2,1,0,0,1600000.0,378465.0,23.65,11270992.02,A,none,245000.0,0.0,0.0,0.0,0,0.0,10.0,0,0,0,0,0,0,0,0.0
1,652de4c5-3ffb-42af-9203-8e06a0c6411a,e1c28409-400e-4cae-b1a2-bf81ab44ac90,拉普拉塔,True,525cb008-853b-4a8e-9d81-87146fae5cde,2,2,27,14,8,3,3,44,28,16,15,59.13,64.88,69,6,0,1,1,0,0,3100000.0,728006.0,23.48,22270321.98,A,none,415000.0,0.0,0.0,0.0,0,0.0,10.0,0,0,0,0,0,0,0,0.0
1,652de4c5-3ffb-42af-9203-8e06a0c6411a,e1ee3921-d9a9-48ce-a389-3fa4d0dcbf50,草原战狼,True,21145133-3f98-4f16-a80a-28ea1a3c0858,3,1,26,14,8,2,4,45,28,17,16,58.31,63.75,68,5,0,1,1,0,0,2250000.0,642508.0,28.56,16214583.98,A,none,370000.0,0.0,0.0,0.0,0,0.0,10.0,0,0,0,0,0,0,0,0.0
1,652de4c5-3ffb-42af-9203-8e06a0c6411a,e5e69a4d-63f0-4e62-addb-b51923c6289b,巴斯克雄,True,51f4a3d3-c63e-45d9-9e79-c2cad398765f,3,5,18,14,4,6,4,13,12,1,16,55.0,59.88,64,6,0,1,1,0,0,2250000.0,480304.0,21.35,16424059.98,A,none,370000.0,0.0,0.0,0.0,0,0.0,10.0,0,0,0,0,0,0,0,0.0
1,652de4c5-3ffb-42af-9203-8e06a0c6411a,e5f8b687-80b4-4e5b-9398-0f67c674604a,绿洲明珠,True,b6ddea43-79ab-4ac6-959c-3171dbce21ff,1,6,12,14,3,3,8,9,26,-17,17,59.65,67.25,71,7,0,2,1,0,0,4200000.0,875404.0,20.84,26938010.02,A,none,580000.0,0.0,0.0,0.0,0,0.0,10.0,0,0,0,0,0,0,0,0.0
1,652de4c5-3ffb-42af-9203-8e06a0c6411a,e6003d82-a938-4dc4-864c-b63501f2ae70,尼罗河源,True,1e886f7d-fd94-4c98-96ea-273a8b3a6e29,4,2,27,14,8,3,3,31,19,12,15,50.53,56.0,67,4,0,1,1,1,0,1600000.0,339032.0,21.19,11309330.98,A,none,283000.0,0.0,0.0,0.0,0,0.0,10.0,0,0,0,0,0,0,0,0.0
1,652de4c5-3ffb-42af-9203-8e06a0c6411a,e8069429-7f4a-4735-a309-c9f73c6a9942,能源霸主,True,f8c7642e-6116-431e-ab83-cd140737a4aa,2,4,19,14,6,1,7,36,32,4,16,60.38,67.38,72,3,0,1,1,0,0,3100000.0,870987.0,28.1,21892301.98,A,none,415000.0,0.0,0.0,0.0,0,0.0,10.0,0,0,0,0,0,0,0,0.0
1,652de4c5-3ffb-42af-9203-8e06a0c6411a,e87b425e-c078-458e-8712-5812eb2007cd,赤龙焚天,True,359be255-59cf-483b-ab1f-c339c2748d5c,1,3,20,14,6,2,6,35,31,4,16,60.81,69.5,77,7,0,1,0,0,0,4200000.0,842590.0,20.06,27208663.02,A,none,580000.0,0.0,0.0,0.0,0,0.0,10.0,0,0,0,0,0,0,0,0.0
1,652de4c5-3ffb-42af-9203-8e06a0c6411a,e94e5257-ab68-4ad7-847b-1173ce6578be,图西胡图,True,7d8f8bff-fe71-4f21-86ef-6e8835d8653d,4,1,31,14,10,1,3,43,17,26,16,47.94,52.75,58,7,0,1,1,0,0,1600000.0,301505.0,18.84,11771369.0,A,none,245000.0,0.0,0.0,0.0,0,0.0,10.0,0,0,0,0,0,0,0,0.0
1,652de4c5-3ffb-42af-9203-8e06a0c6411a,e9dd35ad-da38-4f78-8495-797e678b3c20,香料之路,True,f6846932-f050-4653-9ecf-52a00fe9cb8b,4,4,17,14,5,2,7,25,26,-1,16,50.06,56.0,67,4,0,1,1,0,0,1600000.0,402570.0,25.16,11189025.0,A,none,283000.0,0.0,0.0,0.0,0,0.0,10.0,0,0,0,0,0,0,0,0.0
1,652de4c5-3ffb-42af-9203-8e06a0c6411a,eb2f1e87-4901-4c3f-93e5-4bc8a6a03f06,土耳其近,True,97f656a1-354e-476a-804e-57d7795aa34c,4,7,12,14,3,3,8,15,27,-12,17,47.76,52.12,56,5,0,2,1,0,0,1600000.0,356717.0,22.29,10866657.0,A,none,452800.0,0.0,0.0,0.0,0,0.0,16.0,0,0,0,0,0,0,0,0.0
1,652de4c5-3ffb-42af-9203-8e06a0c6411a,ed5c6eb4-7eaa-4484-8711-9333b2d11b16,波斯地毯,True,3bbbf391-d072-458c-b316-23bb079f6409,4,6,16,14,5,1,8,18,21,-3,15,50.2,55.25,71,5,0,1,1,0,0,1600000.0,356836.0,22.3,14951603.64,A,none,245000.0,0.0,0.0,0.0,0,0.0,10.0,0,0,0,0,0,0,0,0.0
1,652de4c5-3ffb-42af-9203-8e06a0c6411a,eeb45694-9f5a-4bb9-ab06-6b9b79d06670,紫电龙骑,True,359be255-59cf-483b-ab1f-c339c2748d5c,1,5,17,14,4,5,5,13,13,0,16,61.56,68.5,79,4,0,0,0,1,0,4200000.0,863531.0,20.56,26988634.02,A,none,580000.0,0.0,0.0,0.0,0,0.0,10.0,0,0,0,0,0,0,0,0.0
1,652de4c5-3ffb-42af-9203-8e06a0c6411a,f040b65b-6bca-4d22-8209-5db13b34e775,探戈情人,True,525cb008-853b-4a8e-9d81-87146fae5cde,2,5,17,14,4,5,5,19,19,0,16,60.12,64.75,69,6,0,1,1,0,0,3100000.0,717368.0,23.14,21499830.02,A,none,467000.0,0.0,0.0,0.0,0,0.0,10.0,0,0,0,0,0,0,0,0.0
1,652de4c5-3ffb-42af-9203-8e06a0c6411a,f0be488b-4f4e-4f97-9eb1-8868116d7b93,小海马萨,True,a7b637f4-f78f-45ee-8aaf-64d9fef172ff,4,6,16,14,5,1,8,25,28,-3,17,49.06,55.12,65,7,0,4,0,0,0,1600000.0,384401.7,24.03,10845428.5,A,none,424500.0,0.0,0.0,0.0,0,0.0,15.0,0,0,0,0,0,0,0,0.0
1,652de4c5-3ffb-42af-9203-8e06a0c6411a,f0c2b81f-e7a2-4001-8b08-d92dea47338f,不来梅绿,True,c88d210b-d92c-4ca6-b6ae-dbcbd50db99f,4,6,17,14,4,5,5,26,25,1,17,50.47,56.0,67,7,0,3,1,0,0,1600000.0,371938.0,23.25,10855195.23,A,none,424500.0,0.0,0.0,0.0,0,0.0,15.0,0,0,0,0,0,0,0,0.0
1,652de4c5-3ffb-42af-9203-8e06a0c6411a,f13044b1-6e84-4b16-8f06-e695944e0bb7,亚马逊河,True,301a517b-11a1-45d9-81ce-e81905974e60,3,2,20,14,6,2,6,39,32,7,16,55.25,61.0,69,3,0,1,1,0,0,2250000.0,524022.0,23.29,16506075.02,A,none,370000.0,0.0,0.0,0.0,0,0.0,10.0,0,0,0,0,0,0,0,0.0
1,652de4c5-3ffb-42af-9203-8e06a0c6411a,f239bd15-2cb8-4f6d-9d6f-5adea01696ff,圣徒南安普,True,7c131cbb-9f4f-4a27-acc5-3d703d63275b,2,6,18,14,5,3,6,23,22,1,16,59.81,68.62,78,7,0,1,1,0,0,3100000.0,946404.0,30.53,21856461.98,A,none,622500.0,0.0,0.0,0.0,0,0.0,15.0,0,0,0,0,0,0,0,0.0
1,652de4c5-3ffb-42af-9203-8e06a0c6411a,f37aae86-41db-49a2-be9f-d239ed67a9d7,玛瑙石红,True,5a1305b1-6c9f-466f-90ba-497869aec914,4,1,26,14,8,2,4,22,16,6,16,51.06,56.0,63,7,0,1,1,0,0,1600000.0,412501.0,25.78,11146203.02,A,none,283000.0,0.0,0.0,0.0,0,0.0,10.0,0,0,0,0,0,0,0,0.0
1,652de4c5-3ffb-42af-9203-8e06a0c6411a,f3ec8fde-fe3c-43c9-aec6-6084ea0ce620,汽油骑士,True,f8c7642e-6116-431e-ab83-cd140737a4aa,2,1,30,14,10,0,4,37,25,12,16,57.88,63.38,68,4,0,1,1,0,0,3100000.0,685236.0,22.1,21471581.02,A,none,467000.0,0.0,0.0,0.0,0,0.0,10.0,0,0,0,0,0,0,0,0.0
1,652de4c5-3ffb-42af-9203-8e06a0c6411a,f5fab24c-152b-4150-ae51-5faa82e9aff4,白百合热,True,b3969166-c99e-42ea-989f-ea1a807fbb29,1,1,28,14,9,1,4,53,39,14,16,65.44,74.5,84,3,0,1,1,0,0,4200000.0,1210730.0,28.83,27098290.02,A,none,58000.0,0.0,0.0,0.0,0,0.0,1.0,0,0,0,0,0,0,0,0.0
1,652de4c5-3ffb-42af-9203-8e06a0c6411a,fb87ae66-a9df-487c-ab8a-5840eeac1d07,雷霆万钧,True,85573765-1fce-4719-b455-9bedb7fc3852,4,1,25,14,8,1,5,30,25,5,15,49.27,56.5,65,6,0,1,1,0,0,1600000.0,357418.0,22.34,10817376.02,A,none,396200.0,0.0,0.0,0.0,0,0.0,14.0,0,0,0,0,0,0,0,0.0
1,652de4c5-3ffb-42af-9203-8e06a0c6411a,fc06cf91-c305-493c-84ba-bd93802991fc,热带雨林,True,301a517b-11a1-45d9-81ce-e81905974e60,3,8,16,14,5,1,8,38,48,-10,16,52.56,58.12,68,5,0,1,1,0,0,2250000.0,461887.0,20.53,16511525.0,A,none,326000.0,0.0,0.0,0.0,0,0.0,10.0,0,0,0,0,0,0,0,0.0
1,652de4c5-3ffb-42af-9203-8e06a0c6411a,fd2d0447-d660-47dd-a0dc-12f7ebfc2e65,银河战舰,True,b8d9fdd9-7a6c-43c2-910e-c0bb5fbd34fe,3,4,20,14,5,5,4,33,37,-4,16,56.25,61.25,70,6,0,1,1,0,0,2250000.0,531494.0,23.62,16755013.02,A,none,326000.0,0.0,0.0,0.0,0,0.0,10.0,0,0,0,0,0,0,0,0.0
1,652de4c5-3ffb-42af-9203-8e06a0c6411a,fd2f2ffd-b02d-4117-b2aa-f0c1c9b83553,森林之语,True,978840be-6c69-4b6c-91b2-03a6e1e7fde3,4,6,17,14,5,2,7,25,28,-3,16,48.69,55.5,66,7,0,1,1,0,0,1600000.0,313653.0,19.6,11360009.02,A,none,245000.0,0.0,0.0,0.0,0,0.0,10.0,0,0,0,0,0,0,0,0.0
1,652de4c5-3ffb-42af-9203-8e06a0c6411a,fdb06b8f-684f-4761-b62e-22e64c5971b5,波斯猫王,True,3bbbf391-d072-458c-b316-23bb079f6409,4,2,23,14,6,5,3,23,21,2,15,47.27,52.88,64,4,0,1,1,0,0,1600000.0,333706.0,20.86,11611443.02,A,none,245000.0,0.0,0.0,0.0,0,0.0,10.0,0,0,0,0,0,0,0,0.0
1,652de4c5-3ffb-42af-9203-8e06a0c6411a,fde969e3-86ac-462d-bbc1-963eab38b504,沙漠之狐,True,b6ddea43-79ab-4ac6-959c-3171dbce21ff,1,5,20,14,6,2,6,34,35,-1,17,60.24,69.12,78,7,0,3,1,0,0,4200000.0,905032.0,21.55,26972987.02,A,none,580000.0,0.0,0.0,0.0,0,0.0,10.0,0,0,0,0,0,0,0,0.0
1,652de4c5-3ffb-42af-9203-8e06a0c6411a,fe128fb9-67f0-4d49-80e5-bb6292a71be2,铁翼飞鹰,True,80e76669-51ec-4483-90e0-04abceda5702,3,5,18,14,4,6,4,13,16,-3,16,55.62,61.75,70,6,0,1,1,0,0,2250000.0,568383.0,25.26,16367251.0,A,none,370000.0,0.0,0.0,0.0,0,0.0,10.0,0,0,0,0,0,0,0,0.0
1,652de4c5-3ffb-42af-9203-8e06a0c6411a,ff2dd69b-ac4c-4ce3-af23-521daf536eed,斑马军团,True,e223266b-c6e0-4a6a-a563-2102a14329cc,4,4,23,14,6,5,3,16,12,4,16,51.06,58.12,67,7,0,2,0,0,0,1600000.0,398588.0,24.91,11209652.5,A,none,283000.0,0.0,0.0,0.0,0,0.0,10.0,0,0,0,0,0,0,0,0.0
1,652de4c5-3ffb-42af-9203-8e06a0c6411a,ff55cef1-9862-4d72-9ba4-3d241938741b,巴格达城,True,f5757d67-4592-4ae1-97d4-07b3a5db56d8,3,7,9,14,2,3,9,26,41,-15,17,54.65,59.75,68,6,0,2,1,0,0,2250000.0,560771.2,24.92,16270869.0,A,none,370000.0,0.0,0.0,0.0,0,0.0,10.0,0,0,0,0,0,0,0,0.0
2,2b6b23bb-e7cd-46fd-b899-a0a9e3a96237,00983e2e-e8bd-47be-a022-5774b994caa7,蓝黑战士,True,e223266b-c6e0-4a6a-a563-2102a14329cc,4,6,17,14,4,5,5,17,16,1,16,48.44,56.38,64,5,0,1,0,0,0,1600000.0,393207.0,24.58,12817235.07,A,none,421267.6,0.0,0.0,0.0,0,0.0,16.0,0,0,0,0,0,0,0,0.0
2,2b6b23bb-e7cd-46fd-b899-a0a9e3a96237,0192de1b-b1f4-4f4b-af0f-934452bda0d1,武当太极,True,85573765-1fce-4719-b455-9bedb7fc3852,4,6,12,14,3,3,8,9,17,-8,17,50.29,56.25,64,6,0,3,2,0,0,1600000.0,347481.0,21.72,12364742.31,A,none,446493.85,0.0,0.0,0.0,0,0.0,15.0,0,0,0,0,0,0,0,0.0
2,2b6b23bb-e7cd-46fd-b899-a0a9e3a96237,02674860-147a-44e2-843a-da5f0e9f81bc,蓝宝石海,True,5a1305b1-6c9f-466f-90ba-497869aec914,4,8,13,14,4,1,9,26,38,-12,17,50.24,54.75,69,7,0,2,1,0,0,1600000.0,411639.0,25.73,12605236.46,A,none,391793.57,0.0,0.0,0.0,0,0.0,15.0,0,0,0,0,0,0,0,0.0
2,2b6b23bb-e7cd-46fd-b899-a0a9e3a96237,03832f41-a31c-4d42-a687-158df7a831d7,魔毯飞行,True,f6846932-f050-4653-9ecf-52a00fe9cb8b,4,7,13,14,3,4,7,19,30,-11,17,51.59,58.75,68,9,0,3,2,0,0,1600000.0,362763.0,22.67,12401631.48,A,none,414277.44,0.0,0.0,0.0,0,0.0,16.0,0,0,0,0,0,0,0,0.0
2,2b6b23bb-e7cd-46fd-b899-a0a9e3a96237,090b2c3b-fb42-4eaa-a978-2463ed4dc234,玄武镇海,True,063f8474-c0c2-42ac-a632-72dd33d2156d,4,1,25,14,7,4,3,35,22,13,16,50.38,58.0,66,5,0,1,0,0,0,1600000.0,472288.0,29.52,13199506.14,A,none,151484.3,0.0,0.0,0.0,0,0.0,5.0,0,0,0,0,0,0,0,0.0
2,2b6b23bb-e7cd-46fd-b899-a0a9e3a96237,0a5b6a82-d483-486a-9d11-592a154fbf0c,绿洲驼队,True,81e6f8c8-40b9-4a8e-a10f-70349088f131,3,6,18,14,5,3,6,25,26,-1,17,55.82,61.88,70,8,0,2,1,0,0,2250000.0,553073.0,24.58,18001605.75,A,none,386541.27,0.0,0.0,0.0,0,0.0,10.0,0,0,0,0,0,0,0,0.0
2,2b6b23bb-e7cd-46fd-b899-a0a9e3a96237,0fc36386-3ee4-4343-9c56-3b6ccc661da3,猎豹闪电,True,984e1619-0888-4e41-8645-d8265a23e11a,4,8,6,14,2,0,12,23,57,-34,17,45.71,54.12,65,7,0,3,1,0,0,1600000.0,340373.0,21.27,12011251.39,A,none,441843.66,0.0,0.0,0.0,0,0.0,15.0,0,0,0,0,0,0,0,0.0
2,2b6b23bb-e7cd-46fd-b899-a0a9e3a96237,1135d594-4576-4c49-8126-ef5d77f4c9de,烈焰狂狮,True,984e1619-0888-4e41-8645-d8265a23e11a,4,5,18,14,5,3,6,18,20,-2,16,53.62,58.12,65,6,0,1,0,0,0,1600000.0,377847.0,23.62,12258013.34,A,none,445506.62,0.0,0.0,0.0,0,0.0,15.0,0,0,0,0,0,0,0,0.0
2,2b6b23bb-e7cd-46fd-b899-a0a9e3a96237,11bbc8df-418e-40ea-a638-3ee287139ed6,雪豹冰山,True,984e1619-0888-4e41-8645-d8265a23e11a,4,3,26,14,7,5,2,16,9,7,16,52.12,59.5,66,8,0,3,2,0,0,1600000.0,357797.0,22.36,12743734.35,A,none,297530.67,0.0,0.0,0.0,0,0.0,10.0,0,0,0,0,0,0,0,0.0
2,2b6b23bb-e7cd-46fd-b899-a0a9e3a96237,121a8ce8-a60e-4dbc-8943-f888ae0138df,波斯勇士,True,81e6f8c8-40b9-4a8e-a10f-70349088f131,3,3,21,14,6,3,5,32,32,0,16,52.75,58.88,77,6,0,2,1,1,0,2250000.0,425357.0,18.9,12573730.28,A,none,567478.33,0.0,0.0,0.0,0,0.0,17.0,0,0,0,0,0,0,0,0.0
2,2b6b23bb-e7cd-46fd-b899-a0a9e3a96237,12b9b35d-129c-462a-b966-ec1e353e0928,苍鹰搏兔,True,80e76669-51ec-4483-90e0-04abceda5702,3,4,21,14,6,3,5,33,35,-2,16,56.75,65.38,75,5,0,1,0,0,0,2250000.0,591296.0,26.28,18053777.28,A,none,386991.72,0.0,0.0,0.0,0,0.0,10.0,0,0,0,0,0,0,0,0.0
2,2b6b23bb-e7cd-46fd-b899-a0a9e3a96237,13ff2225-f620-4205-8acb-fc3b5053862a,非洲犀牛,True,3ef58883-b984-4286-b63c-a994639b1eda,4,7,14,14,4,2,8,16,26,-10,17,49.88,57.5,64,7,0,2,1,0,0,1600000.0,387645.0,24.23,12652803.46,A,none,297339.52,0.0,0.0,0.0,0,0.0,10.0,0,0,0,0,0,0,0,0.0
2,2b6b23bb-e7cd-46fd-b899-a0a9e3a96237,163b7787-c249-4bfa-8242-a0f2b860d2cf,大地之力,True,978840be-6c69-4b6c-91b2-03a6e1e7fde3,4,3,25,14,8,1,5,33,24,9,16,51.81,59.62,74,3,0,1,0,0,0,1600000.0,422929.0,26.43,13133511.42,A,none,259210.58,0.0,0.0,0.0,0,0.0,10.0,0,0,0,0,0,0,0,0.0
2,2b6b23bb-e7cd-46fd-b899-a0a9e3a96237,1737da78-c242-462b-8962-3694873576be,雄鹰法兰,True,4a15f14c-28e8-4c2f-90de-d5363e91566a,4,5,15,14,4,3,7,33,37,-4,17,52.06,59.62,68,8,0,2,1,0,0,1600000.0,426187.0,26.64,12426781.05,A,none,294948.93,0.0,0.0,0.0,0,0.0,10.0,0,0,0,0,0,0,0,0.0
2,2b6b23bb-e7cd-46fd-b899-a0a9e3a96237,18090434-c547-4e31-bc35-c7efb038c31d,宇宙巴萨,True,b8d9fdd9-7a6c-43c2-910e-c0bb5fbd34fe,3,4,21,14,6,3,5,34,21,13,16,57.19,65.5,75,4,0,1,0,0,0,2250000.0,638497.0,28.38,18881087.75,A,none,346419.23,0.0,0.0,0.0,0,0.0,10.0,0,0,0,0,0,0,0,0.0
2,2b6b23bb-e7cd-46fd-b899-a0a9e3a96237,1950e07c-a077-441f-b406-16b12daa45c7,西班牙人,True,c88d210b-d92c-4ca6-b6ae-dbcbd50db99f,4,8,11,14,2,5,7,13,19,-6,16,51.94,58.12,65,4,0,2,1,0,0,1600000.0,412505.0,25.78,17693511.6,A,none,349328.44,0.0,0.0,0.0,0,0.0,10.0,0,0,0,0,0,0,0,0.0
2,2b6b23bb-e7cd-46fd-b899-a0a9e3a96237,19d4e548-1c7f-4706-a0df-f0446a99c617,金豹捕猎,True,984e1619-0888-4e41-8645-d8265a23e11a,4,6,17,14,5,2,7,23,29,-6,16,50.0,56.75,69,7,0,2,1,0,0,1600000.0,456183.0,28.51,12681076.93,A,none,297746.09,0.0,0.0,0.0,0,0.0,10.0,0,0,0,0,0,0,0,0.0
2,2b6b23bb-e7cd-46fd-b899-a0a9e3a96237,1a3f033a-4e73-46cb-8f58-d20c32e04fd2,西域雪狼,True,ed56aff1-b86b-4206-ba6f-d1c1d0ead9ca,2,2,23,14,7,2,5,43,31,12,16,56.56,65.0,75,6,0,1,0,0,0,3100000.0,608014.0,19.61,18500663.54,A,none,562197.3,0.0,0.0,0.0,0,0.0,13.0,0,0,0,0,0,0,0,0.0
2,2b6b23bb-e7cd-46fd-b899-a0a9e3a96237,1c91e42f-e538-4301-89c5-50c7324055dc,高乔骑士,True,525cb008-853b-4a8e-9d81-87146fae5cde,2,1,33,14,10,3,1,43,22,21,16,60.31,65.88,71,5,0,2,1,0,0,3100000.0,702805.0,22.67,23365837.61,A,none,786382.82,0.0,0.0,0.0,0,0.0,16.0,0,0,0,0,0,0,0,0.0
2,2b6b23bb-e7cd-46fd-b899-a0a9e3a96237,1e00f974-ec58-4b4c-be20-faf412d9027e,汉诺威红,True,c88d210b-d92c-4ca6-b6ae-dbcbd50db99f,4,2,23,14,7,2,5,38,32,6,16,51.12,59.75,69,4,0,1,0,0,0,1600000.0,427315.0,26.71,13620263.14,A,none,314337.43,0.0,0.0,0.0,0,0.0,12.0,0,0,0,0,0,0,0,0.0
2,2b6b23bb-e7cd-46fd-b899-a0a9e3a96237,1f522e60-e720-4a28-a30d-1352879957b4,弯月之星,True,f5757d67-4592-4ae1-97d4-07b3a5db56d8,3,5,17,14,5,2,7,35,34,1,17,54.47,60.25,70,2,0,1,0,0,0,2250000.0,551704.0,24.52,17717776.39,A,none,383844.57,0.0,0.0,0.0,0,0.0,10.0,0,0,0,0,0,0,0,0.0
2,2b6b23bb-e7cd-46fd-b899-a0a9e3a96237,1fc0382f-e8e4-4817-8a9b-86acd3f47e81,冰狼踏雪,True,21145133-3f98-4f16-a80a-28ea1a3c0858,3,3,24,14,7,3,4,45,35,10,16,56.88,65.25,73,7,0,0,0,0,0,2250000.0,777050.0,34.54,18185016.66,A,none,619274.74,0.0,0.0,0.0,0,0.0,18.0,0,0,0,0,0,0,0,0.0
2,2b6b23bb-e7cd-46fd-b899-a0a9e3a96237,20979679-9c36-4bfc-8639-cd644706a4f1,皇家社会,True,b8d9fdd9-7a6c-43c2-910e-c0bb5fbd34fe,3,5,19,14,6,1,7,15,18,-3,17,54.53,61.5,70,8,0,3,2,0,0,2250000.0,578861.0,25.73,17177718.57,A,none,612822.83,0.0,0.0,0.0,0,0.0,16.0,0,0,0,0,0,0,0,0.0
2,2b6b23bb-e7cd-46fd-b899-a0a9e3a96237,2125a9ec-76c0-4c3f-90e8-039afd4c2e5e,山楂球西布,True,7c131cbb-9f4f-4a27-acc5-3d703d63275b,2,3,20,14,5,5,4,28,31,-3,16,58.0,67.25,74,7,0,2,1,0,0,3100000.0,656245.0,21.17,24183649.99,A,none,491325.99,0.0,0.0,0.0,0,0.0,10.0,0,0,0,0,0,0,0,0.0
2,2b6b23bb-e7cd-46fd-b899-a0a9e3a96237,225a9ffb-e671-4019-93cc-cbc6572216de,草原猎鹰,True,80e76669-51ec-4483-90e0-04abceda5702,3,3,23,14,7,2,5,33,23,10,16,54.62,62.0,73,7,0,1,0,0,0,2250000.0,640603.0,28.47,18293882.78,A,none,389295.22,0.0,0.0,0.0,0,0.0,10.0,0,0,0,0,0,0,0,0.0
2,2b6b23bb-e7cd-46fd-b899-a0a9e3a96237,23d24ae7-74bc-4ad2-9b70-0df8e9f10c5d,威尼斯假,True,f166be2f-3d1b-40e7-b136-d4736138344e,3,1,31,14,10,1,3,50,27,23,16,59.69,67.75,76,6,0,1,1,0,0,2250000.0,620364.0,27.57,14923280.25,A,none,106569.19,0.0,0.0,0.0,0,0.0,3.0,0,0,0,0,0,0,0,0.0
2,2b6b23bb-e7cd-46fd-b899-a0a9e3a96237,242e04d1-fbaf-4773-9832-f963bb36cdbf,贝都因骑,True,97f656a1-354e-476a-804e-57d7795aa34c,4,2,23,14,7,2,5,36,24,12,16,50.88,59.38,72,4,0,1,0,0,0,1600000.0,467602.0,29.23,12345301.7,A,none,416418.07,0.0,0.0,0.0,0,0.0,14.0,0,0,0,0,0,0,0,0.0
2,2b6b23bb-e7cd-46fd-b899-a0a9e3a96237,2465461a-8563-46cd-873a-baaa6a467841,大流士王,True,3bbbf391-d072-458c-b316-23bb079f6409,4,4,22,14,6,4,4,12,12,0,16,51.5,60.38,66,6,0,2,1,0,0,1600000.0,365570.0,22.85,12602268.07,A,none,296672.93,0.0,0.0,0.0,0,0.0,10.0,0,0,0,0,0,0,0,0.0
2,2b6b23bb-e7cd-46fd-b899-a0a9e3a96237,246f43f2-0e83-4eb6-8f73-abd9beda391d,蓝月亮城,True,b3969166-c99e-42ea-989f-ea1a807fbb29,1,4,19,14,6,1,7,26,37,-11,17,63.94,71.62,77,6,0,0,0,0,0,4200000.0,1137676.0,27.09,21012008.38,A,none,455208.89,0.0,0.0,0.0,0,0.0,10.0,0,0,0,0,0,0,0,0.0
2,2b6b23bb-e7cd-46fd-b899-a0a9e3a96237,249c854a-a6cf-4ef6-b379-4253c33a08f4,非洲猎豹,True,3ef58883-b984-4286-b63c-a994639b1eda,4,6,14,14,4,2,8,30,37,-7,17,52.06,58.62,64,6,0,2,0,1,0,1600000.0,389691.0,24.36,12066254.6,A,none,473085.06,0.0,0.0,0.0,0,0.0,16.0,0,0,0,0,0,0,0,0.0
2,2b6b23bb-e7cd-46fd-b899-a0a9e3a96237,24ee4c01-522f-45bb-b7b2-f6a47a1598d3,罗马狼王,True,b8d9fdd9-7a6c-43c2-910e-c0bb5fbd34fe,3,7,14,14,4,2,8,22,33,-11,17,52.41,60.75,74,7,0,3,2,0,0,2250000.0,438076.0,19.47,12930471.06,A,none,28941.75,0.0,0.0,0.0,0,0.0,1.0,0,0,0,0,0,0,0,0.0
2,2b6b23bb-e7cd-46fd-b899-a0a9e3a96237,2678b819-3da4-4304-a4fc-0973fd2f630e,塞伦盖蒂,True,1e886f7d-fd94-4c98-96ea-273a8b3a6e29,4,2,30,14,10,0,4,39,31,8,16,49.94,56.12,66,7,0,3,1,0,0,1600000.0,335488.0,20.97,12721775.14,A,none,297055.86,0.0,0.0,0.0,0,0.0,10.0,0,0,0,0,0,0,0,0.0
2,2b6b23bb-e7cd-46fd-b899-a0a9e3a96237,274fc978-b187-40f1-ab2e-8de5ba54d181,天然气王,True,f8c7642e-6116-431e-ab83-cd140737a4aa,2,1,29,14,9,2,3,41,26,15,16,57.94,65.75,77,6,0,1,0,0,0,3100000.0,979984.0,31.61,24579102.77,A,none,173899.12,0.0,0.0,0.0,0,0.0,4.0,0,0,0,0,0,0,0,0.0
2,2b6b23bb-e7cd-46fd-b899-a0a9e3a96237,27550134-d903-4055-ab54-4af1341d4314,撒哈拉驼,True,b6ddea43-79ab-4ac6-959c-3171dbce21ff,1,4,21,14,6,3,5,33,34,-1,16,60.94,68.38,72,9,0,2,1,0,0,4200000.0,1028258.0,24.48,30001458.62,A,none,271638.36,0.0,0.0,0.0,0,0.0,5.0,0,0,0,0,0,0,0,0.0
2,2b6b23bb-e7cd-46fd-b899-a0a9e3a96237,278885b1-f652-4775-92de-8dcd14d9bc93,图阿雷格,True,97f656a1-354e-476a-804e-57d7795aa34c,4,4,23,14,7,2,5,30,24,6,16,51.31,60.38,70,5,0,2,0,0,0,1600000.0,429220.0,26.83,12754489.38,A,none,513147.02,0.0,0.0,0.0,0,0.0,17.0,0,0,0,0,0,0,0,0.0
2,2b6b23bb-e7cd-46fd-b899-a0a9e3a96237,27a76999-b51f-4c41-b3d6-da7989a5c411,黑虎掏心,True,ed56aff1-b86b-4206-ba6f-d1c1d0ead9ca,2,8,6,14,1,3,10,15,47,-32,17,58.24,63.5,68,6,0,3,1,0,0,3100000.0,637659.0,20.57,23390609.52,A,none,484651.5,0.0,0.0,0.0,0,0.0,10.0,0,0,0,0,0,0,0,0.0
2,2b6b23bb-e7cd-46fd-b899-a0a9e3a96237,296adf8c-b827-4c9d-8bb5-41e1f387f372,水豚憨态,True,5fde7b3c-5169-40e1-b27d-9965e3d15ab1,4,2,29,14,9,2,3,37,16,21,16,52.81,61.5,75,5,0,2,1,0,0,1600000.0,447796.0,27.99,12478684.39,A,none,294967.61,0.0,0.0,0.0,0,0.0,10.0,0,0,0,0,0,0,0,0.0
2,2b6b23bb-e7cd-46fd-b899-a0a9e3a96237,2aab03b8-1a68-409b-b46b-324058dca0c6,科隆山羊,True,c88d210b-d92c-4ca6-b6ae-dbcbd50db99f,4,1,28,14,9,1,4,36,27,9,15,47.8,53.25,61,7,0,3,2,1,0,1600000.0,270822.0,16.93,12322054.54,A,none,416203.75,0.0,0.0,0.0,0,0.0,14.0,0,0,0,0,0,0,0,0.0
2,2b6b23bb-e7cd-46fd-b899-a0a9e3a96237,2b6cd430-daf3-4110-b52c-78be813d14e5,刚果王国,True,7d8f8bff-fe71-4f21-86ef-6e8835d8653d,4,2,26,14,8,2,4,37,27,10,17,49.0,59.25,70,5,0,2,1,0,0,1600000.0,373310.0,23.33,13603828.59,A,none,152717.12,0.0,0.0,0.0,0,0.0,5.0,0,0,0,0,0,0,0,0.0
2,2b6b23bb-e7cd-46fd-b899-a0a9e3a96237,2d385586-589a-4f5c-8534-6ff244cf310c,阿拉伯夜,True,f8c7642e-6116-431e-ab83-cd140737a4aa,2,6,16,14,5,1,8,22,36,-14,17,56.18,65.0,70,6,0,2,0,0,0,3100000.0,849754.3,27.41,28443325.69,A,none,537522.59,0.0,0.0,0.0,0,0.0,10.0,0,0,0,0,0,0,0,0.0
2,2b6b23bb-e7cd-46fd-b899-a0a9e3a96237,2e48ed42-88f4-4899-9cf5-ecad75931d4a,北方苍狼,True,978840be-6c69-4b6c-91b2-03a6e1e7fde3,4,1,36,14,11,3,0,43,21,22,16,54.12,61.25,74,5,0,1,0,0,0,1600000.0,550510.0,34.41,17198945.08,A,none,593704.07,0.0,0.0,0.0,0,0.0,17.0,0,0,0,0,0,0,0,0.0
2,2b6b23bb-e7cd-46fd-b899-a0a9e3a96237,2e94468c-2436-4f60-80d5-78d7147a1bb6,石化巨人,True,81e6f8c8-40b9-4a8e-a10f-70349088f131,3,2,22,14,7,1,6,31,25,6,16,59.38,67.5,74,7,0,1,0,0,0,2250000.0,936624.0,41.63,22822767.82,A,none,789641.96,0.0,0.0,0.0,0,0.0,20.0,0,0,0,0,0,0,0,0.0
2,2b6b23bb-e7cd-46fd-b899-a0a9e3a96237,2f61c6ea-7c93-4f2f-807a-9c17b26fd688,长颈鹿颈,True,f166be2f-3d1b-40e7-b136-d4736138344e,3,2,27,14,8,3,3,34,17,17,16,54.38,62.38,73,8,0,2,1,0,0,2250000.0,503084.0,22.36,13005363.36,A,none,0.0,0.0,0.0,0.0,0,0.0,0.0,0,0,0,0,0,0,0,0.0
2,2b6b23bb-e7cd-46fd-b899-a0a9e3a96237,2fa52165-4377-45e5-8d06-9e18100f6c99,北海苍龙,True,359be255-59cf-483b-ab1f-c339c2748d5c,1,2,31,14,10,1,3,34,19,15,17,61.82,68.12,76,7,0,3,0,0,0,4200000.0,1041847.0,24.81,29763922.15,A,none,1168544.78,0.0,0.0,0.0,0,0.0,19.0,0,0,0,0,0,0,0,0.0
2,2b6b23bb-e7cd-46fd-b899-a0a9e3a96237,317e8d83-dc2d-4179-8a43-55ef610cd565,沙滩足球,True,29ec03d2-e39d-439b-ace6-9268533123ff,1,2,30,14,10,0,4,39,33,6,16,63.25,72.25,79,7,0,1,1,0,0,4200000.0,1180636.0,28.11,29605400.3,A,none,606124.74,0.0,0.0,0.0,0,0.0,10.0,0,0,0,0,0,0,0,0.0
2,2b6b23bb-e7cd-46fd-b899-a0a9e3a96237,33e39c40-1488-4a7e-8145-00280a237aed,花车巡游,True,525cb008-853b-4a8e-9d81-87146fae5cde,2,2,19,14,6,1,7,21,31,-10,16,56.5,62.88,65,4,0,1,0,0,0,3100000.0,656354.0,21.17,17639450.85,A,none,730364.15,0.0,0.0,0.0,0,0.0,17.0,0,0,0,0,0,0,0,0.0
2,2b6b23bb-e7cd-46fd-b899-a0a9e3a96237,3616958e-ca58-4b30-91ed-d810a9409d5b,大津巴布,True,7d8f8bff-fe71-4f21-86ef-6e8835d8653d,4,7,11,14,3,2,9,23,35,-12,17,47.94,58.38,68,7,0,3,1,0,0,1600000.0,410717.6,25.67,11978500.63,A,none,437587.26,0.0,0.0,0.0,0,0.0,17.0,0,0,0,0,0,0,0,0.0
2,2b6b23bb-e7cd-46fd-b899-a0a9e3a96237,37af924e-79a8-4895-8c85-c8c3a43d0ce0,马赛马拉,True,1e886f7d-fd94-4c98-96ea-273a8b3a6e29,4,3,22,14,6,4,4,26,21,5,16,50.19,56.62,66,6,0,2,1,0,0,1600000.0,364491.0,22.78,13322244.82,A,none,303230.96,0.0,0.0,0.0,0,0.0,10.0,0,0,0,0,0,0,0,0.0
2,2b6b23bb-e7cd-46fd-b899-a0a9e3a96237,37d0221b-b783-41ef-ba45-4afbadfcca2e,黑金帝国,True,f5757d67-4592-4ae1-97d4-07b3a5db56d8,3,4,20,14,6,2,6,46,37,9,16,62.38,66.75,75,6,0,1,0,0,0,2250000.0,842531.0,37.45,22218540.73,A,none,663293.88,0.0,0.0,0.0,0,0.0,17.0,0,0,0,0,0,0,0,0.0
2,2b6b23bb-e7cd-46fd-b899-a0a9e3a96237,37e823df-a354-48ba-9cb9-a5f2aa80b09e,单峰快驼,True,81e6f8c8-40b9-4a8e-a10f-70349088f131,3,7,18,14,5,3,6,35,40,-5,17,53.53,60.25,75,6,0,3,1,0,0,2250000.0,482347.2,21.44,17188855.14,A,none,574784.22,0.0,0.0,0.0,0,0.0,15.0,0,0,0,0,0,0,0,0.0
2,2b6b23bb-e7cd-46fd-b899-a0a9e3a96237,3850a89f-9b56-43e4-886c-b239f5a141b1,喜鹊纽卡,True,7c131cbb-9f4f-4a27-acc5-3d703d63275b,2,4,19,14,6,1,7,28,29,-1,17,63.53,70.25,77,6,0,4,1,0,0,3100000.0,882580.4,28.47,28528562.08,A,none,817529.26,0.0,0.0,0.0,0,0.0,15.0,0,0,0,0,0,0,0,0.0
2,2b6b23bb-e7cd-46fd-b899-a0a9e3a96237,3af34a43-f7c8-4a10-833e-b929ef808f8f,黄色潜水艇,True,b8d9fdd9-7a6c-43c2-910e-c0bb5fbd34fe,3,8,5,14,1,2,11,13,39,-26,17,54.24,62.25,70,8,0,3,2,0,0,2250000.0,504132.0,22.41,17962798.06,A,none,386278.96,0.0,0.0,0.0,0,0.0,10.0,0,0,0,0,0,0,0,0.0
2,2b6b23bb-e7cd-46fd-b899-a0a9e3a96237,3b81880a-c267-41f8-842f-be557a392611,累西腓鼓,True,f166be2f-3d1b-40e7-b136-d4736138344e,3,4,26,14,8,2,4,36,28,8,16,53.44,59.62,72,7,0,2,1,0,0,2250000.0,538699.0,23.94,17875113.67,A,none,115316.01,0.0,0.0,0.0,0,0.0,3.0,0,0,0,0,0,0,0,0.0
2,2b6b23bb-e7cd-46fd-b899-a0a9e3a96237,3c35e50c-47f9-4e79-bdf1-a0368ab99700,骆驼骑士,True,3bbbf391-d072-458c-b316-23bb079f6409,4,6,14,14,3,5,6,9,13,-4,17,53.65,62.25,70,7,0,2,1,0,0,1600000.0,685596.0,42.85,17357752.04,A,none,497980.32,0.0,0.0,0.0,0,0.0,16.0,0,0,0,0,0,0,0,0.0
2,2b6b23bb-e7cd-46fd-b899-a0a9e3a96237,3cf98f89-d3ee-4eb1-add3-d165adc163da,树懒慢动,True,5fde7b3c-5169-40e1-b27d-9965e3d15ab1,4,8,8,14,1,5,8,6,16,-10,16,50.12,56.38,66,7,0,3,1,0,0,1600000.0,342194.0,21.39,13855053.72,A,none,309359.7,0.0,0.0,0.0,0,0.0,10.0,0,0,0,0,0,0,0,0.0
2,2b6b23bb-e7cd-46fd-b899-a0a9e3a96237,3d74852b-cef9-4536-90d3-ab20c3f1d39a,青金石蓝,True,5a1305b1-6c9f-466f-90ba-497869aec914,4,4,20,14,6,2,6,19,20,-1,17,49.65,55.0,67,4,0,2,1,0,0,1600000.0,329317.0,20.58,12169479.1,A,none,443109.45,0.0,0.0,0.0,0,0.0,15.0,0,0,0,0,0,0,0,0.0
2,2b6b23bb-e7cd-46fd-b899-a0a9e3a96237,3d7c7ccd-3c62-49de-af2b-51d1b186ca84,西域猛虎,True,21145133-3f98-4f16-a80a-28ea1a3c0858,3,1,29,14,9,2,3,44,33,11,17,60.59,69.62,78,8,0,2,1,0,0,2250000.0,848907.2,37.73,23415009.89,A,none,831348.11,0.0,0.0,0.0,0,0.0,21.0,0,0,0,0,0,0,0,0.0
2,2b6b23bb-e7cd-46fd-b899-a0a9e3a96237,3e90263d-9aa2-495f-9391-402267f48e45,水手桑普,True,b8d9fdd9-7a6c-43c2-910e-c0bb5fbd34fe,3,6,19,14,6,1,7,23,29,-6,16,52.62,58.5,66,6,0,3,2,0,0,2250000.0,427251.0,18.99,13331151.4,A,none,719270.34,0.0,0.0,0.0,0,0.0,21.0,0,0,0,0,0,0,0,0.0
2,2b6b23bb-e7cd-46fd-b899-a0a9e3a96237,3f143543-33be-40b5-9675-d1e965a811eb,东方雄狮,True,984e1619-0888-4e41-8645-d8265a23e11a,4,4,24,14,7,3,4,27,23,4,16,50.69,56.88,73,6,0,3,1,0,0,1600000.0,387101.0,24.19,12626765.23,A,none,385540.75,0.0,0.0,0.0,0,0.0,15.0,0,0,0,0,0,0,0,0.0
2,2b6b23bb-e7cd-46fd-b899-a0a9e3a96237,4158ea87-e495-4b6a-a108-54d8bfaaa5e3,野马奔腾,True,063f8474-c0c2-42ac-a632-72dd33d2156d,4,8,11,14,2,5,7,11,18,-7,17,50.94,60.75,72,5,0,1,1,2,0,1600000.0,421001.0,26.31,12607871.36,A,none,297448.68,0.0,0.0,0.0,0,0.0,10.0,0,0,0,0,0,0,0,0.0
2,2b6b23bb-e7cd-46fd-b899-a0a9e3a96237,417aede9-0129-47b2-937c-94eb89a7d0d8,管道巨头,True,f8c7642e-6116-431e-ab83-cd140737a4aa,2,2,28,14,9,1,4,53,28,25,16,60.25,69.25,77,5,0,0,0,0,0,3100000.0,932222.0,30.07,22386922.25,A,none,500882.97,0.0,0.0,0.0,0,0.0,12.0,0,0,0,0,0,0,0,0.0
2,2b6b23bb-e7cd-46fd-b899-a0a9e3a96237,438bcce8-4e5c-401e-b640-9593bfb14368,咖啡起源,True,81e6f8c8-40b9-4a8e-a10f-70349088f131,3,1,30,14,10,0,4,36,30,6,16,52.25,59.25,72,6,0,2,1,0,0,2250000.0,381867.0,16.97,12582015.15,A,none,330877.81,0.0,0.0,0.0,0,0.0,10.0,0,0,0,0,0,0,0,0.0
2,2b6b23bb-e7cd-46fd-b899-a0a9e3a96237,45ade8e1-b205-4af3-86af-8250a7841af4,麦加朝圣,True,f8c7642e-6116-431e-ab83-cd140737a4aa,2,7,9,14,2,3,9,31,48,-17,16,56.94,64.62,74,7,0,1,0,0,0,3100000.0,636719.0,20.54,18046853.04,A,none,784426.88,0.0,0.0,0.0,0,0.0,18.0,0,0,0,0,0,0,0,0.0
2,2b6b23bb-e7cd-46fd-b899-a0a9e3a96237,45bfbd60-df67-43c9-9d4a-b721c3b9ded4,Medina之光,True,f5757d67-4592-4ae1-97d4-07b3a5db56d8,3,3,24,14,8,0,6,53,45,8,16,55.19,62.0,72,5,0,1,0,0,0,2250000.0,586234.0,26.05,18036602.63,A,none,386539.35,0.0,0.0,0.0,0,0.0,10.0,0,0,0,0,0,0,0,0.0
2,2b6b23bb-e7cd-46fd-b899-a0a9e3a96237,45e56362-3964-4c3e-8f54-f651ae5c735a,水晶石透,True,5a1305b1-6c9f-466f-90ba-497869aec914,4,2,28,14,9,1,4,25,15,10,17,50.18,58.38,74,10,0,4,2,0,0,1600000.0,417183.0,26.07,12523725.69,A,none,540349.61,0.0,0.0,0.0,0,0.0,18.0,0,0,0,0,0,0,0,0.0
2,2b6b23bb-e7cd-46fd-b899-a0a9e3a96237,461cbc97-34f7-4cc7-98c0-f5057949a243,五人制王,True,29ec03d2-e39d-439b-ace6-9268533123ff,1,8,10,14,3,1,10,31,45,-14,16,61.69,68.38,75,4,0,2,1,0,0,4200000.0,746918.0,17.78,29480858.78,A,none,605431.24,0.0,0.0,0.0,0,0.0,10.0,0,0,0,0,0,0,0,0.0
2,2b6b23bb-e7cd-46fd-b899-a0a9e3a96237,4a8567a0-344b-4573-a764-34d83833628f,雪虎踏山,True,ed56aff1-b86b-4206-ba6f-d1c1d0ead9ca,2,6,16,14,4,4,6,26,21,5,17,56.88,66.0,77,5,0,2,1,0,0,3100000.0,593543.0,19.15,23558104.21,A,none,486511.75,0.0,0.0,0.0,0,0.0,10.0,0,0,0,0,0,0,0,0.0
2,2b6b23bb-e7cd-46fd-b899-a0a9e3a96237,4a946e10-f770-42df-a073-e0ff24ad6c3f,烈焰红唇,True,85573765-1fce-4719-b455-9bedb7fc3852,4,7,10,14,3,1,10,15,44,-29,16,51.31,55.62,59,6,0,1,1,0,0,1600000.0,326131.0,20.38,11657382.1,A,none,57320.98,0.0,0.0,0.0,0,0.0,2.0,0,0,0,0,0,0,0,0.0
2,2b6b23bb-e7cd-46fd-b899-a0a9e3a96237,4a9502a1-912e-4f71-b915-f14f10dc76a2,安第斯山,True,301a517b-11a1-45d9-81ce-e81905974e60,3,1,30,14,10,0,4,46,31,15,17,56.35,61.5,67,8,0,4,1,0,0,2250000.0,578198.75,25.7,23125612.08,A,none,671238.74,0.0,0.0,0.0,0,0.0,17.0,0,0,0,0,0,0,0,0.0
2,2b6b23bb-e7cd-46fd-b899-a0a9e3a96237,4bf730ae-744d-4cf9-bfed-069e72cb7222,中原飞虎,True,359be255-59cf-483b-ab1f-c339c2748d5c,1,1,33,14,10,3,1,32,13,19,15,62.47,71.0,76,5,0,2,2,0,0,4200000.0,785139.0,18.69,26581267.32,A,none,49549.22,0.0,0.0,0.0,0,0.0,1.0,0,0,0,0,0,0,0,0.0
2,2b6b23bb-e7cd-46fd-b899-a0a9e3a96237,4cdd75e5-7d1a-4faa-ba6e-b467d791430a,快乐足球,True,29ec03d2-e39d-439b-ace6-9268533123ff,1,4,27,14,9,0,5,48,43,5,17,56.76,67.0,77,6,0,2,0,0,0,4200000.0,843873.0,20.09,29110192.12,A,none,600150.84,0.0,0.0,0.0,0,0.0,10.0,0,0,0,0,0,0,0,0.0
2,2b6b23bb-e7cd-46fd-b899-a0a9e3a96237,4d69f07c-49fa-4fc4-871e-38f57ee93c13,美丽游戏,True,29ec03d2-e39d-439b-ace6-9268533123ff,1,6,13,14,4,1,9,30,48,-18,17,60.88,68.0,76,6,0,2,1,0,0,4200000.0,831954.0,19.81,29139616.47,A,none,601129.53,0.0,0.0,0.0,0,0.0,10.0,0,0,0,0,0,0,0,0.0
2,2b6b23bb-e7cd-46fd-b899-a0a9e3a96237,4d8043ee-95c3-43c9-9652-ff2812f0b778,紫气东来,True,21145133-3f98-4f16-a80a-28ea1a3c0858,3,8,9,14,3,0,11,21,45,-24,17,53.82,61.75,70,7,0,4,2,0,0,2250000.0,395765.0,17.59,12293594.65,A,none,630106.55,0.0,0.0,0.0,0,0.0,19.0,0,0,0,0,0,0,0,0.0
2,2b6b23bb-e7cd-46fd-b899-a0a9e3a96237,4e73d656-18e4-47b7-839f-d07b94c13336,莫莫之王,True,f166be2f-3d1b-40e7-b136-d4736138344e,3,6,11,14,3,2,9,24,47,-23,16,54.88,64.25,72,4,0,2,0,0,0,2250000.0,464709.0,20.65,22634113.98,A,none,383749.66,0.0,0.0,0.0,0,0.0,10.0,0,0,0,0,0,0,0,0.0
2,2b6b23bb-e7cd-46fd-b899-a0a9e3a96237,4eb8d514-91aa-49bb-a361-7b52f7960471,奥格斯堡,True,c88d210b-d92c-4ca6-b6ae-dbcbd50db99f,4,3,23,14,7,2,5,39,35,4,17,50.76,58.38,72,5,0,2,0,0,0,1600000.0,449273.0,28.08,12087594.73,A,none,501090.69,0.0,0.0,0.0,0,0.0,17.0,0,0,0,0,0,0,0,0.0
2,2b6b23bb-e7cd-46fd-b899-a0a9e3a96237,4f4050d5-a81e-4f2c-9fe4-3b691e3a8bb3,床单军团,True,e223266b-c6e0-4a6a-a563-2102a14329cc,4,4,21,14,6,3,5,23,23,0,16,51.94,57.62,62,6,0,4,2,1,0,1600000.0,341234.0,21.33,17412535.54,A,none,493379.98,0.0,0.0,0.0,0,0.0,16.0,0,0,0,0,0,0,0,0.0
2,2b6b23bb-e7cd-46fd-b899-a0a9e3a96237,52ac1303-aa48-47c0-abfc-e1565cd83a2c,小辣椒莱,True,a7b637f4-f78f-45ee-8aaf-64d9fef172ff,4,7,14,14,4,2,8,28,37,-9,16,52.75,59.62,67,4,0,1,0,0,0,1600000.0,457176.0,28.57,12240717.5,A,none,446267.39,0.0,0.0,0.0,0,0.0,15.0,0,0,0,0,0,0,0,0.0
2,2b6b23bb-e7cd-46fd-b899-a0a9e3a96237,546f1283-41ba-44fc-8ae4-c2f349eab730,铁甲战狮,True,984e1619-0888-4e41-8645-d8265a23e11a,4,1,28,14,9,1,4,40,19,21,16,51.0,56.75,65,5,0,3,2,0,0,1600000.0,320546.0,20.03,13155804.59,A,none,337628.73,0.0,0.0,0.0,0,0.0,13.0,0,0,0,0,0,0,0,0.0
2,2b6b23bb-e7cd-46fd-b899-a0a9e3a96237,55d3b2ad-6730-4fdb-9a5e-3fa20c0ee991,布宜诺斯,True,525cb008-853b-4a8e-9d81-87146fae5cde,2,7,14,14,2,8,4,28,28,0,17,55.94,63.25,77,6,0,1,1,2,0,3100000.0,706664.0,22.8,24159559.32,A,none,493763.7,0.0,0.0,0.0,0,0.0,10.0,0,0,0,0,0,0,0,0.0
2,2b6b23bb-e7cd-46fd-b899-a0a9e3a96237,5607bb46-3924-4699-a221-28b6e75fb2ee,智利红酒,True,301a517b-11a1-45d9-81ce-e81905974e60,3,5,20,14,6,2,6,45,35,10,17,55.24,63.62,71,7,0,1,1,0,0,2250000.0,665566.0,29.58,12619700.46,A,none,708763.34,0.0,0.0,0.0,0,0.0,21.0,0,0,0,0,0,0,0,0.0
2,2b6b23bb-e7cd-46fd-b899-a0a9e3a96237,56110445-240a-45bb-8e2f-1dee3d3e7825,金鹰破晓,True,ed56aff1-b86b-4206-ba6f-d1c1d0ead9ca,2,1,28,14,9,1,4,34,28,6,16,57.75,63.38,78,8,0,2,0,1,0,3100000.0,562392.0,18.14,18202749.15,A,none,721539.57,0.0,0.0,0.0,0,0.0,19.0,0,0,0,0,0,0,0,0.0
2,2b6b23bb-e7cd-46fd-b899-a0a9e3a96237,564a5213-4a71-4545-bd52-b2958bcdcb5c,苍穹雄鹰,True,984e1619-0888-4e41-8645-d8265a23e11a,4,7,12,14,3,3,8,8,13,-5,17,52.94,61.75,72,9,0,4,2,0,0,1600000.0,542301.0,33.89,17102926.95,A,none,497175.3,0.0,0.0,0.0,0,0.0,16.0,0,0,0,0,0,0,0,0.0
2,2b6b23bb-e7cd-46fd-b899-a0a9e3a96237,56a4d6dd-79ee-4536-bf12-9873eff15482,寒冰领域,True,85573765-1fce-4719-b455-9bedb7fc3852,4,5,22,14,7,1,6,31,25,6,17,53.82,59.12,65,7,0,3,1,0,0,1600000.0,380388.0,23.77,12551458.63,A,none,295965.41,0.0,0.0,0.0,0,0.0,10.0,0,0,0,0,0,0,0,0.0
2,2b6b23bb-e7cd-46fd-b899-a0a9e3a96237,576a1500-e80b-488e-84a4-4d30d5c9f8e2,萨尔瓦多,True,f166be2f-3d1b-40e7-b136-d4736138344e,3,3,27,14,8,3,3,24,15,9,16,61.38,68.38,78,5,0,1,0,0,0,2250000.0,674086.0,29.96,18001925.22,A,none,154506.15,0.0,0.0,0.0,0,0.0,4.0,0,0,0,0,0,0,0,0.0
2,2b6b23bb-e7cd-46fd-b899-a0a9e3a96237,58c7685d-d70a-4db2-ba81-82ec60565630,流水无痕,True,978840be-6c69-4b6c-91b2-03a6e1e7fde3,4,2,26,14,8,2,4,39,30,9,16,52.75,61.88,80,6,0,2,1,0,0,1600000.0,365217.0,22.83,12748133.72,A,none,297333.3,0.0,0.0,0.0,0,0.0,10.0,0,0,0,0,0,0,0,0.0
2,2b6b23bb-e7cd-46fd-b899-a0a9e3a96237,595645b3-210a-45b7-9719-8194d843afcc,桑巴学校,True,3ef58883-b984-4286-b63c-a994639b1eda,4,1,30,14,9,3,2,42,23,19,17,57.24,63.75,69,5,0,2,1,0,0,1600000.0,551171.0,34.45,18165389.7,A,none,466272.48,0.0,0.0,0.0,0,0.0,15.0,0,0,0,0,0,0,0,0.0
2,2b6b23bb-e7cd-46fd-b899-a0a9e3a96237,59ddcaef-f19f-464e-b647-87378c8e0340,炼油大师,True,f8c7642e-6116-431e-ab83-cd140737a4aa,2,4,24,14,7,3,4,42,32,10,17,59.47,65.88,73,9,0,4,1,0,0,3100000.0,693602.0,22.37,23432402.85,A,none,885019.19,0.0,0.0,0.0,0,0.0,18.0,0,0,0,0,0,0,0,0.0
2,2b6b23bb-e7cd-46fd-b899-a0a9e3a96237,5d26cab3-5840-4ddc-911e-96966cd04aed,幽冥鬼狼,True,85573765-1fce-4719-b455-9bedb7fc3852,4,1,32,14,10,2,2,44,15,29,16,56.44,63.5,70,6,0,3,2,0,0,1600000.0,608689.0,38.04,18056941.68,A,none,311042.32,0.0,0.0,0.0,0,0.0,10.0,0,0,0,0,0,0,0,0.0
2,2b6b23bb-e7cd-46fd-b899-a0a9e3a96237,5d916859-a4e4-4f4e-b5f5-183e781c1b9f,云豹穿林,True,80e76669-51ec-4483-90e0-04abceda5702,3,7,16,14,5,1,8,23,33,-10,17,51.76,58.5,73,6,0,2,1,0,0,2250000.0,397363.0,17.66,13025299.89,A,none,712582.61,0.0,0.0,0.0,0,0.0,21.0,0,0,0,0,0,0,0,0.0
2,2b6b23bb-e7cd-46fd-b899-a0a9e3a96237,5dbc0c0c-5cae-47c9-b6cb-c56edc170a86,南海蛟龙,True,359be255-59cf-483b-ab1f-c339c2748d5c,1,8,8,14,2,2,10,13,25,-12,17,63.18,73.0,81,7,0,2,2,0,0,4200000.0,1144633.0,27.25,16105016.53,A,none,81830.01,0.0,0.0,0.0,0,0.0,2.0,0,0,0,0,0,0,0,0.0
2,2b6b23bb-e7cd-46fd-b899-a0a9e3a96237,5e79a306-a1b5-4379-a96b-59bc3b243b7f,桑巴舞者,True,29ec03d2-e39d-439b-ace6-9268533123ff,1,7,11,14,3,2,9,24,39,-15,17,59.88,68.12,81,10,0,4,2,0,0,4200000.0,704017.0,16.76,28881803.14,A,none,849090.37,0.0,0.0,0.0,0,0.0,14.0,0,0,0,0,0,0,0,0.0
2,2b6b23bb-e7cd-46fd-b899-a0a9e3a96237,5edb33b0-4b3b-48b7-bddd-2f6b9065fd7b,金字塔尖,True,b6ddea43-79ab-4ac6-959c-3171dbce21ff,1,1,34,14,11,1,2,46,19,27,16,61.62,72.12,78,6,0,2,1,0,0,4200000.0,933207.0,22.22,30632307.57,A,none,183730.29,0.0,0.0,0.0,0,0.0,3.0,0,0,0,0,0,0,0,0.0
2,2b6b23bb-e7cd-46fd-b899-a0a9e3a96237,6060f7cb-6bbf-4c2f-b3fc-230422f4ac95,清真美食,True,5a1305b1-6c9f-466f-90ba-497869aec914,4,5,16,14,5,1,8,30,35,-5,17,54.18,59.38,65,4,0,2,1,0,0,1600000.0,480220.0,30.01,17359422.46,A,none,497349.85,0.0,0.0,0.0,0,0.0,16.0,0,0,0,0,0,0,0,0.0
2,2b6b23bb-e7cd-46fd-b899-a0a9e3a96237,60a04a4b-6df1-4e32-a7bc-68776a385a86,设拉子酒,True,3bbbf391-d072-458c-b316-23bb079f6409,4,3,23,14,6,5,3,19,14,5,16,49.69,55.25,66,6,0,1,0,0,0,1600000.0,376142.0,23.51,12378308.05,A,none,476086.87,0.0,0.0,0.0,0,0.0,16.0,0,0,0,0,0,0,0,0.0
2,2b6b23bb-e7cd-46fd-b899-a0a9e3a96237,61ab2691-a159-4e1a-a1d7-4a16c903ab94,沙漠玫瑰,True,f6846932-f050-4653-9ecf-52a00fe9cb8b,4,8,11,14,3,2,9,13,24,-11,17,47.76,56.38,67,7,0,2,1,0,0,1600000.0,312114.0,19.51,12076987.97,A,none,412837.12,0.0,0.0,0.0,0,0.0,14.0,0,0,0,0,0,0,0,0.0
2,2b6b23bb-e7cd-46fd-b899-a0a9e3a96237,620ab27f-f4c9-484d-ad85-b88180b2bf58,马里帝国,True,7d8f8bff-fe71-4f21-86ef-6e8835d8653d,4,3,25,14,7,4,3,32,24,8,17,50.59,57.12,65,7,0,2,1,0,0,1600000.0,384531.0,24.03,12114875.59,A,none,531180.99,0.0,0.0,0.0,0,0.0,18.0,0,0,0,0,0,0,0,0.0
2,2b6b23bb-e7cd-46fd-b899-a0a9e3a96237,623c06a9-a30a-4bd4-8e29-48f10df92c69,那不勒斯,True,e223266b-c6e0-4a6a-a563-2102a14329cc,4,2,25,14,7,4,3,23,16,7,16,49.12,55.0,69,7,0,4,2,0,0,1600000.0,265685.6,16.61,16631567.34,A,none,578529.07,0.0,0.0,0.0,0,0.0,17.0,0,0,0,0,0,0,0,0.0
2,2b6b23bb-e7cd-46fd-b899-a0a9e3a96237,6389f794-4ebc-4cd5-a507-216bfbad5745,马丘比丘,True,301a517b-11a1-45d9-81ce-e81905974e60,3,6,17,14,5,2,7,33,46,-13,16,52.69,59.88,70,6,0,1,0,0,0,2250000.0,578879.0,25.73,18233915.15,A,none,518907.86,0.0,0.0,0.0,0,0.0,15.0,0,0,0,0,0,0,0,0.0
2,2b6b23bb-e7cd-46fd-b899-a0a9e3a96237,6493de21-509e-4109-afcf-ce60120ae37d,里约狂欢,True,f166be2f-3d1b-40e7-b136-d4736138344e,3,7,10,14,2,4,8,13,20,-7,17,52.82,60.62,69,7,0,3,0,0,0,2250000.0,473407.0,21.04,17584428.14,A,none,579921.72,0.0,0.0,0.0,0,0.0,15.0,0,0,0,0,0,0,0,0.0
2,2b6b23bb-e7cd-46fd-b899-a0a9e3a96237,676a5416-929a-4ae2-aaea-2adafe7e7f70,丝路驼铃,True,f8c7642e-6116-431e-ab83-cd140737a4aa,2,5,19,14,6,1,7,30,43,-13,17,56.47,61.88,71,6,0,2,1,1,0,3100000.0,618346.55,19.95,18374582.06,A,none,702305.41,0.0,0.0,0.0,0,0.0,16.0,0,0,0,0,0,0,0,0.0
2,2b6b23bb-e7cd-46fd-b899-a0a9e3a96237,68694a58-7731-42d2-8dcf-c6f25948a2af,马穆鲁克,True,97f656a1-354e-476a-804e-57d7795aa34c,4,6,19,14,6,1,7,35,36,-1,17,53.35,59.0,66,10,0,4,1,0,0,1600000.0,376294.2,23.52,12251473.38,A,none,415874.19,0.0,0.0,0.0,0,0.0,14.0,0,0,0,0,0,0,0,0.0
2,2b6b23bb-e7cd-46fd-b899-a0a9e3a96237,68bf5a52-1c38-4b6c-b3e4-4ab1b7c50cfe,东北虎啸,True,80e76669-51ec-4483-90e0-04abceda5702,3,8,9,14,2,3,9,12,20,-8,17,56.88,66.88,78,3,0,2,1,0,0,2250000.0,665857.0,29.59,22129165.23,A,none,827423.58,0.0,0.0,0.0,0,0.0,19.0,0,0,0,0,0,0,0,0.0
2,2b6b23bb-e7cd-46fd-b899-a0a9e3a96237,6907c429-2dbb-4fbc-9055-1164a7af9ffa,银龙出海,True,359be255-59cf-483b-ab1f-c339c2748d5c,1,7,10,14,2,4,8,27,41,-14,17,57.65,66.88,78,6,0,3,1,0,0,4200000.0,784995.0,18.69,28561826.6,A,none,758279.06,0.0,0.0,0.0,0,0.0,14.0,0,0,0,0,0,0,0,0.0
2,2b6b23bb-e7cd-46fd-b899-a0a9e3a96237,694d2373-8e8d-498c-a51f-90db06f1ff51,蓝衣军团,True,e223266b-c6e0-4a6a-a563-2102a14329cc,4,1,26,14,8,2,4,25,14,11,16,49.88,59.5,69,7,0,2,1,0,0,1600000.0,470940.0,29.43,12644466.14,A,none,465752.3,0.0,0.0,0.0,0,0.0,18.0,0,0,0,0,0,0,0,0.0
2,2b6b23bb-e7cd-46fd-b899-a0a9e3a96237,6a5387c1-7798-4d0b-aef5-87865e2df24f,伊斯法罕,True,3bbbf391-d072-458c-b316-23bb079f6409,4,5,17,14,5,2,7,9,14,-5,17,51.29,60.25,68,6,0,1,1,1,0,1600000.0,388644.0,24.29,12666641.17,A,none,297434.81,0.0,0.0,0.0,0,0.0,10.0,0,0,0,0,0,0,0,0.0
2,2b6b23bb-e7cd-46fd-b899-a0a9e3a96237,6b4393e6-c532-409b-be86-40c3930ee94b,红宝石矿,True,5a1305b1-6c9f-466f-90ba-497869aec914,4,6,16,14,5,1,8,16,21,-5,17,51.65,56.25,66,8,0,4,1,0,0,1600000.0,363430.2,22.71,12310566.77,A,none,416152.7,0.0,0.0,0.0,0,0.0,14.0,0,0,0,0,0,0,0,0.0
2,2b6b23bb-e7cd-46fd-b899-a0a9e3a96237,6cce5283-6611-4cb8-8b9d-a747fb9a7b5d,华南虎威,True,ed56aff1-b86b-4206-ba6f-d1c1d0ead9ca,2,4,23,14,6,5,3,18,16,2,16,59.56,66.5,75,5,0,2,1,0,0,3100000.0,860257.0,27.75,24293110.63,A,none,706822.83,0.0,0.0,0.0,0,0.0,16.0,0,0,0,0,0,0,0,0.0
2,2b6b23bb-e7cd-46fd-b899-a0a9e3a96237,6e4c18ef-22ee-42dc-996a-5d28e2e51aed,大马士革,True,f8c7642e-6116-431e-ab83-cd140737a4aa,2,8,9,14,2,3,9,22,45,-23,16,54.0,62.75,75,6,0,3,2,0,0,3100000.0,481103.0,15.52,30823831.19,A,none,836255.45,0.0,0.0,0.0,0,0.0,15.0,0,0,0,0,0,0,0,0.0
2,2b6b23bb-e7cd-46fd-b899-a0a9e3a96237,6faf8572-3a96-4145-b8f5-3b8304fc486f,白虎啸天,True,21145133-3f98-4f16-a80a-28ea1a3c0858,3,2,27,14,8,3,3,43,35,8,16,55.62,63.5,75,7,0,3,2,1,0,2250000.0,715305.0,31.79,22862741.06,A,none,745810.38,0.0,0.0,0.0,0,0.0,19.0,0,0,0,0,0,0,0,0.0
2,2b6b23bb-e7cd-46fd-b899-a0a9e3a96237,71c88dd9-84d5-4415-8a2e-0393e0a55b8d,铁锤帮西汉,True,51f4a3d3-c63e-45d9-9e79-c2cad398765f,3,5,19,14,5,4,5,14,11,3,17,54.47,61.75,71,8,0,3,1,1,0,2250000.0,566684.0,25.19,22642982.8,A,none,627521.58,0.0,0.0,0.0,0,0.0,16.0,0,0,0,0,0,0,0,0.0
2,2b6b23bb-e7cd-46fd-b899-a0a9e3a96237,727ee9ce-e0e3-48c4-95a3-c8c8e3976150,金刚鹦鹉,True,5fde7b3c-5169-40e1-b27d-9965e3d15ab1,4,6,13,14,3,4,7,33,36,-3,16,51.25,57.0,65,6,0,1,0,0,0,1600000.0,345897.0,21.62,12741737.01,A,none,59590.49,0.0,0.0,0.0,0,0.0,2.0,0,0,0,0,0,0,0,0.0
2,2b6b23bb-e7cd-46fd-b899-a0a9e3a96237,7362d4e1-093b-469d-b35c-3b9df1e7f633,斗牛士团,True,b8d9fdd9-7a6c-43c2-910e-c0bb5fbd34fe,3,1,33,14,10,3,1,39,17,22,16,59.81,65.75,72,3,0,1,0,0,0,2250000.0,540586.0,24.03,17974484.23,A,none,116064.28,0.0,0.0,0.0,0,0.0,3.0,0,0,0,0,0,0,0,0.0
2,2b6b23bb-e7cd-46fd-b899-a0a9e3a96237,73ad676d-fae2-4a8a-b69d-06d881cb694c,撒哈拉南,True,1e886f7d-fd94-4c98-96ea-273a8b3a6e29,4,7,14,14,3,5,6,20,24,-4,17,50.18,59.0,70,8,0,3,2,0,0,1600000.0,399710.0,24.98,12340929.84,A,none,414161.58,0.0,0.0,0.0,0,0.0,16.0,0,0,0,0,0,0,0,0.0
2,2b6b23bb-e7cd-46fd-b899-a0a9e3a96237,76ea894a-a987-4cc7-84b6-efbaa896d142,维多利亚,True,1e886f7d-fd94-4c98-96ea-273a8b3a6e29,4,6,16,14,5,1,8,22,30,-8,16,50.81,57.25,66,6,0,3,2,0,0,1600000.0,358579.0,22.41,13067587.92,A,none,301596.1,0.0,0.0,0.0,0,0.0,10.0,0,0,0,0,0,0,0,0.0
2,2b6b23bb-e7cd-46fd-b899-a0a9e3a96237,77c184eb-17cd-4a60-b1ef-d2d25d067708,绿松石绿,True,5a1305b1-6c9f-466f-90ba-497869aec914,4,7,13,14,4,1,9,23,25,-2,15,50.67,54.12,57,9,0,3,2,1,0,1600000.0,287994.0,18.0,12576935.08,A,none,355730.92,0.0,0.0,0.0,0,0.0,12.0,0,0,0,0,0,0,0,0.0
2,2b6b23bb-e7cd-46fd-b899-a0a9e3a96237,7987e549-b84a-4aa9-9c81-9eb88cd8e9ab,萨拉丁军,True,97f656a1-354e-476a-804e-57d7795aa34c,4,1,27,14,7,6,1,16,6,10,16,51.5,58.62,67,5,0,2,1,0,0,1600000.0,371520.0,23.22,12556698.69,A,none,411537.68,0.0,0.0,0.0,0,0.0,16.0,0,0,0,0,0,0,0,0.0
2,2b6b23bb-e7cd-46fd-b899-a0a9e3a96237,79ff5611-2f63-4a90-9948-420586063a5f,白虹贯日,True,978840be-6c69-4b6c-91b2-03a6e1e7fde3,4,7,11,14,3,2,9,13,30,-17,17,48.35,57.12,70,10,0,3,1,0,0,1600000.0,407185.0,25.45,12252133.25,A,none,505144.75,0.0,0.0,0.0,0,0.0,17.0,0,0,0,0,0,0,0,0.0
2,2b6b23bb-e7cd-46fd-b899-a0a9e3a96237,7afb3a3e-6663-4edc-b70c-e13ed8981547,金虎啸月,True,ed56aff1-b86b-4206-ba6f-d1c1d0ead9ca,2,7,16,14,4,4,6,14,26,-12,16,55.5,62.62,69,9,0,1,1,1,0,3100000.0,618594.0,19.95,24574520.82,A,none,441035.2,0.0,0.0,0.0,0,0.0,10.0,0,0,0,0,0,0,0,0.0
2,2b6b23bb-e7cd-46fd-b899-a0a9e3a96237,7b0ab1d7-80c9-4fc1-a7d0-99de970e3d88,星月传奇,True,5a1305b1-6c9f-466f-90ba-497869aec914,4,1,29,14,9,2,3,21,10,11,17,55.06,62.38,72,6,0,3,1,0,0,1600000.0,509723.0,31.86,17565859.18,A,none,453407.29,0.0,0.0,0.0,0,0.0,13.0,0,0,0,0,0,0,0,0.0
2,2b6b23bb-e7cd-46fd-b899-a0a9e3a96237,7d71e69b-29f1-4c7d-8de4-bc6a2dccf449,朱雀焚霞,True,063f8474-c0c2-42ac-a632-72dd33d2156d,4,3,24,14,7,3,4,34,24,10,17,49.47,56.5,65,6,0,3,2,0,0,1600000.0,352870.0,22.05,12465568.77,A,none,507609.34,0.0,0.0,0.0,0,0.0,17.0,0,0,0,0,0,0,0,0.0
2,2b6b23bb-e7cd-46fd-b899-a0a9e3a96237,7dc1a3a9-470b-4a15-af2b-fed9f7ca88a6,十字军东,True,f5757d67-4592-4ae1-97d4-07b3a5db56d8,3,8,11,14,3,2,9,29,50,-21,17,50.71,58.12,69,6,0,2,1,0,0,2250000.0,371877.0,16.53,12526482.04,A,none,550862.61,0.0,0.0,0.0,0,0.0,19.0,0,0,0,0,0,0,0,0.0
2,2b6b23bb-e7cd-46fd-b899-a0a9e3a96237,7dc3c021-193d-416e-bc57-45e6d3ed8e01,非洲雄狮,True,3ef58883-b984-4286-b63c-a994639b1eda,4,3,23,14,7,2,5,27,21,6,16,49.81,56.88,66,4,0,3,2,0,0,1600000.0,399465.0,24.97,12326677.74,A,none,505798.11,0.0,0.0,0.0,0,0.0,17.0,0,0,0,0,0,0,0,0.0
2,2b6b23bb-e7cd-46fd-b899-a0a9e3a96237,7fb53f55-06b4-4131-a874-be848d281649,峨眉女侠,True,85573765-1fce-4719-b455-9bedb7fc3852,4,3,25,14,8,1,5,37,23,14,17,51.88,59.75,67,7,0,2,1,0,0,1600000.0,413300.0,25.83,8809507.04,A,none,258053.41,0.0,0.0,0.0,0,0.0,10.0,0,0,0,0,0,0,0,0.0
2,2b6b23bb-e7cd-46fd-b899-a0a9e3a96237,80130085-d12e-47ab-81f1-c0b8fa674a06,街球之王,True,525cb008-853b-4a8e-9d81-87146fae5cde,2,3,18,14,4,6,4,15,15,0,17,63.53,71.62,79,7,0,2,1,0,0,3100000.0,949738.0,30.64,28368043.81,A,none,924685.27,0.0,0.0,0.0,0,0.0,19.0,0,0,0,0,0,0,0,0.0
2,2b6b23bb-e7cd-46fd-b899-a0a9e3a96237,8346aebc-cac4-49bf-a1e2-6fdf6fdc9a60,飓风之眼,True,85573765-1fce-4719-b455-9bedb7fc3852,4,4,24,14,7,3,4,36,21,15,17,52.35,60.75,70,6,0,2,0,0,0,1600000.0,435169.0,27.2,13063979.2,A,none,260275.09,0.0,0.0,0.0,0,0.0,10.0,0,0,0,0,0,0,0,0.0
2,2b6b23bb-e7cd-46fd-b899-a0a9e3a96237,84567e7d-096b-4367-b958-4abdbaecad31,乞力马扎,True,301a517b-11a1-45d9-81ce-e81905974e60,3,7,15,14,4,3,7,15,24,-9,16,52.88,58.5,62,6,0,3,1,0,0,2250000.0,349870.0,15.55,12513956.59,A,none,567328.15,0.0,0.0,0.0,0,0.0,17.0,0,0,0,0,0,0,0,0.0
2,2b6b23bb-e7cd-46fd-b899-a0a9e3a96237,86036b21-4fa9-47dc-a2fd-9728e0e18feb,红黑恶魔,True,e223266b-c6e0-4a6a-a563-2102a14329cc,4,3,21,14,5,6,3,13,11,2,17,51.82,61.25,72,5,0,2,1,0,0,1600000.0,419146.0,26.2,13048515.03,A,none,311109.01,0.0,0.0,0.0,0,0.0,12.0,0,0,0,0,0,0,0,0.0
2,2b6b23bb-e7cd-46fd-b899-a0a9e3a96237,8698b7c7-8ee5-457a-beff-b198b61d6c98,南部之星,True,4a15f14c-28e8-4c2f-90de-d5363e91566a,4,4,18,14,5,3,6,30,39,-9,16,48.69,56.62,73,7,0,2,1,0,0,1600000.0,389097.0,24.32,12419848.9,A,none,417117.97,0.0,0.0,0.0,0,0.0,14.0,0,0,0,0,0,0,0,0.0
2,2b6b23bb-e7cd-46fd-b899-a0a9e3a96237,8705046a-c699-4ed3-a2a3-bbb9e40e06b3,双峰巨驼,True,81e6f8c8-40b9-4a8e-a10f-70349088f131,3,8,11,14,3,2,9,23,39,-16,16,53.12,61.38,74,6,0,2,1,0,0,2250000.0,474358.0,21.08,18022940.69,A,none,386869.27,0.0,0.0,0.0,0,0.0,10.0,0,0,0,0,0,0,0,0.0
2,2b6b23bb-e7cd-46fd-b899-a0a9e3a96237,8900177a-c5ca-40ad-bc40-e240fd6f2d9e,巨象踏天,True,063f8474-c0c2-42ac-a632-72dd33d2156d,4,5,19,14,5,4,5,22,23,-1,17,50.18,58.38,65,4,0,2,1,0,0,1600000.0,412423.0,25.78,13172524.58,A,none,261543.44,0.0,0.0,0.0,0,0.0,10.0,0,0,0,0,0,0,0,0.0
2,2b6b23bb-e7cd-46fd-b899-a0a9e3a96237,89bd5a4e-fd08-4203-b76e-a76e5e40e750,驼峰运输,True,f6846932-f050-4653-9ecf-52a00fe9cb8b,4,4,22,14,5,7,2,18,10,8,17,54.59,61.38,68,7,0,5,2,0,0,1600000.0,421848.0,26.37,17246674.82,A,none,487138.13,0.0,0.0,0.0,0,0.0,14.0,0,0,0,0,0,0,0,0.0
2,2b6b23bb-e7cd-46fd-b899-a0a9e3a96237,8be9eaf8-038f-4155-ab53-13acbff4a34e,凤凰涅槃,True,80e76669-51ec-4483-90e0-04abceda5702,3,1,28,14,9,1,4,38,27,11,16,54.69,63.0,73,7,0,3,0,0,0,2250000.0,484240.0,21.52,12826272.52,A,none,573364.8,0.0,0.0,0.0,0,0.0,17.0,0,0,0,0,0,0,0,0.0
2,2b6b23bb-e7cd-46fd-b899-a0a9e3a96237,8c09e83c-4838-4d81-ac1d-2fc8970b5996,华山剑客,True,85573765-1fce-4719-b455-9bedb7fc3852,4,2,28,14,9,1,4,25,25,0,17,52.24,58.62,68,5,0,2,0,0,0,1600000.0,361341.3,22.58,12725258.95,A,none,359921.59,0.0,0.0,0.0,0,0.0,14.0,0,0,0,0,0,0,0,0.0
2,2b6b23bb-e7cd-46fd-b899-a0a9e3a96237,8c4bd183-3537-499a-a857-36da5ee3fcb8,天方夜谭,True,f6846932-f050-4653-9ecf-52a00fe9cb8b,4,5,21,14,6,3,5,19,21,-2,16,52.06,59.25,69,5,0,1,0,0,0,1600000.0,335113.0,20.94,12949049.49,A,none,259270.51,0.0,0.0,0.0,0,0.0,10.0,0,0,0,0,0,0,0,0.0
2,2b6b23bb-e7cd-46fd-b899-a0a9e3a96237,8d55034d-d964-4216-a678-6b492b254d3a,金狼逐日,True,21145133-3f98-4f16-a80a-28ea1a3c0858,3,5,18,14,5,3,6,42,36,6,16,57.25,62.88,71,6,0,1,0,0,0,2250000.0,614695.0,27.32,18277317.64,A,none,390082.38,0.0,0.0,0.0,0,0.0,10.0,0,0,0,0,0,0,0,0.0
2,2b6b23bb-e7cd-46fd-b899-a0a9e3a96237,90127a81-e457-4c9d-9981-9a1d54ee9dc9,石油大亨,True,f5757d67-4592-4ae1-97d4-07b3a5db56d8,3,1,38,14,12,2,0,53,22,31,17,59.71,66.62,74,8,0,3,1,0,0,2250000.0,729824.0,32.44,23168259.19,A,none,827167.87,0.0,0.0,0.0,0,0.0,21.0,0,0,0,0,0,0,0,0.0
2,2b6b23bb-e7cd-46fd-b899-a0a9e3a96237,902585f2-0a29-457b-a8a7-6231e080c089,辛巴达航,True,b6ddea43-79ab-4ac6-959c-3171dbce21ff,1,2,24,14,7,3,4,38,33,5,16,59.5,69.62,75,7,0,2,1,0,0,4200000.0,872158.0,20.77,24323123.13,A,none,482949.33,0.0,0.0,0.0,0,0.0,10.0,0,0,0,0,0,0,0,0.0
2,2b6b23bb-e7cd-46fd-b899-a0a9e3a96237,9192b63a-62eb-41f8-8294-4e8ed7b21cc4,银狼啸天,True,978840be-6c69-4b6c-91b2-03a6e1e7fde3,4,4,19,14,5,4,5,15,12,3,17,55.94,62.25,78,6,0,2,1,0,0,1600000.0,525949.0,32.87,17594316.63,A,none,622088.54,0.0,0.0,0.0,0,0.0,20.0,0,0,0,0,0,0,0,0.0
2,2b6b23bb-e7cd-46fd-b899-a0a9e3a96237,93d4a341-f696-4847-9963-39f49030f4c9,太妃糖埃弗,True,b8d9fdd9-7a6c-43c2-910e-c0bb5fbd34fe,3,3,22,14,6,4,4,16,12,4,17,57.06,65.25,72,8,0,3,0,0,0,2250000.0,683266.0,30.37,22612428.58,A,none,833389.63,0.0,0.0,0.0,0,0.0,19.0,0,0,0,0,0,0,0,0.0
2,2b6b23bb-e7cd-46fd-b899-a0a9e3a96237,93f33371-f5bd-4f80-8652-b48419599822,雪山神鹰,True,063f8474-c0c2-42ac-a632-72dd33d2156d,4,2,25,14,8,1,5,42,35,7,17,57.76,64.25,73,5,0,2,1,0,0,1600000.0,477329.0,29.83,17797540.71,A,none,494659.12,0.0,0.0,0.0,0,0.0,16.0,0,0,0,0,0,0,0,0.0
2,2b6b23bb-e7cd-46fd-b899-a0a9e3a96237,95d02f9a-0c37-49b7-9a61-518ac5f7ef2c,复活节岛,True,301a517b-11a1-45d9-81ce-e81905974e60,3,4,21,14,7,0,7,39,35,4,16,53.75,59.75,76,10,0,2,2,0,0,2250000.0,458630.0,20.38,18019410.44,A,none,548524.77,0.0,0.0,0.0,0,0.0,16.0,0,0,0,0,0,0,0,0.0
2,2b6b23bb-e7cd-46fd-b899-a0a9e3a96237,95e4042e-52de-4df6-b5c9-7bc15fe0e2c6,库尔德勇,True,97f656a1-354e-476a-804e-57d7795aa34c,4,5,22,14,6,4,4,26,31,-5,16,52.25,60.62,72,7,0,0,0,2,0,1600000.0,424043.0,26.5,13708418.18,A,none,344841.25,0.0,0.0,0.0,0,0.0,13.0,0,0,0,0,0,0,0,0.0
2,2b6b23bb-e7cd-46fd-b899-a0a9e3a96237,97bd3ccc-820c-47fd-8ff0-1acbd2dd5b90,水蟒巨蛇,True,5fde7b3c-5169-40e1-b27d-9965e3d15ab1,4,3,24,14,7,3,4,27,25,2,17,48.53,58.75,70,8,0,4,1,0,0,1600000.0,397342.0,24.83,15215908.41,A,none,490001.56,0.0,0.0,0.0,0,0.0,15.0,0,0,0,0,0,0,0,0.0
2,2b6b23bb-e7cd-46fd-b899-a0a9e3a96237,985d0af0-92b6-4101-a859-b4b3ade0c9c4,少林武僧,True,85573765-1fce-4719-b455-9bedb7fc3852,4,8,9,14,3,0,11,15,42,-27,17,48.88,57.75,70,6,0,2,1,0,0,1600000.0,388219.0,24.26,11608962.74,A,none,523892.55,0.0,0.0,0.0,0,0.0,18.0,0,0,0,0,0,0,0,0.0
2,2b6b23bb-e7cd-46fd-b899-a0a9e3a96237,98d30838-3492-4b0c-8322-4314995bd393,一千零一夜,True,b6ddea43-79ab-4ac6-959c-3171dbce21ff,1,6,17,14,5,2,7,25,35,-10,17,59.29,67.25,78,8,0,4,1,1,0,4200000.0,774857.0,18.45,28282327.39,A,none,1023004.84,0.0,0.0,0.0,0,0.0,17.0,0,0,0,0,0,0,0,0.0
2,2b6b23bb-e7cd-46fd-b899-a0a9e3a96237,99300516-f774-4dff-8748-c4f8fa826f46,阿根廷梦,True,f166be2f-3d1b-40e7-b136-d4736138344e,3,5,16,14,4,4,6,32,39,-7,16,54.31,59.38,69,7,0,3,2,1,0,2250000.0,521064.0,23.16,22941353.72,A,none,632866.4,0.0,0.0,0.0,0,0.0,16.0,0,0,0,0,0,0,0,0.0
2,2b6b23bb-e7cd-46fd-b899-a0a9e3a96237,998ee0cd-7f64-4845-9225-151320635338,赫塔菲蓝,True,7c131cbb-9f4f-4a27-acc5-3d703d63275b,2,8,12,14,3,3,8,27,39,-12,17,56.82,65.25,70,6,0,1,1,0,0,3100000.0,816537.0,26.34,14609496.17,A,none,79488.39,0.0,0.0,0.0,0,0.0,2.0,0,0,0,0,0,0,0,0.0
2,2b6b23bb-e7cd-46fd-b899-a0a9e3a96237,99b60819-3bb0-4ea6-a313-e0e25f54fe6b,沙漠商队,True,81e6f8c8-40b9-4a8e-a10f-70349088f131,3,4,20,14,6,2,6,39,33,6,16,54.25,61.12,66,5,0,1,1,0,0,2250000.0,568455.0,25.26,18419012.9,A,none,68578.77,0.0,0.0,0.0,0,0.0,2.0,0,0,0,0,0,0,0,0.0
2,2b6b23bb-e7cd-46fd-b899-a0a9e3a96237,9a5d0d3c-b55b-4916-a8b2-f1259690c986,祖鲁战士,True,7d8f8bff-fe71-4f21-86ef-6e8835d8653d,4,4,24,14,7,3,4,28,24,4,17,51.47,57.75,67,6,0,2,0,0,0,1600000.0,411836.3,25.74,12757350.76,A,none,414726.7,0.0,0.0,0.0,0,0.0,16.0,0,0,0,0,0,0,0,0.0
2,2b6b23bb-e7cd-46fd-b899-a0a9e3a96237,9b967cfb-d53b-40d1-bafa-aa907b8d0163,凯门鳄凶,True,5fde7b3c-5169-40e1-b27d-9965e3d15ab1,4,5,14,14,4,2,8,22,37,-15,16,49.38,55.38,62,3,0,1,0,0,0,1600000.0,365174.0,22.82,12276922.16,A,none,415975.36,0.0,0.0,0.0,0,0.0,14.0,0,0,0,0,0,0,0,0.0
2,2b6b23bb-e7cd-46fd-b899-a0a9e3a96237,9bbd18bf-ab3c-443c-9ff6-e552d4f5fef6,蓝军切尔西,True,b3969166-c99e-42ea-989f-ea1a807fbb29,1,2,24,14,7,3,4,32,27,5,17,64.35,72.38,76,9,0,2,1,0,0,4200000.0,1252982.0,29.83,29449064.59,A,none,605896.45,0.0,0.0,0.0,0,0.0,10.0,0,0,0,0,0,0,0,0.0
2,2b6b23bb-e7cd-46fd-b899-a0a9e3a96237,9c415d32-dffa-4665-a9dd-71efc490b763,清真寺塔,True,f5757d67-4592-4ae1-97d4-07b3a5db56d8,3,2,25,14,8,1,5,40,33,7,16,57.56,65.75,68,4,0,1,0,0,0,2250000.0,597079.0,26.54,18670972.71,A,none,625847.13,0.0,0.0,0.0,0,0.0,18.0,0,0,0,0,0,0,0,0.0
2,2b6b23bb-e7cd-46fd-b899-a0a9e3a96237,9cd1ad3c-d8fb-4218-a634-2488d4756d21,尼罗河神,True,b6ddea43-79ab-4ac6-959c-3171dbce21ff,1,3,22,14,7,1,6,45,31,14,16,59.06,69.75,78,6,0,1,0,0,0,4200000.0,829953.0,19.76,30616496.12,A,none,615921.9,0.0,0.0,0.0,0,0.0,10.0,0,0,0,0,0,0,0,0.0
2,2b6b23bb-e7cd-46fd-b899-a0a9e3a96237,9d7bbfa0-9c00-41c4-a6a5-846ae2fdfac4,阿拉伯舞,True,f6846932-f050-4653-9ecf-52a00fe9cb8b,4,1,24,14,7,3,4,31,18,13,16,51.31,60.12,69,7,0,1,0,0,0,1600000.0,405764.0,25.36,13087803.42,A,none,260186.54,0.0,0.0,0.0,0,0.0,10.0,0,0,0,0,0,0,0,0.0
2,2b6b23bb-e7cd-46fd-b899-a0a9e3a96237,9d8b1cbe-4b94-4e17-9c47-a4a902b851d7,非洲大象,True,3ef58883-b984-4286-b63c-a994639b1eda,4,4,19,14,5,4,5,14,24,-10,16,50.56,55.75,67,5,0,4,2,0,0,1600000.0,277566.4,17.35,12726547.11,A,none,297318.91,0.0,0.0,0.0,0,0.0,10.0,0,0,0,0,0,0,0,0.0
2,2b6b23bb-e7cd-46fd-b899-a0a9e3a96237,9df8fe36-708a-48f0-907f-d29e4b838083,足球精灵,True,29ec03d2-e39d-439b-ace6-9268533123ff,1,1,30,14,10,0,4,51,27,24,16,63.75,71.5,83,6,0,0,0,0,0,4200000.0,1196623.0,28.49,13093411.8,A,none,87468.09,0.0,0.0,0.0,0,0.0,2.0,0,0,0,0,0,0,0,0.0
2,2b6b23bb-e7cd-46fd-b899-a0a9e3a96237,a0a40c58-92e7-4ee8-a1bd-d2ea7bfe8908,薛西斯军,True,3bbbf391-d072-458c-b316-23bb079f6409,4,7,13,14,3,4,7,10,15,-5,17,48.94,54.62,70,7,0,2,1,0,0,1600000.0,356349.0,22.27,12673064.82,A,none,356434.76,0.0,0.0,0.0,0,0.0,12.0,0,0,0,0,0,0,0,0.0
2,2b6b23bb-e7cd-46fd-b899-a0a9e3a96237,a0c9921b-5fca-46a9-9356-3fc9360e0253,祖母绿光,True,f5757d67-4592-4ae1-97d4-07b3a5db56d8,3,7,12,14,3,3,8,21,43,-22,17,48.0,58.12,67,8,0,3,1,0,0,2250000.0,413556.0,18.38,13039966.1,A,none,501834.54,0.0,0.0,0.0,0,0.0,17.0,0,0,0,0,0,0,0,0.0
2,2b6b23bb-e7cd-46fd-b899-a0a9e3a96237,a2332c17-c381-4780-b589-94c4f12f1991,克鲁格园,True,1e886f7d-fd94-4c98-96ea-273a8b3a6e29,4,4,19,14,5,4,5,35,37,-2,16,49.62,57.62,72,5,0,3,1,0,0,1600000.0,334837.0,20.93,12061952.7,A,none,412257.72,0.0,0.0,0.0,0,0.0,14.0,0,0,0,0,0,0,0,0.0
2,2b6b23bb-e7cd-46fd-b899-a0a9e3a96237,a28c9ba2-440b-487e-bbf2-ccc2d2cfb323,飞驴切沃,True,a7b637f4-f78f-45ee-8aaf-64d9fef172ff,4,6,15,14,4,3,7,25,41,-16,16,50.31,57.0,70,6,0,3,2,0,0,1600000.0,378713.0,23.67,12516346.51,A,none,296790.45,0.0,0.0,0.0,0,0.0,10.0,0,0,0,0,0,0,0,0.0
2,2b6b23bb-e7cd-46fd-b899-a0a9e3a96237,a4bd10dd-8eb2-4436-af34-ca71729a7606,美因茨红,True,51f4a3d3-c63e-45d9-9e79-c2cad398765f,3,2,23,14,7,2,5,26,27,-1,16,50.75,56.5,68,7,0,4,1,0,0,2250000.0,398043.0,17.69,17539996.91,A,none,636320.57,0.0,0.0,0.0,0,0.0,19.0,0,0,0,0,0,0,0,0.0
2,2b6b23bb-e7cd-46fd-b899-a0a9e3a96237,a4c7a0b3-a574-48a6-8f5b-e87bf47b17bd,药厂勒沃,True,4a15f14c-28e8-4c2f-90de-d5363e91566a,4,1,34,14,11,1,2,47,23,24,16,53.19,60.75,71,6,0,2,0,0,0,1600000.0,450196.0,28.14,12250499.29,A,none,475883.41,0.0,0.0,0.0,0,0.0,16.0,0,0,0,0,0,0,0,0.0
2,2b6b23bb-e7cd-46fd-b899-a0a9e3a96237,a513e312-2947-41ac-8191-76c13178ef90,沙漠孤鹰,True,80e76669-51ec-4483-90e0-04abceda5702,3,2,24,14,7,3,4,28,29,-1,16,55.19,60.75,68,6,0,2,1,1,0,2250000.0,509593.0,22.65,18783575.22,A,none,196517.39,0.0,0.0,0.0,0,0.0,5.0,0,0,0,0,0,0,0,0.0
2,2b6b23bb-e7cd-46fd-b899-a0a9e3a96237,a5671302-f5d6-497a-ae3f-c39c2f4eead3,日耳曼战,True,4a15f14c-28e8-4c2f-90de-d5363e91566a,4,7,14,14,4,2,8,27,40,-13,16,51.94,59.25,72,3,0,1,0,0,0,1600000.0,366685.0,22.92,12174792.45,A,none,350557.3,0.0,0.0,0.0,0,0.0,12.0,0,0,0,0,0,0,0,0.0
2,2b6b23bb-e7cd-46fd-b899-a0a9e3a96237,a729c9b9-d105-471a-bb71-ffd3bf626fbf,麒麟踏云,True,063f8474-c0c2-42ac-a632-72dd33d2156d,4,6,15,14,3,6,5,8,17,-9,17,52.18,58.38,63,5,0,2,1,0,0,1600000.0,404849.0,25.3,12306655.82,A,none,506414.68,0.0,0.0,0.0,0,0.0,17.0,0,0,0,0,0,0,0,0.0
2,2b6b23bb-e7cd-46fd-b899-a0a9e3a96237,a77b1305-eb69-4e84-a3b0-a68c1ed073e5,红魔曼联,True,b3969166-c99e-42ea-989f-ea1a807fbb29,1,3,22,14,6,4,4,30,28,2,17,60.12,70.38,84,6,0,2,1,0,0,4200000.0,986039.0,23.48,29032451.91,A,none,751906.33,0.0,0.0,0.0,0,0.0,14.0,0,0,0,0,0,0,0,0.0
2,2b6b23bb-e7cd-46fd-b899-a0a9e3a96237,a7997283-358e-4c86-bb5c-1bbe865b736a,农场主富勒,True,b3969166-c99e-42ea-989f-ea1a807fbb29,1,5,18,14,6,0,8,37,38,-1,17,61.94,71.0,78,9,0,2,2,0,0,4200000.0,1080963.0,25.74,23434004.22,A,none,54466.6,0.0,0.0,0.0,0,0.0,1.0,0,0,0,0,0,0,0,0.0
2,2b6b23bb-e7cd-46fd-b899-a0a9e3a96237,a8b4d912-316d-4247-a375-5237b6dd9517,青龙偃月,True,359be255-59cf-483b-ab1f-c339c2748d5c,1,4,22,14,7,1,6,26,31,-5,16,60.69,69.38,76,4,0,2,1,0,0,4200000.0,799712.0,19.04,28638939.98,A,none,844483.21,0.0,0.0,0.0,0,0.0,14.0,0,0,0,0,0,0,0,0.0
2,2b6b23bb-e7cd-46fd-b899-a0a9e3a96237,a8daeebf-77a6-467b-af74-82520b31d1df,食蚁兽长,True,301a517b-11a1-45d9-81ce-e81905974e60,3,2,25,14,8,1,5,56,39,17,16,53.25,59.25,69,3,0,2,1,1,0,2250000.0,427319.0,18.99,12944726.9,A,none,33304.26,0.0,0.0,0.0,0,0.0,1.0,0,0,0,0,0,0,0,0.0
2,2b6b23bb-e7cd-46fd-b899-a0a9e3a96237,a8f5236d-ed25-4d79-9fbc-2a6e237590f4,阿里巴巴,True,f6846932-f050-4653-9ecf-52a00fe9cb8b,4,2,24,14,7,3,4,26,18,8,16,47.75,57.25,75,5,0,1,0,0,0,1600000.0,479319.0,29.96,12582848.8,A,none,147950.12,0.0,0.0,0.0,0,0.0,5.0,0,0,0,0,0,0,0,0.0
2,2b6b23bb-e7cd-46fd-b899-a0a9e3a96237,a9abf299-7238-49ce-9147-f3a64cc2ce1b,公牛都灵,True,a7b637f4-f78f-45ee-8aaf-64d9fef172ff,4,8,11,14,3,2,9,24,40,-16,16,51.44,56.75,68,8,0,1,0,3,0,1600000.0,338172.0,21.14,12412334.49,A,none,295170.53,0.0,0.0,0.0,0,0.0,10.0,0,0,0,0,0,0,0,0.0
2,2b6b23bb-e7cd-46fd-b899-a0a9e3a96237,a9b5b0e7-7b38-4883-8a10-f08b6e204fd0,狼堡沃尔夫,True,4a15f14c-28e8-4c2f-90de-d5363e91566a,4,8,11,14,2,5,7,16,24,-8,17,49.71,57.12,74,8,0,3,1,0,0,1600000.0,448973.4,28.06,12760341.51,A,none,261303.51,0.0,0.0,0.0,0,0.0,10.0,0,0,0,0,0,0,0,0.0
2,2b6b23bb-e7cd-46fd-b899-a0a9e3a96237,a9e2ee7c-196e-406b-8a61-7a12de641391,猫眼石闪,True,5a1305b1-6c9f-466f-90ba-497869aec914,4,3,28,14,9,1,4,27,23,4,17,51.65,59.25,67,6,0,3,2,0,0,1600000.0,382025.0,23.88,13302074.36,A,none,261112.62,0.0,0.0,0.0,0,0.0,10.0,0,0,0,0,0,0,0,0.0
2,2b6b23bb-e7cd-46fd-b899-a0a9e3a96237,aac28b58-decc-4ebb-b817-1a1b4b7ed73a,阿拉维斯,True,4a15f14c-28e8-4c2f-90de-d5363e91566a,4,2,34,14,10,4,0,27,12,15,17,57.71,63.62,70,8,0,2,1,3,0,1600000.0,509564.0,31.85,17618497.39,A,none,590846.97,0.0,0.0,0.0,0,0.0,17.0,0,0,0,0,0,0,0,0.0
2,2b6b23bb-e7cd-46fd-b899-a0a9e3a96237,aadbd3a9-b5b8-40b3-bc10-fa7795c32060,蜜蜂布伦特,True,7c131cbb-9f4f-4a27-acc5-3d703d63275b,2,2,27,14,7,6,1,26,17,9,16,62.62,68.25,75,5,0,1,0,0,0,3100000.0,900045.0,29.03,23326379.14,A,none,484697.86,0.0,0.0,0.0,0,0.0,10.0,0,0,0,0,0,0,0,0.0
2,2b6b23bb-e7cd-46fd-b899-a0a9e3a96237,ad25703e-0053-415e-8523-0d2730ac9365,狼队伍尔弗,True,7c131cbb-9f4f-4a27-acc5-3d703d63275b,2,6,15,14,4,3,7,29,31,-2,17,59.29,65.12,71,5,0,3,0,0,0,3100000.0,556654.1,17.96,22908585.59,A,none,824355.04,0.0,0.0,0.0,0,0.0,17.0,0,0,0,0,0,0,0,0.0
2,2b6b23bb-e7cd-46fd-b899-a0a9e3a96237,ad44aa92-5680-4336-b85b-25d37bcc796f,大黄蜂多,True,4a15f14c-28e8-4c2f-90de-d5363e91566a,4,3,18,14,6,0,8,29,34,-5,16,52.56,58.38,69,4,0,1,0,0,0,1600000.0,399812.0,24.99,13136447.28,A,none,30123.46,0.0,0.0,0.0,0,0.0,1.0,0,0,0,0,0,0,0,0.0
2,2b6b23bb-e7cd-46fd-b899-a0a9e3a96237,ae6dc05a-edf4-460a-8f15-00a7210e38db,老鹰水晶宫,True,7c131cbb-9f4f-4a27-acc5-3d703d63275b,2,1,29,14,9,2,3,40,19,21,16,60.88,69.12,74,8,0,3,2,0,0,3100000.0,870128.0,28.07,40780436.16,A,none,781655.89,0.0,0.0,0.0,0,0.0,13.0,0,0,0,0,0,0,0,0.0
2,2b6b23bb-e7cd-46fd-b899-a0a9e3a96237,ae87bcfc-d77a-4910-8d64-9fc17100da25,角马迁徙,True,3ef58883-b984-4286-b63c-a994639b1eda,4,2,29,14,9,2,3,34,16,18,16,50.31,57.38,65,4,0,1,0,0,0,1600000.0,415439.0,25.96,12726112.0,A,none,297622.04,0.0,0.0,0.0,0,0.0,10.0,0,0,0,0,0,0,0,0.0
2,2b6b23bb-e7cd-46fd-b899-a0a9e3a96237,af0a19de-6d42-4cff-8708-16eb0a12603c,马略卡岛,True,51f4a3d3-c63e-45d9-9e79-c2cad398765f,3,8,9,14,3,0,11,22,39,-17,17,51.06,57.5,63,5,0,2,1,0,0,2250000.0,473610.0,21.05,18507274.64,A,none,0.0,0.0,0.0,0.0,0,0.0,0.0,0,0,0,0,0,0,0,0.0
2,2b6b23bb-e7cd-46fd-b899-a0a9e3a96237,b04ea948-66e6-4998-863f-bcbc9927f0c7,食人鱼群,True,5fde7b3c-5169-40e1-b27d-9965e3d15ab1,4,7,12,14,3,3,8,20,47,-27,17,49.76,56.88,62,8,0,2,1,0,0,1600000.0,368955.0,23.06,12020007.26,A,none,500744.04,0.0,0.0,0.0,0,0.0,17.0,0,0,0,0,0,0,0,0.0
2,2b6b23bb-e7cd-46fd-b899-a0a9e3a96237,b324d8ce-d613-460e-87db-74ad94d92d35,枪手兵工厂,True,b3969166-c99e-42ea-989f-ea1a807fbb29,1,7,15,14,5,0,9,21,32,-11,17,59.18,69.38,76,6,0,2,1,0,0,4200000.0,903953.0,21.52,29540998.5,A,none,1226201.36,0.0,0.0,0.0,0,0.0,20.0,0,0,0,0,0,0,0,0.0
2,2b6b23bb-e7cd-46fd-b899-a0a9e3a96237,b4107dca-e269-4f3a-8ab1-a36b3e309113,红军利物浦,True,b3969166-c99e-42ea-989f-ea1a807fbb29,1,8,12,14,3,3,8,15,31,-16,16,63.62,68.25,73,9,0,2,2,0,0,4200000.0,993974.0,23.67,29968726.27,A,none,544706.69,0.0,0.0,0.0,0,0.0,10.0,0,0,0,0,0,0,0,0.0
2,2b6b23bb-e7cd-46fd-b899-a0a9e3a96237,b4921016-e7cb-4a6a-b6b1-be4c5a053f7b,青云直上,True,978840be-6c69-4b6c-91b2-03a6e1e7fde3,4,8,10,14,2,4,8,18,35,-17,17,50.29,58.5,65,7,0,4,1,0,0,1600000.0,372133.2,23.26,12085742.39,A,none,442415.17,0.0,0.0,0.0,0,0.0,15.0,0,0,0,0,0,0,0,0.0
2,2b6b23bb-e7cd-46fd-b899-a0a9e3a96237,b60163ef-97d5-4976-8fed-85ae5dfc5b3f,塞尔塔天,True,51f4a3d3-c63e-45d9-9e79-c2cad398765f,3,6,19,14,6,1,7,25,25,0,16,58.0,66.38,73,4,0,1,0,0,0,2250000.0,594458.0,26.42,18771264.13,A,none,586957.37,0.0,0.0,0.0,0,0.0,17.0,0,0,0,0,0,0,0,0.0
2,2b6b23bb-e7cd-46fd-b899-a0a9e3a96237,b6d8396d-19f1-4386-88e0-93a3818eef4a,斑马条纹,True,3ef58883-b984-4286-b63c-a994639b1eda,4,8,12,14,3,3,8,19,29,-10,17,49.71,56.62,67,5,0,3,1,0,0,1600000.0,393466.0,24.59,12021337.17,A,none,530599.59,0.0,0.0,0.0,0,0.0,18.0,0,0,0,0,0,0,0,0.0
2,2b6b23bb-e7cd-46fd-b899-a0a9e3a96237,b6dd5442-7f02-480a-9abd-e47600d0cfe6,金石为开,True,21145133-3f98-4f16-a80a-28ea1a3c0858,3,7,14,14,3,5,6,31,36,-5,17,52.88,59.88,70,8,0,2,2,0,0,2250000.0,431807.0,19.19,13280924.52,A,none,349686.55,0.0,0.0,0.0,0,0.0,12.0,0,0,0,0,0,0,0,0.0
2,2b6b23bb-e7cd-46fd-b899-a0a9e3a96237,b757ce5d-d52d-4f60-93fe-8f5613340a47,乌拉圭牛,True,525cb008-853b-4a8e-9d81-87146fae5cde,2,5,18,14,5,3,6,23,27,-4,16,55.56,60.75,73,4,0,1,0,0,0,3100000.0,548816.0,17.7,18396477.21,A,none,701019.47,0.0,0.0,0.0,0,0.0,16.0,0,0,0,0,0,0,0,0.0
2,2b6b23bb-e7cd-46fd-b899-a0a9e3a96237,b77ab317-4751-4e3a-aca1-21cad5ef5341,狂熊撼地,True,063f8474-c0c2-42ac-a632-72dd33d2156d,4,4,22,14,6,4,4,29,25,4,17,52.0,60.0,68,4,0,2,1,0,0,1600000.0,421239.0,26.33,12910332.21,A,none,310736.65,0.0,0.0,0.0,0,0.0,12.0,0,0,0,0,0,0,0,0.0
2,2b6b23bb-e7cd-46fd-b899-a0a9e3a96237,b9010125-c177-46f0-ac56-eda4ec51d4f8,红尘滚滚,True,978840be-6c69-4b6c-91b2-03a6e1e7fde3,4,6,11,14,2,5,7,4,13,-9,17,50.59,60.75,72,6,0,2,1,0,0,1600000.0,413800.0,25.86,12562213.88,A,none,415099.01,0.0,0.0,0.0,0,0.0,16.0,0,0,0,0,0,0,0,0.0
2,2b6b23bb-e7cd-46fd-b899-a0a9e3a96237,b9155ad9-e3b9-436a-af60-85e08ee184d9,钢铁柏林,True,51f4a3d3-c63e-45d9-9e79-c2cad398765f,3,1,27,14,8,3,3,36,20,16,16,52.56,61.25,69,5,0,1,0,0,0,2250000.0,420441.0,18.69,13461469.59,A,none,169616.48,0.0,0.0,0.0,0,0.0,5.0,0,0,0,0,0,0,0,0.0
2,2b6b23bb-e7cd-46fd-b899-a0a9e3a96237,bc4fdf86-d4fc-406e-b527-32b06cd5f360,印加帝国,True,5fde7b3c-5169-40e1-b27d-9965e3d15ab1,4,1,34,14,11,1,2,45,21,24,17,55.0,61.38,72,3,0,2,1,0,0,1600000.0,552292.0,34.52,17654821.91,A,none,454244.79,0.0,0.0,0.0,0,0.0,13.0,0,0,0,0,0,0,0,0.0
2,2b6b23bb-e7cd-46fd-b899-a0a9e3a96237,bca64a9c-5aa4-4b59-a840-dccca22ca4ec,美洲豹王,True,5fde7b3c-5169-40e1-b27d-9965e3d15ab1,4,4,22,14,6,4,4,31,23,8,16,53.62,60.5,71,6,0,2,1,0,0,1600000.0,383045.0,23.94,12166772.52,A,none,473262.75,0.0,0.0,0.0,0,0.0,16.0,0,0,0,0,0,0,0,0.0
2,2b6b23bb-e7cd-46fd-b899-a0a9e3a96237,be2cac80-28c9-42b2-b208-fe897bc8bf38,紫电鹰扬,True,80e76669-51ec-4483-90e0-04abceda5702,3,5,19,14,4,7,3,26,25,1,16,56.56,64.0,72,7,0,2,1,0,0,2250000.0,596733.0,26.52,18400727.65,A,none,344084.33,0.0,0.0,0.0,0,0.0,10.0,0,0,0,0,0,0,0,0.0
2,2b6b23bb-e7cd-46fd-b899-a0a9e3a96237,bff686b7-f43b-4ee6-ab47-65f08e42f3e7,闪电杰尼,False,359be255-59cf-483b-ab1f-c339c2748d5c,1,3,24,14,7,3,4,31,34,-3,15,56.53,65.0,78,0,0,0,0,0,0,4200000.0,799758.0,19.04,29686221.58,A,none,605262.42,0.0,0.0,0.0,0,0.0,10.0,0,0,0,0,0,0,0,0.0
2,2b6b23bb-e7cd-46fd-b899-a0a9e3a96237,c2e849d6-e49c-42a2-aded-da25324efa95,潘帕斯草,True,525cb008-853b-4a8e-9d81-87146fae5cde,2,4,18,14,5,3,6,31,33,-2,16,61.0,67.88,79,5,0,2,1,0,0,3100000.0,761948.0,24.58,23440129.75,A,none,486274.23,0.0,0.0,0.0,0,0.0,10.0,0,0,0,0,0,0,0,0.0
2,2b6b23bb-e7cd-46fd-b899-a0a9e3a96237,c3a306c8-0370-4557-b17a-8cdc9b246873,金毛狮王,True,984e1619-0888-4e41-8645-d8265a23e11a,4,2,28,14,9,1,4,38,23,15,16,48.62,57.62,66,7,0,4,1,0,0,1600000.0,322130.0,20.13,17829364.24,A,none,528855.77,0.0,0.0,0.0,0,0.0,15.0,0,0,0,0,0,0,0,0.0
2,2b6b23bb-e7cd-46fd-b899-a0a9e3a96237,c567348e-56d2-41b5-b3bf-f12c1877cf25,绿茵魔术师,True,29ec03d2-e39d-439b-ace6-9268533123ff,1,3,28,14,9,1,4,34,25,9,16,61.44,71.12,81,9,0,2,1,1,0,4200000.0,855737.0,20.37,31379048.34,A,none,774051.15,0.0,0.0,0.0,0,0.0,14.0,0,0,0,0,0,0,0,0.0
2,2b6b23bb-e7cd-46fd-b899-a0a9e3a96237,c5695aa8-498f-413e-b73b-3d10e4c4ffff,蝙蝠军团,True,7c131cbb-9f4f-4a27-acc5-3d703d63275b,2,5,18,14,4,6,4,33,30,3,16,58.81,65.0,74,2,0,1,0,0,0,3100000.0,651065.0,21.0,18289272.75,A,none,0.0,0.0,0.0,0.0,0,0.0,0.0,0,0,0,0,0,0,0,0.0
2,2b6b23bb-e7cd-46fd-b899-a0a9e3a96237,c866a5c5-bf7f-4657-927d-b32818896bd3,马赛勇士,True,7d8f8bff-fe71-4f21-86ef-6e8835d8653d,4,6,18,14,5,3,6,26,31,-5,17,53.0,60.38,67,7,0,2,1,0,0,1600000.0,483258.0,30.2,12795512.13,A,none,514540.43,0.0,0.0,0.0,0,0.0,17.0,0,0,0,0,0,0,0,0.0
2,2b6b23bb-e7cd-46fd-b899-a0a9e3a96237,c8c72df5-e356-4b13-8e8f-ec88b7674dd2,紫百合佛,True,e223266b-c6e0-4a6a-a563-2102a14329cc,4,8,6,14,1,3,10,7,25,-18,15,51.8,57.5,66,10,0,4,2,0,0,1600000.0,303135.4,18.95,12743309.55,A,none,356534.17,0.0,0.0,0.0,0,0.0,12.0,0,0,0,0,0,0,0,0.0
2,2b6b23bb-e7cd-46fd-b899-a0a9e3a96237,c9103d51-f0d0-4508-bbbc-cd0e215b80cb,三狮军团,True,b3969166-c99e-42ea-989f-ea1a807fbb29,1,6,18,14,5,3,6,20,24,-4,17,60.76,72.25,79,6,0,3,2,0,0,4200000.0,1021784.0,24.33,30129061.21,A,none,546432.79,0.0,0.0,0.0,0,0.0,10.0,0,0,0,0,0,0,0,0.0
2,2b6b23bb-e7cd-46fd-b899-a0a9e3a96237,c94a55b6-39c8-4129-81c7-f3b325e407be,沙漠之舟,True,81e6f8c8-40b9-4a8e-a10f-70349088f131,3,5,19,14,5,4,5,29,25,4,16,54.25,60.62,73,4,0,1,1,0,0,2250000.0,462069.0,20.54,18533910.94,A,none,342973.08,0.0,0.0,0.0,0,0.0,10.0,0,0,0,0,0,0,0,0.0
2,2b6b23bb-e7cd-46fd-b899-a0a9e3a96237,c9dd425d-59a1-4fa5-83c9-4b7ce2f7f429,巴塔哥尼,True,29ec03d2-e39d-439b-ace6-9268533123ff,1,5,16,14,5,1,8,43,40,3,16,58.75,65.62,80,5,0,1,0,0,0,4200000.0,623986.0,14.86,24044486.72,A,none,1108732.96,0.0,0.0,0.0,0,0.0,20.0,0,0,0,0,0,0,0,0.0
2,2b6b23bb-e7cd-46fd-b899-a0a9e3a96237,cce953b5-24b2-4111-b169-c7ee24250baa,塞维利业,True,a7b637f4-f78f-45ee-8aaf-64d9fef172ff,4,2,27,14,8,3,3,40,17,23,17,53.82,61.88,71,8,0,4,2,0,0,1600000.0,492103.0,30.76,18203641.09,A,none,497701.01,0.0,0.0,0.0,0,0.0,16.0,0,0,0,0,0,0,0,0.0
2,2b6b23bb-e7cd-46fd-b899-a0a9e3a96237,ced36a6a-ff76-4d6e-b530-155bef975c6f,纳斯卡线,True,301a517b-11a1-45d9-81ce-e81905974e60,3,8,13,14,4,1,9,23,44,-21,17,55.82,62.88,70,5,0,2,1,0,0,2250000.0,494195.0,21.96,17635249.85,A,none,697181.81,0.0,0.0,0.0,0,0.0,18.0,0,0,0,0,0,0,0,0.0
2,2b6b23bb-e7cd-46fd-b899-a0a9e3a96237,cf38b978-2024-45a7-8f20-99dfe99fa0b8,格拉纳达,True,51f4a3d3-c63e-45d9-9e79-c2cad398765f,3,4,20,14,4,8,2,25,22,3,16,54.81,62.38,70,6,0,4,2,0,0,2250000.0,500486.0,22.24,17553770.94,A,none,540548.96,0.0,0.0,0.0,0,0.0,14.0,0,0,0,0,0,0,0,0.0
2,2b6b23bb-e7cd-46fd-b899-a0a9e3a96237,cfbaab7e-1b94-4a03-b11d-ffe126ca94ae,刚果雨林,True,1e886f7d-fd94-4c98-96ea-273a8b3a6e29,4,8,10,14,3,1,10,26,44,-18,17,47.35,56.5,71,5,0,3,2,0,0,1600000.0,292153.0,18.26,12915589.05,A,none,300030.97,0.0,0.0,0.0,0,0.0,10.0,0,0,0,0,0,0,0,0.0
2,2b6b23bb-e7cd-46fd-b899-a0a9e3a96237,d05a7cac-77cc-4fa9-8eba-d3db36881a4f,矿工沙尔,True,c88d210b-d92c-4ca6-b6ae-dbcbd50db99f,4,4,21,14,6,3,5,27,23,4,16,49.0,56.25,67,6,0,1,0,0,0,1600000.0,401241.0,25.08,13212780.73,A,none,260607.29,0.0,0.0,0.0,0,0.0,10.0,0,0,0,0,0,0,0,0.0
2,2b6b23bb-e7cd-46fd-b899-a0a9e3a96237,d1528662-c97b-4af7-ab2f-e98b795cdda4,斯图加特,True,c88d210b-d92c-4ca6-b6ae-dbcbd50db99f,4,5,20,14,6,2,6,32,38,-6,16,49.69,58.25,67,4,0,2,1,0,0,1600000.0,365306.0,22.83,12946675.34,A,none,259424.66,0.0,0.0,0.0,0,0.0,10.0,0,0,0,0,0,0,0,0.0
2,2b6b23bb-e7cd-46fd-b899-a0a9e3a96237,d1c0d939-c777-4a8e-b87d-ede88c6e6abe,火狼焚原,True,21145133-3f98-4f16-a80a-28ea1a3c0858,3,6,15,14,3,6,5,26,28,-2,16,55.81,62.5,76,5,0,1,0,0,0,2250000.0,627696.0,27.9,17815061.61,A,none,385439.37,0.0,0.0,0.0,0,0.0,10.0,0,0,0,0,0,0,0,0.0
2,2b6b23bb-e7cd-46fd-b899-a0a9e3a96237,d20dd201-3871-43d1-afee-f407f87659b4,居鲁士帝,True,3bbbf391-d072-458c-b316-23bb079f6409,4,2,24,14,7,3,4,28,19,9,16,49.81,56.38,68,5,0,2,1,1,0,1600000.0,336395.0,21.02,12614826.52,A,none,449162.37,0.0,0.0,0.0,0,0.0,15.0,0,0,0,0,0,0,0,0.0
2,2b6b23bb-e7cd-46fd-b899-a0a9e3a96237,d3286bd6-52f2-4571-afb5-cd2c361ab8ab,阿拉丁灯,True,f6846932-f050-4653-9ecf-52a00fe9cb8b,4,3,23,14,6,5,3,19,14,5,16,54.0,64.38,75,7,0,2,1,0,0,1600000.0,489398.0,30.59,14369904.33,A,none,314228.52,0.0,0.0,0.0,0,0.0,10.0,0,0,0,0,0,0,0,0.0
2,2b6b23bb-e7cd-46fd-b899-a0a9e3a96237,d3b66902-aa7c-408c-a3a8-2343ebc9cbe0,犀牛冲撞,True,063f8474-c0c2-42ac-a632-72dd33d2156d,4,7,13,14,4,1,9,18,35,-17,16,47.25,54.62,66,7,0,3,1,1,0,1600000.0,313368.0,19.59,12775220.17,A,none,544168.62,0.0,0.0,0.0,0,0.0,18.0,0,0,0,0,0,0,0,0.0
2,2b6b23bb-e7cd-46fd-b899-a0a9e3a96237,d4b06680-c802-4b4f-8fd1-33bea289ade2,西海金龙,True,ed56aff1-b86b-4206-ba6f-d1c1d0ead9ca,2,3,23,14,7,2,5,27,22,5,17,62.35,70.38,78,6,0,2,1,0,0,3100000.0,994181.0,32.07,28050856.92,A,none,586988.13,0.0,0.0,0.0,0,0.0,11.0,0,0,0,0,0,0,0,0.0
2,2b6b23bb-e7cd-46fd-b899-a0a9e3a96237,d69d7488-960a-4778-a79c-a0330172ef4a,绿白贝蒂,True,51f4a3d3-c63e-45d9-9e79-c2cad398765f,3,3,22,14,6,4,4,17,14,3,16,55.5,63.25,74,6,0,3,0,0,0,2250000.0,590853.0,26.26,18387103.53,A,none,484006.4,0.0,0.0,0.0,0,0.0,14.0,0,0,0,0,0,0,0,0.0
2,2b6b23bb-e7cd-46fd-b899-a0a9e3a96237,d871b731-c80d-4872-b5b2-59a8a7b126ee,圣保罗彩,True,7d8f8bff-fe71-4f21-86ef-6e8835d8653d,4,1,28,14,9,1,4,39,21,18,17,55.65,63.25,69,5,0,2,1,0,0,1600000.0,600564.0,37.54,17881367.46,A,none,465237.75,0.0,0.0,0.0,0,0.0,15.0,0,0,0,0,0,0,0,0.0
2,2b6b23bb-e7cd-46fd-b899-a0a9e3a96237,d89a5197-5cc5-4e06-971e-c198e16e5d18,桑布露族,True,7d8f8bff-fe71-4f21-86ef-6e8835d8653d,4,8,5,14,1,2,11,7,35,-28,17,50.53,56.25,73,7,0,2,1,0,0,1600000.0,386446.0,24.15,12014387.29,A,none,439805.04,0.0,0.0,0.0,0,0.0,17.0,0,0,0,0,0,0,0,0.0
2,2b6b23bb-e7cd-46fd-b899-a0a9e3a96237,da33e4ad-66d5-433e-93ba-366a9c2daf3f,非洲野牛,True,3ef58883-b984-4286-b63c-a994639b1eda,4,5,18,14,6,0,8,26,32,-6,17,48.53,56.5,69,3,0,2,1,0,0,1600000.0,439942.0,27.5,12096110.85,A,none,473921.55,0.0,0.0,0.0,0,0.0,16.0,0,0,0,0,0,0,0,0.0
2,2b6b23bb-e7cd-46fd-b899-a0a9e3a96237,da7e1fb6-644f-4f12-ac90-d8a9cf2d9645,真蓝黑亚,True,a7b637f4-f78f-45ee-8aaf-64d9fef172ff,4,4,20,14,6,2,6,33,29,4,16,53.44,61.12,66,7,0,2,1,0,0,1600000.0,411766.0,25.74,12603892.44,A,none,296884.58,0.0,0.0,0.0,0,0.0,10.0,0,0,0,0,0,0,0,0.0
2,2b6b23bb-e7cd-46fd-b899-a0a9e3a96237,de554813-103d-4ab7-a7b0-030d80a26303,阿拉伯军,True,97f656a1-354e-476a-804e-57d7795aa34c,4,7,11,14,3,2,9,15,31,-16,17,51.0,56.25,59,7,0,2,1,0,0,1600000.0,351527.0,21.97,12263117.23,A,none,534707.03,0.0,0.0,0.0,0,0.0,18.0,0,0,0,0,0,0,0,0.0
2,2b6b23bb-e7cd-46fd-b899-a0a9e3a96237,de838a52-9057-4623-a707-fd29fd23e02c,霍村霍芬,True,c88d210b-d92c-4ca6-b6ae-dbcbd50db99f,4,6,18,14,5,3,6,32,26,6,16,48.06,54.62,69,6,0,2,1,0,0,1600000.0,309045.0,19.32,12722159.05,A,none,297784.93,0.0,0.0,0.0,0,0.0,10.0,0,0,0,0,0,0,0,0.0
2,2b6b23bb-e7cd-46fd-b899-a0a9e3a96237,df0c3811-9f00-451e-bd0a-4d22f839f910,红狼罗马,True,a7b637f4-f78f-45ee-8aaf-64d9fef172ff,4,3,24,14,7,3,4,40,36,4,16,50.25,55.38,62,4,0,1,0,0,0,1600000.0,368813.0,23.05,12431690.96,A,none,626230.5,0.0,0.0,0.0,0,0.0,21.0,0,0,0,0,0,0,0,0.0
2,2b6b23bb-e7cd-46fd-b899-a0a9e3a96237,df0cf5b2-3259-4822-b945-261c54e430ba,红牛莱比,True,4a15f14c-28e8-4c2f-90de-d5363e91566a,4,6,14,14,4,2,8,25,25,0,16,53.94,60.5,70,6,0,1,0,0,0,1600000.0,430442.0,26.9,12685573.36,A,none,259191.62,0.0,0.0,0.0,0,0.0,10.0,0,0,0,0,0,0,0,0.0
2,2b6b23bb-e7cd-46fd-b899-a0a9e3a96237,df29d5d7-141c-470c-b226-c2c18994aa4b,蓝鹰拉齐,True,e223266b-c6e0-4a6a-a563-2102a14329cc,4,7,16,14,4,4,6,25,31,-6,17,52.06,57.62,68,5,0,2,1,0,0,1600000.0,368667.0,23.04,14630228.07,A,none,317358.76,0.0,0.0,0.0,0,0.0,10.0,0,0,0,0,0,0,0,0.0
2,2b6b23bb-e7cd-46fd-b899-a0a9e3a96237,e0c9eea6-67ef-4e89-adff-55007cad963b,撒丁岛卡,True,a7b637f4-f78f-45ee-8aaf-64d9fef172ff,4,5,20,14,6,2,6,27,31,-4,16,49.81,58.62,67,5,0,1,0,0,0,1600000.0,427926.0,26.75,12660671.06,A,none,356293.42,0.0,0.0,0.0,0,0.0,12.0,0,0,0,0,0,0,0,0.0
2,2b6b23bb-e7cd-46fd-b899-a0a9e3a96237,e1027b61-123f-401b-b628-e0b3a79eaea6,阿散蒂金,True,7d8f8bff-fe71-4f21-86ef-6e8835d8653d,4,5,22,14,7,1,6,30,25,5,17,51.82,61.62,71,7,0,2,0,0,0,1600000.0,487008.0,30.44,12627674.18,A,none,389137.38,0.0,0.0,0.0,0,0.0,15.0,0,0,0,0,0,0,0,0.0
2,2b6b23bb-e7cd-46fd-b899-a0a9e3a96237,e1c28409-400e-4cae-b1a2-bf81ab44ac90,拉普拉塔,True,525cb008-853b-4a8e-9d81-87146fae5cde,2,6,17,14,4,5,5,25,23,2,16,56.75,64.62,73,7,0,2,1,0,0,3100000.0,755636.0,24.38,24580651.42,A,none,88121.64,0.0,0.0,0.0,0,0.0,2.0,0,0,0,0,0,0,0,0.0
2,2b6b23bb-e7cd-46fd-b899-a0a9e3a96237,e1ee3921-d9a9-48ce-a389-3fa4d0dcbf50,草原战狼,True,ed56aff1-b86b-4206-ba6f-d1c1d0ead9ca,2,5,20,14,5,5,4,38,24,14,16,58.19,64.5,69,5,0,1,0,0,0,3100000.0,682162.0,22.01,18232536.29,A,none,215867.92,0.0,0.0,0.0,0,0.0,5.0,0,0,0,0,0,0,0,0.0
2,2b6b23bb-e7cd-46fd-b899-a0a9e3a96237,e5e69a4d-63f0-4e62-addb-b51923c6289b,巴斯克雄,True,51f4a3d3-c63e-45d9-9e79-c2cad398765f,3,7,17,14,5,2,7,12,19,-7,16,56.75,63.0,71,5,0,1,0,0,0,2250000.0,558173.0,24.81,18386665.36,A,none,342830.6,0.0,0.0,0.0,0,0.0,10.0,0,0,0,0,0,0,0,0.0
2,2b6b23bb-e7cd-46fd-b899-a0a9e3a96237,e5f8b687-80b4-4e5b-9398-0f67c674604a,绿洲明珠,True,b6ddea43-79ab-4ac6-959c-3171dbce21ff,1,7,16,14,4,4,6,15,21,-6,17,58.65,64.88,71,9,0,3,1,0,0,4200000.0,807913.0,19.24,28805908.78,A,none,758016.14,0.0,0.0,0.0,0,0.0,14.0,0,0,0,0,0,0,0,0.0
2,2b6b23bb-e7cd-46fd-b899-a0a9e3a96237,e6003d82-a938-4dc4-864c-b63501f2ae70,尼罗河源,True,1e886f7d-fd94-4c98-96ea-273a8b3a6e29,4,1,31,14,10,1,3,44,16,28,16,53.56,61.38,73,5,0,2,1,0,0,1600000.0,378069.0,23.63,12763613.51,A,none,119229.72,0.0,0.0,0.0,0,0.0,4.0,0,0,0,0,0,0,0,0.0
2,2b6b23bb-e7cd-46fd-b899-a0a9e3a96237,e8069429-7f4a-4735-a309-c9f73c6a9942,能源霸主,True,f8c7642e-6116-431e-ab83-cd140737a4aa,2,3,25,14,7,4,3,42,25,17,16,60.0,67.62,71,5,0,1,0,0,0,3100000.0,943117.0,30.42,23686308.96,A,none,488828.02,0.0,0.0,0.0,0,0.0,10.0,0,0,0,0,0,0,0,0.0
2,2b6b23bb-e7cd-46fd-b899-a0a9e3a96237,e87b425e-c078-458e-8712-5812eb2007cd,赤龙焚天,True,359be255-59cf-483b-ab1f-c339c2748d5c,1,5,21,14,7,0,7,36,21,15,16,63.25,73.38,79,6,0,1,0,0,0,4200000.0,935520.0,22.27,29603356.39,A,none,606146.63,0.0,0.0,0.0,0,0.0,10.0,0,0,0,0,0,0,0,0.0
2,2b6b23bb-e7cd-46fd-b899-a0a9e3a96237,e94e5257-ab68-4ad7-847b-1173ce6578be,图西胡图,True,f166be2f-3d1b-40e7-b136-d4736138344e,3,8,10,14,3,1,10,25,45,-20,17,49.0,56.88,64,7,0,3,2,0,0,2250000.0,315970.0,14.04,13093284.9,A,none,678857.38,0.0,0.0,0.0,0,0.0,20.0,0,0,0,0,0,0,0,0.0
2,2b6b23bb-e7cd-46fd-b899-a0a9e3a96237,e9dd35ad-da38-4f78-8495-797e678b3c20,香料之路,True,f6846932-f050-4653-9ecf-52a00fe9cb8b,4,6,15,14,4,3,7,20,30,-10,15,50.93,57.12,67,9,0,3,2,1,0,1600000.0,347308.0,21.71,12544961.75,A,none,296871.25,0.0,0.0,0.0,0,0.0,10.0,0,0,0,0,0,0,0,0.0
2,2b6b23bb-e7cd-46fd-b899-a0a9e3a96237,eb2f1e87-4901-4c3f-93e5-4bc8a6a03f06,土耳其近,True,97f656a1-354e-476a-804e-57d7795aa34c,4,8,8,14,1,5,8,8,23,-15,17,47.59,54.75,64,6,0,4,2,0,0,1600000.0,356440.0,22.28,12366153.85,A,none,294836.17,0.0,0.0,0.0,0,0.0,10.0,0,0,0,0,0,0,0,0.0
2,2b6b23bb-e7cd-46fd-b899-a0a9e3a96237,ed5c6eb4-7eaa-4484-8711-9333b2d11b16,波斯地毯,True,3bbbf391-d072-458c-b316-23bb079f6409,4,8,11,14,2,5,7,14,20,-6,16,52.31,59.38,74,8,0,5,2,1,0,1600000.0,383789.0,23.99,15861604.34,A,none,534769.66,0.0,0.0,0.0,0,0.0,16.0,0,0,0,0,0,0,0,0.0
2,2b6b23bb-e7cd-46fd-b899-a0a9e3a96237,eeb45694-9f5a-4bb9-ab06-6b9b79d06670,紫电龙骑,True,359be255-59cf-483b-ab1f-c339c2748d5c,1,6,11,14,3,2,9,6,21,-15,16,60.06,67.25,81,3,0,0,0,1,0,4200000.0,863683.0,20.56,29303956.66,A,none,541946.34,0.0,0.0,0.0,0,0.0,10.0,0,0,0,0,0,0,0,0.0
2,2b6b23bb-e7cd-46fd-b899-a0a9e3a96237,f040b65b-6bca-4d22-8209-5db13b34e775,探戈情人,True,525cb008-853b-4a8e-9d81-87146fae5cde,2,8,13,14,2,7,5,12,19,-7,16,59.31,64.62,73,6,0,2,2,0,0,3100000.0,693097.0,22.36,23302432.72,A,none,485267.3,0.0,0.0,0.0,0,0.0,10.0,0,0,0,0,0,0,0,0.0
2,2b6b23bb-e7cd-46fd-b899-a0a9e3a96237,f0be488b-4f4e-4f97-9eb1-8868116d7b93,小海马萨,True,a7b637f4-f78f-45ee-8aaf-64d9fef172ff,4,1,28,14,9,1,4,36,22,14,16,50.25,58.38,69,4,0,1,0,0,0,1600000.0,422933.0,26.43,12471805.79,A,none,461566.41,0.0,0.0,0.0,0,0.0,18.0,0,0,0,0,0,0,0,0.0
2,2b6b23bb-e7cd-46fd-b899-a0a9e3a96237,f0c2b81f-e7a2-4001-8b08-d92dea47338f,不来梅绿,True,c88d210b-d92c-4ca6-b6ae-dbcbd50db99f,4,7,14,14,4,2,8,25,42,-17,17,51.71,60.0,74,5,0,4,1,1,0,1600000.0,334947.2,20.93,11971337.65,A,none,530142.21,0.0,0.0,0.0,0,0.0,18.0,0,0,0,0,0,0,0,0.0
2,2b6b23bb-e7cd-46fd-b899-a0a9e3a96237,f13044b1-6e84-4b16-8f06-e695944e0bb7,亚马逊河,True,301a517b-11a1-45d9-81ce-e81905974e60,3,3,22,14,7,1,6,38,41,-3,16,56.31,62.88,72,3,0,1,0,0,0,2250000.0,593924.0,26.4,18772856.42,A,none,171825.38,0.0,0.0,0.0,0,0.0,5.0,0,0,0,0,0,0,0,0.0
2,2b6b23bb-e7cd-46fd-b899-a0a9e3a96237,f239bd15-2cb8-4f6d-9d6f-5adea01696ff,圣徒南安普,True,7c131cbb-9f4f-4a27-acc5-3d703d63275b,2,7,13,14,3,4,7,27,42,-15,17,59.06,69.88,78,10,0,4,2,0,0,3100000.0,912950.0,29.45,22936521.34,A,none,783875.39,0.0,0.0,0.0,0,0.0,16.0,0,0,0,0,0,0,0,0.0
2,2b6b23bb-e7cd-46fd-b899-a0a9e3a96237,f37aae86-41db-49a2-be9f-d239ed67a9d7,玛瑙石红,True,f5757d67-4592-4ae1-97d4-07b3a5db56d8,3,6,13,14,3,4,7,19,32,-13,16,52.44,59.12,67,6,0,1,0,0,0,2250000.0,440687.0,19.59,12396891.33,A,none,700230.36,0.0,0.0,0.0,0,0.0,21.0,0,0,0,0,0,0,0,0.0
2,2b6b23bb-e7cd-46fd-b899-a0a9e3a96237,f3ec8fde-fe3c-43c9-aec6-6084ea0ce620,汽油骑士,True,b6ddea43-79ab-4ac6-959c-3171dbce21ff,1,8,9,14,3,0,11,19,44,-25,17,57.06,61.5,75,11,0,4,2,0,0,4200000.0,517769.0,12.33,23221573.44,A,none,1150768.1,0.0,0.0,0.0,0,0.0,21.0,0,0,0,0,0,0,0,0.0
2,2b6b23bb-e7cd-46fd-b899-a0a9e3a96237,f5fab24c-152b-4150-ae51-5faa82e9aff4,白百合热,True,b3969166-c99e-42ea-989f-ea1a807fbb29,1,1,33,14,11,0,3,60,24,36,16,64.19,74.25,87,6,0,2,0,0,0,4200000.0,1108446.0,26.39,29255019.92,A,none,60138.89,0.0,0.0,0.0,0,0.0,1.0,0,0,0,0,0,0,0,0.0
2,2b6b23bb-e7cd-46fd-b899-a0a9e3a96237,fb87ae66-a9df-487c-ab8a-5840eeac1d07,雷霆万钧,True,21145133-3f98-4f16-a80a-28ea1a3c0858,3,4,20,14,6,2,6,32,36,-4,16,50.75,59.88,71,9,0,4,1,0,0,2250000.0,451546.0,20.07,12291828.25,A,none,562610.17,0.0,0.0,0.0,0,0.0,17.0,0,0,0,0,0,0,0,0.0
2,2b6b23bb-e7cd-46fd-b899-a0a9e3a96237,fc06cf91-c305-493c-84ba-bd93802991fc,热带雨林,True,1e886f7d-fd94-4c98-96ea-273a8b3a6e29,4,5,17,14,5,2,7,38,47,-9,17,51.82,59.12,71,7,0,2,1,0,0,1600000.0,542827.0,33.93,18172510.18,A,none,531075.33,0.0,0.0,0.0,0,0.0,17.0,0,0,0,0,0,0,0,0.0
2,2b6b23bb-e7cd-46fd-b899-a0a9e3a96237,fd2d0447-d660-47dd-a0dc-12f7ebfc2e65,银河战舰,True,b8d9fdd9-7a6c-43c2-910e-c0bb5fbd34fe,3,2,26,14,8,2,4,34,27,7,16,56.5,63.0,73,8,0,1,1,0,0,2250000.0,605943.0,26.93,18445319.91,A,none,389832.13,0.0,0.0,0.0,0,0.0,10.0,0,0,0,0,0,0,0,0.0
2,2b6b23bb-e7cd-46fd-b899-a0a9e3a96237,fd2f2ffd-b02d-4117-b2aa-f0c1c9b83553,森林之语,True,978840be-6c69-4b6c-91b2-03a6e1e7fde3,4,5,18,14,5,3,6,28,28,0,16,49.62,58.5,74,8,0,3,2,0,0,1600000.0,389098.0,24.32,12776818.93,A,none,298315.09,0.0,0.0,0.0,0,0.0,10.0,0,0,0,0,0,0,0,0.0
2,2b6b23bb-e7cd-46fd-b899-a0a9e3a96237,fdb06b8f-684f-4761-b62e-22e64c5971b5,波斯猫王,True,3bbbf391-d072-458c-b316-23bb079f6409,4,1,28,14,8,4,2,18,12,6,16,49.56,57.0,69,8,0,3,2,0,0,1600000.0,385490.0,24.09,12977913.61,A,none,300829.43,0.0,0.0,0.0,0,0.0,10.0,0,0,0,0,0,0,0,0.0
2,2b6b23bb-e7cd-46fd-b899-a0a9e3a96237,fde969e3-86ac-462d-bbc1-963eab38b504,沙漠之狐,True,b6ddea43-79ab-4ac6-959c-3171dbce21ff,1,5,17,14,5,2,7,32,36,-4,17,59.94,71.5,78,6,0,1,1,0,0,4200000.0,927422.0,22.08,29716867.13,A,none,541789.87,0.0,0.0,0.0,0,0.0,10.0,0,0,0,0,0,0,0,0.0
2,2b6b23bb-e7cd-46fd-b899-a0a9e3a96237,fe128fb9-67f0-4d49-80e5-bb6292a71be2,铁翼飞鹰,True,80e76669-51ec-4483-90e0-04abceda5702,3,6,16,14,4,4,6,19,20,-1,17,55.06,62.38,74,5,0,2,1,0,0,2250000.0,565674.0,25.14,17898025.49,A,none,386262.51,0.0,0.0,0.0,0,0.0,10.0,0,0,0,0,0,0,0,0.0
2,2b6b23bb-e7cd-46fd-b899-a0a9e3a96237,ff2dd69b-ac4c-4ce3-af23-521daf536eed,斑马军团,True,e223266b-c6e0-4a6a-a563-2102a14329cc,4,5,20,14,5,5,4,16,13,3,16,51.62,60.0,74,6,0,1,1,0,0,1600000.0,432268.0,27.02,12802013.97,A,none,259077.53,0.0,0.0,0.0,0,0.0,10.0,0,0,0,0,0,0,0,0.0
2,2b6b23bb-e7cd-46fd-b899-a0a9e3a96237,ff55cef1-9862-4d72-9ba4-3d241938741b,巴格达城,True,97f656a1-354e-476a-804e-57d7795aa34c,4,3,23,14,7,2,5,28,19,9,17,55.41,61.5,68,7,0,3,1,0,0,1600000.0,540312.0,33.77,17742530.66,A,none,558537.64,0.0,0.0,0.0,0,0.0,18.0,0,0,0,0,0,0,0,0.0
3,cb06dd19-381c-4513-8a9b-17b6e349adde,00983e2e-e8bd-47be-a022-5774b994caa7,蓝黑战士,True,e223266b-c6e0-4a6a-a563-2102a14329cc,4,7,15,14,3,6,5,14,26,-12,17,48.94,59.5,73,7,0,1,1,2,0,1600000.0,440150.0,27.51,14002112.7,A,none,469406.08,0.0,0.0,0.0,0,0.0,17.0,0,0,0,0,0,0,0,0.0
3,cb06dd19-381c-4513-8a9b-17b6e349adde,0192de1b-b1f4-4f4b-af0f-934452bda0d1,武当太极,True,85573765-1fce-4719-b455-9bedb7fc3852,4,6,20,14,6,2,6,13,15,-2,17,52.24,60.75,68,9,0,4,1,0,0,1600000.0,478720.0,29.92,13497188.65,A,none,557591.18,0.0,0.0,0.0,0,0.0,18.0,0,0,0,0,0,0,0,0.0
3,cb06dd19-381c-4513-8a9b-17b6e349adde,02674860-147a-44e2-843a-da5f0e9f81bc,蓝宝石海,True,5a1305b1-6c9f-466f-90ba-497869aec914,4,8,14,14,4,2,8,30,37,-7,17,50.65,59.0,69,6,0,3,1,0,0,1600000.0,442008.0,27.63,13612994.14,A,none,561230.86,0.0,0.0,0.0,0,0.0,18.0,0,0,0,0,0,0,0,0.0
3,cb06dd19-381c-4513-8a9b-17b6e349adde,03832f41-a31c-4d42-a687-158df7a831d7,魔毯飞行,True,f6846932-f050-4653-9ecf-52a00fe9cb8b,4,5,17,14,5,2,7,27,28,-1,17,53.24,62.12,71,8,0,4,1,0,0,1600000.0,500909.0,31.31,13510928.9,A,none,433882.76,0.0,0.0,0.0,0,0.0,14.0,0,0,0,0,0,0,0,0.0
3,cb06dd19-381c-4513-8a9b-17b6e349adde,090b2c3b-fb42-4eaa-a978-2463ed4dc234,玄武镇海,True,80e76669-51ec-4483-90e0-04abceda5702,3,4,22,14,7,1,6,32,37,-5,16,50.81,61.62,73,7,0,2,0,0,0,2250000.0,471663.0,20.96,14349837.14,A,none,706110.9,0.0,0.0,0.0,0,0.0,20.0,0,0,0,0,0,0,0,0.0
3,cb06dd19-381c-4513-8a9b-17b6e349adde,0a5b6a82-d483-486a-9d11-592a154fbf0c,绿洲驼队,True,81e6f8c8-40b9-4a8e-a10f-70349088f131,3,3,22,14,7,1,6,30,30,0,17,57.24,63.62,77,9,0,3,1,0,0,2250000.0,686797.0,30.52,19156094.6,A,none,644354.95,0.0,0.0,0.0,0,0.0,16.0,0,0,0,0,0,0,0,0.0
3,cb06dd19-381c-4513-8a9b-17b6e349adde,0fc36386-3ee4-4343-9c56-3b6ccc661da3,猎豹闪电,True,984e1619-0888-4e41-8645-d8265a23e11a,4,8,3,14,1,0,13,15,54,-39,17,46.35,59.12,67,8,0,4,1,0,0,1600000.0,387318.0,24.21,13137607.05,A,none,428687.59,0.0,0.0,0.0,0,0.0,14.0,0,0,0,0,0,0,0,0.0
3,cb06dd19-381c-4513-8a9b-17b6e349adde,1135d594-4576-4c49-8126-ef5d77f4c9de,烈焰狂狮,True,984e1619-0888-4e41-8645-d8265a23e11a,4,5,22,14,7,1,6,13,15,-2,16,55.38,61.25,73,7,0,0,0,1,0,1600000.0,387749.0,24.23,14024096.27,A,none,270698.68,0.0,0.0,0.0,0,0.0,10.0,0,0,0,0,0,0,0,0.0
3,cb06dd19-381c-4513-8a9b-17b6e349adde,11bbc8df-418e-40ea-a638-3ee287139ed6,雪豹冰山,True,984e1619-0888-4e41-8645-d8265a23e11a,4,6,21,14,6,3,5,11,9,2,17,55.59,65.75,72,9,0,3,1,2,0,1600000.0,563866.0,35.24,14135570.76,A,none,312520.06,0.0,0.0,0.0,0,0.0,10.0,0,0,0,0,0,0,0,0.0
3,cb06dd19-381c-4513-8a9b-17b6e349adde,121a8ce8-a60e-4dbc-8943-f888ae0138df,波斯勇士,True,81e6f8c8-40b9-4a8e-a10f-70349088f131,3,2,28,14,9,1,4,42,34,8,16,54.81,63.38,80,7,0,2,0,0,0,2250000.0,561429.0,24.95,14572318.48,A,none,349709.65,0.0,0.0,0.0,0,0.0,10.0,0,0,0,0,0,0,0,0.0
3,cb06dd19-381c-4513-8a9b-17b6e349adde,12b9b35d-129c-462a-b966-ec1e353e0928,苍鹰搏兔,True,80e76669-51ec-4483-90e0-04abceda5702,3,1,31,14,10,1,3,52,22,30,16,57.38,67.5,76,6,0,1,0,0,0,2250000.0,739475.0,32.87,19735682.73,A,none,574794.74,0.0,0.0,0.0,0,0.0,16.0,0,0,0,0,0,0,0,0.0
3,cb06dd19-381c-4513-8a9b-17b6e349adde,13ff2225-f620-4205-8acb-fc3b5053862a,非洲犀牛,True,3ef58883-b984-4286-b63c-a994639b1eda,4,7,12,14,3,3,8,19,28,-9,17,52.0,62.25,71,9,0,3,1,1,0,1600000.0,531430.0,33.21,14071286.59,A,none,373931.29,0.0,0.0,0.0,0,0.0,12.0,0,0,0,0,0,0,0,0.0
3,cb06dd19-381c-4513-8a9b-17b6e349adde,163b7787-c249-4bfa-8242-a0f2b860d2cf,大地之力,True,978840be-6c69-4b6c-91b2-03a6e1e7fde3,4,3,20,14,6,2,6,31,26,5,16,50.06,61.0,77,6,0,1,0,1,0,1600000.0,429359.0,26.83,14131595.74,A,none,474224.38,0.0,0.0,0.0,0,0.0,15.0,0,0,0,0,0,0,0,0.0
3,cb06dd19-381c-4513-8a9b-17b6e349adde,1737da78-c242-462b-8962-3694873576be,雄鹰法兰,True,4a15f14c-28e8-4c2f-90de-d5363e91566a,4,3,22,14,7,1,6,41,42,-1,17,53.59,62.62,71,6,0,2,1,0,0,1600000.0,511936.0,32.0,13807023.85,A,none,309332.45,0.0,0.0,0.0,0,0.0,10.0,0,0,0,0,0,0,0,0.0
3,cb06dd19-381c-4513-8a9b-17b6e349adde,18090434-c547-4e31-bc35-c7efb038c31d,宇宙巴萨,True,b8d9fdd9-7a6c-43c2-910e-c0bb5fbd34fe,3,1,24,14,7,3,4,36,20,16,16,57.62,68.62,80,5,0,0,0,1,0,2250000.0,768156.0,34.14,20330125.4,A,none,550853.72,0.0,0.0,0.0,0,0.0,15.0,0,0,0,0,0,0,0,0.0
3,cb06dd19-381c-4513-8a9b-17b6e349adde,1950e07c-a077-441f-b406-16b12daa45c7,西班牙人,True,c88d210b-d92c-4ca6-b6ae-dbcbd50db99f,4,6,16,14,4,4,6,17,22,-5,17,54.82,62.0,66,8,0,2,1,2,0,1600000.0,498864.0,31.18,18577597.58,A,none,579808.66,0.0,0.0,0.0,0,0.0,16.0,0,0,0,0,0,0,0,0.0
3,cb06dd19-381c-4513-8a9b-17b6e349adde,19d4e548-1c7f-4706-a0df-f0446a99c617,金豹捕猎,True,984e1619-0888-4e41-8645-d8265a23e11a,4,4,22,14,6,4,4,32,21,11,17,49.71,61.38,72,8,0,2,1,1,0,1600000.0,540151.0,33.76,13623831.21,A,none,436652.99,0.0,0.0,0.0,0,0.0,14.0,0,0,0,0,0,0,0,0.0
3,cb06dd19-381c-4513-8a9b-17b6e349adde,1a3f033a-4e73-46cb-8f58-d20c32e04fd2,西域雪狼,True,ed56aff1-b86b-4206-ba6f-d1c1d0ead9ca,2,5,21,14,6,3,5,39,30,9,17,56.59,65.62,76,10,0,1,1,2,0,3100000.0,710235.0,22.91,20604046.61,A,none,683913.02,0.0,0.0,0.0,0,0.0,15.0,0,0,0,0,0,0,0,0.0
3,cb06dd19-381c-4513-8a9b-17b6e349adde,1c91e42f-e538-4301-89c5-50c7324055dc,高乔骑士,True,29ec03d2-e39d-439b-ace6-9268533123ff,1,7,13,14,4,1,9,33,44,-11,17,60.41,66.88,73,8,0,3,1,1,0,4200000.0,775775.0,18.47,26719710.12,A,none,152148.92,0.0,0.0,0.0,0,0.0,3.0,0,0,0,0,0,0,0,0.0
3,cb06dd19-381c-4513-8a9b-17b6e349adde,1e00f974-ec58-4b4c-be20-faf412d9027e,汉诺威红,True,c88d210b-d92c-4ca6-b6ae-dbcbd50db99f,4,1,27,14,8,3,3,47,30,17,16,51.88,62.12,70,7,0,1,0,0,0,1600000.0,595868.0,37.24,14984205.95,A,none,32140.3,0.0,0.0,0.0,0,0.0,1.0,0,0,0,0,0,0,0,0.0
3,cb06dd19-381c-4513-8a9b-17b6e349adde,1f522e60-e720-4a28-a30d-1352879957b4,弯月之星,True,f5757d67-4592-4ae1-97d4-07b3a5db56d8,3,8,7,14,2,1,11,16,48,-32,17,55.12,63.38,71,9,0,3,1,1,0,2250000.0,654635.0,29.09,19427558.93,A,none,355864.68,0.0,0.0,0.0,0,0.0,10.0,0,0,0,0,0,0,0,0.0
3,cb06dd19-381c-4513-8a9b-17b6e349adde,1fc0382f-e8e4-4817-8a9b-86acd3f47e81,冰狼踏雪,True,21145133-3f98-4f16-a80a-28ea1a3c0858,3,4,23,14,7,2,5,34,29,5,16,56.88,67.88,74,4,0,1,0,0,0,2250000.0,829140.0,36.85,19858921.78,A,none,651933.16,0.0,0.0,0.0,0,0.0,18.0,0,0,0,0,0,0,0,0.0
3,cb06dd19-381c-4513-8a9b-17b6e349adde,20979679-9c36-4bfc-8639-cd644706a4f1,皇家社会,True,b8d9fdd9-7a6c-43c2-910e-c0bb5fbd34fe,3,8,15,14,3,6,5,27,32,-5,17,55.12,62.5,71,8,0,4,1,0,0,2250000.0,522509.0,23.22,18840661.62,A,none,396066.95,0.0,0.0,0.0,0,0.0,10.0,0,0,0,0,0,0,0,0.0
3,cb06dd19-381c-4513-8a9b-17b6e349adde,2125a9ec-76c0-4c3f-90e8-039afd4c2e5e,山楂球西布,True,7c131cbb-9f4f-4a27-acc5-3d703d63275b,2,1,29,14,9,2,3,46,25,21,17,56.88,69.62,78,7,0,3,1,1,0,3100000.0,852771.0,27.51,26024949.4,A,none,512275.78,0.0,0.0,0.0,0,0.0,10.0,0,0,0,0,0,0,0,0.0
3,cb06dd19-381c-4513-8a9b-17b6e349adde,225a9ffb-e671-4019-93cc-cbc6572216de,草原猎鹰,True,80e76669-51ec-4483-90e0-04abceda5702,3,5,20,14,6,2,6,25,27,-2,16,53.56,63.5,78,5,0,0,0,0,0,2250000.0,768524.0,34.16,19789032.54,A,none,405663.89,0.0,0.0,0.0,0,0.0,10.0,0,0,0,0,0,0,0,0.0
3,cb06dd19-381c-4513-8a9b-17b6e349adde,23d24ae7-74bc-4ad2-9b70-0df8e9f10c5d,威尼斯假,True,525cb008-853b-4a8e-9d81-87146fae5cde,2,3,24,14,8,0,6,56,40,16,17,59.47,70.0,80,9,0,2,2,0,0,3100000.0,780546.0,25.18,16892692.67,A,none,41697.88,0.0,0.0,0.0,0,0.0,1.0,0,0,0,0,0,0,0,0.0
3,cb06dd19-381c-4513-8a9b-17b6e349adde,242e04d1-fbaf-4773-9832-f963bb36cdbf,贝都因骑,True,97f656a1-354e-476a-804e-57d7795aa34c,4,6,18,14,5,3,6,43,27,16,16,52.06,60.62,74,7,0,2,1,0,0,1600000.0,506676.0,31.67,13714397.43,A,none,433115.12,0.0,0.0,0.0,0,0.0,14.0,0,0,0,0,0,0,0,0.0
3,cb06dd19-381c-4513-8a9b-17b6e349adde,2465461a-8563-46cd-873a-baaa6a467841,大流士王,True,3bbbf391-d072-458c-b316-23bb079f6409,4,6,18,14,5,3,6,11,16,-5,16,51.88,63.12,72,8,0,3,1,0,0,1600000.0,472690.0,29.54,13987359.75,A,none,311099.39,0.0,0.0,0.0,0,0.0,10.0,0,0,0,0,0,0,0,0.0
3,cb06dd19-381c-4513-8a9b-17b6e349adde,246f43f2-0e83-4eb6-8f73-abd9beda391d,蓝月亮城,True,b3969166-c99e-42ea-989f-ea1a807fbb29,1,6,19,14,6,1,7,32,32,0,17,63.71,72.12,76,5,0,0,0,0,0,4200000.0,1221626.0,29.09,23044672.03,A,none,543306.55,0.0,0.0,0.0,0,0.0,10.0,0,0,0,0,0,0,0,0.0
3,cb06dd19-381c-4513-8a9b-17b6e349adde,249c854a-a6cf-4ef6-b379-4253c33a08f4,非洲猎豹,True,3ef58883-b984-4286-b63c-a994639b1eda,4,5,17,14,5,2,7,29,39,-10,17,53.29,61.38,69,7,0,2,0,0,0,1600000.0,525673.0,32.85,13826130.8,A,none,268974.14,0.0,0.0,0.0,0,0.0,10.0,0,0,0,0,0,0,0,0.0
3,cb06dd19-381c-4513-8a9b-17b6e349adde,24ee4c01-522f-45bb-b7b2-f6a47a1598d3,罗马狼王,True,e223266b-c6e0-4a6a-a563-2102a14329cc,4,1,31,14,10,1,3,35,16,19,17,53.65,63.25,78,7,0,3,2,0,0,1600000.0,530394.0,33.15,13651822.2,A,none,562513.15,0.0,0.0,0.0,0,0.0,18.0,0,0,0,0,0,0,0,0.0
3,cb06dd19-381c-4513-8a9b-17b6e349adde,2678b819-3da4-4304-a4fc-0973fd2f630e,塞伦盖蒂,True,1e886f7d-fd94-4c98-96ea-273a8b3a6e29,4,3,23,14,6,5,3,32,23,9,17,52.06,58.62,69,6,0,4,2,0,0,1600000.0,378702.0,23.67,13816054.55,A,none,530905.14,0.0,0.0,0.0,0,0.0,17.0,0,0,0,0,0,0,0,0.0
3,cb06dd19-381c-4513-8a9b-17b6e349adde,274fc978-b187-40f1-ab2e-8de5ba54d181,天然气王,True,b6ddea43-79ab-4ac6-959c-3171dbce21ff,1,2,25,14,7,4,3,24,20,4,16,55.0,64.38,79,7,0,1,0,0,0,4200000.0,934948.0,22.26,26914746.47,A,none,57700.83,0.0,0.0,0.0,0,0.0,1.0,0,0,0,0,0,0,0,0.0
3,cb06dd19-381c-4513-8a9b-17b6e349adde,27550134-d903-4055-ab54-4af1341d4314,撒哈拉驼,True,b6ddea43-79ab-4ac6-959c-3171dbce21ff,1,8,11,14,3,2,9,26,42,-16,16,58.81,66.75,71,9,0,3,1,0,0,4200000.0,911889.1,21.71,31081796.17,A,none,947874.08,0.0,0.0,0.0,0,0.0,15.0,0,0,0,0,0,0,0,0.0
3,cb06dd19-381c-4513-8a9b-17b6e349adde,278885b1-f652-4775-92de-8dcd14d9bc93,图阿雷格,True,97f656a1-354e-476a-804e-57d7795aa34c,4,1,28,14,8,4,2,31,23,8,16,51.69,63.88,74,6,0,2,0,0,0,1600000.0,629225.0,39.33,14595976.54,A,none,497046.46,0.0,0.0,0.0,0,0.0,18.0,0,0,0,0,0,0,0,0.0
3,cb06dd19-381c-4513-8a9b-17b6e349adde,27a76999-b51f-4c41-b3d6-da7989a5c411,黑虎掏心,True,21145133-3f98-4f16-a80a-28ea1a3c0858,3,7,11,14,3,2,9,26,38,-12,17,59.65,66.12,74,10,0,5,2,0,0,2250000.0,693888.0,30.84,24934949.65,A,none,548758.39,0.0,0.0,0.0,0,0.0,12.0,0,0,0,0,0,0,0,0.0
3,cb06dd19-381c-4513-8a9b-17b6e349adde,296adf8c-b827-4c9d-8bb5-41e1f387f372,水豚憨态,True,5fde7b3c-5169-40e1-b27d-9965e3d15ab1,4,1,33,14,10,3,1,27,15,12,16,53.44,64.88,78,5,0,1,0,0,0,1600000.0,576605.0,36.04,13818990.45,A,none,154925.81,0.0,0.0,0.0,0,0.0,5.0,0,0,0,0,0,0,0,0.0
3,cb06dd19-381c-4513-8a9b-17b6e349adde,2aab03b8-1a68-409b-b46b-324058dca0c6,科隆山羊,True,51f4a3d3-c63e-45d9-9e79-c2cad398765f,3,7,13,14,4,1,9,23,42,-19,17,49.18,57.12,65,10,0,5,3,0,0,2250000.0,336988.0,14.98,13785206.43,A,none,726881.34,0.0,0.0,0.0,0,0.0,21.0,0,0,0,0,0,0,0,0.0
3,cb06dd19-381c-4513-8a9b-17b6e349adde,2b6cd430-daf3-4110-b52c-78be813d14e5,刚果王国,True,7d8f8bff-fe71-4f21-86ef-6e8835d8653d,4,2,30,14,9,3,2,40,24,16,17,50.59,63.25,76,6,0,1,0,0,0,1600000.0,636221.0,39.76,15586408.71,A,none,56421.46,0.0,0.0,0.0,0,0.0,2.0,0,0,0,0,0,0,0,0.0
3,cb06dd19-381c-4513-8a9b-17b6e349adde,2d385586-589a-4f5c-8534-6ff244cf310c,阿拉伯夜,True,f5757d67-4592-4ae1-97d4-07b3a5db56d8,3,2,29,14,8,5,1,39,20,19,17,58.0,67.88,72,5,0,1,1,0,0,2250000.0,815457.0,36.24,29840133.47,A,none,742713.46,0.0,0.0,0.0,0,0.0,16.0,0,0,0,0,0,0,0,0.0
3,cb06dd19-381c-4513-8a9b-17b6e349adde,2e48ed42-88f4-4899-9cf5-ecad75931d4a,北方苍狼,True,21145133-3f98-4f16-a80a-28ea1a3c0858,3,5,18,14,5,3,6,29,28,1,16,56.81,63.62,79,8,0,3,2,0,0,2250000.0,647831.0,28.79,18997929.63,A,none,39614.54,0.0,0.0,0.0,0,0.0,1.0,0,0,0,0,0,0,0,0.0
3,cb06dd19-381c-4513-8a9b-17b6e349adde,2e94468c-2436-4f60-80d5-78d7147a1bb6,石化巨人,True,81e6f8c8-40b9-4a8e-a10f-70349088f131,3,1,32,14,10,2,2,41,18,23,16,56.0,65.25,72,9,0,3,2,1,0,2250000.0,797851.0,35.46,25027914.05,A,none,163902.07,0.0,0.0,0.0,0,0.0,4.0,0,0,0,0,0,0,0,0.0
3,cb06dd19-381c-4513-8a9b-17b6e349adde,2f61c6ea-7c93-4f2f-807a-9c17b26fd688,长颈鹿颈,True,f166be2f-3d1b-40e7-b136-d4736138344e,3,1,28,14,9,1,4,32,28,4,16,55.06,65.38,78,5,0,2,0,0,0,2250000.0,495949.0,22.04,15043176.47,A,none,122421.45,0.0,0.0,0.0,0,0.0,4.0,0,0,0,0,0,0,0,0.0
3,cb06dd19-381c-4513-8a9b-17b6e349adde,2fa52165-4377-45e5-8d06-9e18100f6c99,北海苍龙,True,359be255-59cf-483b-ab1f-c339c2748d5c,1,4,24,14,8,0,6,34,28,6,17,60.76,66.62,77,7,0,2,0,0,0,4200000.0,1154521.0,27.49,33629441.25,A,none,286909.52,0.0,0.0,0.0,0,0.0,5.0,0,0,0,0,0,0,0,0.0
3,cb06dd19-381c-4513-8a9b-17b6e349adde,317e8d83-dc2d-4179-8a43-55ef610cd565,沙滩足球,True,29ec03d2-e39d-439b-ace6-9268533123ff,1,2,28,14,9,1,4,41,31,10,16,62.5,73.0,77,5,0,2,1,0,0,4200000.0,1211742.0,28.85,32873885.1,A,none,227318.75,0.0,0.0,0.0,0,0.0,4.0,0,0,0,0,0,0,0,0.0
3,cb06dd19-381c-4513-8a9b-17b6e349adde,33e39c40-1488-4a7e-8145-00280a237aed,花车巡游,True,525cb008-853b-4a8e-9d81-87146fae5cde,2,5,21,14,7,0,7,27,31,-4,16,55.88,63.88,67,7,0,1,0,0,0,3100000.0,750620.0,24.21,19918680.13,A,none,0.0,0.0,0.0,0.0,0,0.0,0.0,0,0,0,0,0,0,0,0.0
3,cb06dd19-381c-4513-8a9b-17b6e349adde,3616958e-ca58-4b30-91ed-d810a9409d5b,大津巴布,True,7d8f8bff-fe71-4f21-86ef-6e8835d8653d,4,3,20,14,5,5,4,30,33,-3,16,52.0,61.62,68,11,0,6,2,0,0,1600000.0,496414.0,31.03,13792242.01,A,none,267848.12,0.0,0.0,0.0,0,0.0,10.0,0,0,0,0,0,0,0,0.0
3,cb06dd19-381c-4513-8a9b-17b6e349adde,37af924e-79a8-4895-8c85-c8c3a43d0ce0,马赛马拉,True,1e886f7d-fd94-4c98-96ea-273a8b3a6e29,4,6,16,14,4,4,6,20,26,-6,16,51.62,59.88,74,7,0,3,2,0,0,1600000.0,352767.0,22.05,14321340.35,A,none,445683.09,0.0,0.0,0.0,0,0.0,14.0,0,0,0,0,0,0,0,0.0
3,cb06dd19-381c-4513-8a9b-17b6e349adde,37d0221b-b783-41ef-ba45-4afbadfcca2e,黑金帝国,True,f5757d67-4592-4ae1-97d4-07b3a5db56d8,3,1,30,14,9,3,2,39,30,9,17,60.41,68.25,75,7,0,2,1,0,0,2250000.0,885791.0,39.37,24283353.01,A,none,483394.16,0.0,0.0,0.0,0,0.0,12.0,0,0,0,0,0,0,0,0.0
3,cb06dd19-381c-4513-8a9b-17b6e349adde,37e823df-a354-48ba-9cb9-a5f2aa80b09e,单峰快驼,True,3bbbf391-d072-458c-b316-23bb079f6409,4,5,20,14,6,2,6,35,23,12,17,55.06,62.88,76,8,0,3,1,0,0,1600000.0,569332.0,35.58,18961034.85,A,none,320912.04,0.0,0.0,0.0,0,0.0,10.0,0,0,0,0,0,0,0,0.0
3,cb06dd19-381c-4513-8a9b-17b6e349adde,3850a89f-9b56-43e4-886c-b239f5a141b1,喜鹊纽卡,True,7c131cbb-9f4f-4a27-acc5-3d703d63275b,2,8,11,14,3,2,9,21,34,-13,17,65.35,73.62,79,9,0,4,2,0,0,3100000.0,1089331.0,35.14,30453553.48,A,none,279004.16,0.0,0.0,0.0,0,0.0,5.0,0,0,0,0,0,0,0,0.0
3,cb06dd19-381c-4513-8a9b-17b6e349adde,3af34a43-f7c8-4a10-833e-b929ef808f8f,黄色潜水艇,True,a7b637f4-f78f-45ee-8aaf-64d9fef172ff,4,2,27,14,8,3,3,47,32,15,17,56.12,64.38,74,10,0,5,2,0,0,1600000.0,578800.0,36.18,19806616.78,A,none,589197.48,0.0,0.0,0.0,0,0.0,18.0,0,0,0,0,0,0,0,0.0
3,cb06dd19-381c-4513-8a9b-17b6e349adde,3b81880a-c267-41f8-842f-be557a392611,累西腓鼓,True,f166be2f-3d1b-40e7-b136-d4736138344e,3,3,26,14,8,2,4,37,24,13,16,51.81,59.88,74,8,0,3,1,0,0,2250000.0,565140.0,25.12,18860187.49,A,none,639293.36,0.0,0.0,0.0,0,0.0,16.0,0,0,0,0,0,0,0,0.0
3,cb06dd19-381c-4513-8a9b-17b6e349adde,3c35e50c-47f9-4e79-bdf1-a0368ab99700,骆驼骑士,True,3bbbf391-d072-458c-b316-23bb079f6409,4,7,16,14,4,4,6,11,15,-4,17,53.06,63.5,73,8,0,2,1,0,0,1600000.0,677363.0,42.34,18256000.84,A,none,676333.1,0.0,0.0,0.0,0,0.0,21.0,0,0,0,0,0,0,0,0.0
3,cb06dd19-381c-4513-8a9b-17b6e349adde,3cf98f89-d3ee-4eb1-add3-d165adc163da,树懒慢动,True,5fde7b3c-5169-40e1-b27d-9965e3d15ab1,4,4,19,14,5,4,5,11,17,-6,16,52.62,60.5,67,8,0,6,2,0,0,1600000.0,391524.3,24.47,14895910.17,A,none,453202.48,0.0,0.0,0.0,0,0.0,14.0,0,0,0,0,0,0,0,0.0
3,cb06dd19-381c-4513-8a9b-17b6e349adde,3d74852b-cef9-4536-90d3-ab20c3f1d39a,青金石蓝,True,5a1305b1-6c9f-466f-90ba-497869aec914,4,7,16,14,4,4,6,16,20,-4,17,50.41,58.62,72,8,0,3,1,0,0,1600000.0,471082.0,29.44,13678038.14,A,none,307796.56,0.0,0.0,0.0,0,0.0,10.0,0,0,0,0,0,0,0,0.0
3,cb06dd19-381c-4513-8a9b-17b6e349adde,3d7c7ccd-3c62-49de-af2b-51d1b186ca84,西域猛虎,True,ed56aff1-b86b-4206-ba6f-d1c1d0ead9ca,2,2,25,14,8,1,5,40,23,17,17,60.35,70.0,79,5,0,2,1,0,0,3100000.0,893337.0,28.82,25663065.76,A,none,101393.91,0.0,0.0,0.0,0,0.0,2.0,0,0,0,0,0,0,0,0.0
3,cb06dd19-381c-4513-8a9b-17b6e349adde,3e90263d-9aa2-495f-9391-402267f48e45,水手桑普,True,b8d9fdd9-7a6c-43c2-910e-c0bb5fbd34fe,3,6,18,14,5,3,6,24,41,-17,17,53.24,60.38,66,8,0,3,1,0,0,2250000.0,514259.0,22.86,14852922.55,A,none,501684.97,0.0,0.0,0.0,0,0.0,14.0,0,0,0,0,0,0,0,0.0
3,cb06dd19-381c-4513-8a9b-17b6e349adde,3f143543-33be-40b5-9675-d1e965a811eb,东方雄狮,True,984e1619-0888-4e41-8645-d8265a23e11a,4,3,23,14,7,2,5,33,33,0,16,50.88,60.88,77,8,0,4,1,0,0,1600000.0,489894.0,30.62,14419750.3,A,none,273966.44,0.0,0.0,0.0,0,0.0,10.0,0,0,0,0,0,0,0,0.0
3,cb06dd19-381c-4513-8a9b-17b6e349adde,4158ea87-e495-4b6a-a108-54d8bfaaa5e3,野马奔腾,True,063f8474-c0c2-42ac-a632-72dd33d2156d,4,7,14,14,3,5,6,9,16,-7,16,47.31,57.25,68,8,0,3,2,0,0,1600000.0,385247.0,24.08,13552808.58,A,none,435625.2,0.0,0.0,0.0,0,0.0,14.0,0,0,0,0,0,0,0,0.0
3,cb06dd19-381c-4513-8a9b-17b6e349adde,417aede9-0129-47b2-937c-94eb89a7d0d8,管道巨头,True,f8c7642e-6116-431e-ab83-cd140737a4aa,2,5,19,14,5,4,5,31,32,-1,16,58.0,68.62,76,8,0,0,0,0,0,3100000.0,931898.0,30.06,24949170.01,A,none,88475.08,0.0,0.0,0.0,0,0.0,2.0,0,0,0,0,0,0,0,0.0
3,cb06dd19-381c-4513-8a9b-17b6e349adde,438bcce8-4e5c-401e-b640-9593bfb14368,咖啡起源,True,f8c7642e-6116-431e-ab83-cd140737a4aa,2,7,19,14,5,4,5,30,38,-8,17,52.35,63.12,76,7,0,2,1,0,0,3100000.0,596547.0,19.24,14229985.77,A,none,632218.07,0.0,0.0,0.0,0,0.0,16.0,0,0,0,0,0,0,0,0.0
3,cb06dd19-381c-4513-8a9b-17b6e349adde,45ade8e1-b205-4af3-86af-8250a7841af4,麦加朝圣,True,81e6f8c8-40b9-4a8e-a10f-70349088f131,3,4,21,14,6,3,5,39,40,-1,17,55.41,66.12,80,7,0,2,1,0,0,2250000.0,648650.0,28.83,20130198.32,A,none,361959.52,0.0,0.0,0.0,0,0.0,10.0,0,0,0,0,0,0,0,0.0
3,cb06dd19-381c-4513-8a9b-17b6e349adde,45bfbd60-df67-43c9-9d4a-b721c3b9ded4,Medina之光,True,f5757d67-4592-4ae1-97d4-07b3a5db56d8,3,6,16,14,5,1,8,27,29,-2,17,54.29,62.5,75,9,0,2,1,0,0,2250000.0,607953.0,27.02,19531991.38,A,none,403071.8,0.0,0.0,0.0,0,0.0,10.0,0,0,0,0,0,0,0,0.0
3,cb06dd19-381c-4513-8a9b-17b6e349adde,45e56362-3964-4c3e-8f54-f651ae5c735a,水晶石透,True,f5757d67-4592-4ae1-97d4-07b3a5db56d8,3,3,21,14,6,3,5,24,24,0,17,52.53,63.88,76,9,0,6,1,0,0,2250000.0,597696.0,26.56,14035146.07,A,none,663137.44,0.0,0.0,0.0,0,0.0,19.0,0,0,0,0,0,0,0,0.0
3,cb06dd19-381c-4513-8a9b-17b6e349adde,461cbc97-34f7-4cc7-98c0-f5057949a243,五人制王,True,525cb008-853b-4a8e-9d81-87146fae5cde,2,1,31,14,10,1,3,40,20,20,17,62.0,69.5,75,8,0,3,0,0,0,3100000.0,800099.0,25.81,30584289.14,A,none,905674.57,0.0,0.0,0.0,0,0.0,16.0,0,0,0,0,0,0,0,0.0
3,cb06dd19-381c-4513-8a9b-17b6e349adde,4a8567a0-344b-4573-a764-34d83833628f,雪虎踏山,True,ed56aff1-b86b-4206-ba6f-d1c1d0ead9ca,2,7,11,14,3,2,9,20,41,-21,17,58.24,67.0,80,10,0,4,1,0,0,3100000.0,749432.0,24.18,24864424.89,A,none,910775.92,0.0,0.0,0.0,0,0.0,18.0,0,0,0,0,0,0,0,0.0
3,cb06dd19-381c-4513-8a9b-17b6e349adde,4a946e10-f770-42df-a073-e0ff24ad6c3f,烈焰红唇,True,85573765-1fce-4719-b455-9bedb7fc3852,4,8,13,14,4,1,9,22,36,-14,17,52.94,59.0,65,9,0,3,2,0,0,1600000.0,401791.0,25.11,12550312.66,A,none,449962.6,0.0,0.0,0.0,0,0.0,15.0,0,0,0,0,0,0,0,0.0
3,cb06dd19-381c-4513-8a9b-17b6e349adde,4a9502a1-912e-4f71-b915-f14f10dc76a2,安第斯山,True,525cb008-853b-4a8e-9d81-87146fae5cde,2,8,7,14,2,1,11,27,52,-25,17,55.76,61.25,66,8,0,5,1,0,0,3100000.0,548983.0,17.71,24588255.9,A,none,1056205.06,0.0,0.0,0.0,0,0.0,21.0,0,0,0,0,0,0,0,0.0
3,cb06dd19-381c-4513-8a9b-17b6e349adde,4bf730ae-744d-4cf9-bfed-069e72cb7222,中原飞虎,True,359be255-59cf-483b-ab1f-c339c2748d5c,1,2,31,14,10,1,3,43,25,18,16,61.69,71.12,79,11,0,4,3,1,0,4200000.0,923626.0,21.99,30398065.16,A,none,267079.76,0.0,0.0,0.0,0,0.0,5.0,0,0,0,0,0,0,0,0.0
3,cb06dd19-381c-4513-8a9b-17b6e349adde,4cdd75e5-7d1a-4faa-ba6e-b467d791430a,快乐足球,True,29ec03d2-e39d-439b-ace6-9268533123ff,1,6,15,14,5,0,9,33,53,-20,16,56.56,66.25,77,7,0,2,1,0,0,4200000.0,775644.0,18.47,31450724.73,A,none,625302.98,0.0,0.0,0.0,0,0.0,10.0,0,0,0,0,0,0,0,0.0
3,cb06dd19-381c-4513-8a9b-17b6e349adde,4d69f07c-49fa-4fc4-871e-38f57ee93c13,美丽游戏,True,29ec03d2-e39d-439b-ace6-9268533123ff,1,1,30,14,10,0,4,45,27,18,16,59.12,68.0,80,7,0,3,2,1,0,4200000.0,723602.0,17.23,32046171.88,A,none,750724.89,0.0,0.0,0.0,0,0.0,12.0,0,0,0,0,0,0,0,0.0
3,cb06dd19-381c-4513-8a9b-17b6e349adde,4d8043ee-95c3-43c9-9652-ff2812f0b778,紫气东来,True,978840be-6c69-4b6c-91b2-03a6e1e7fde3,4,5,18,14,4,6,4,24,24,0,17,56.53,67.38,75,5,0,2,0,0,0,1600000.0,560509.0,35.03,13949578.87,A,none,372416.03,0.0,0.0,0.0,0,0.0,12.0,0,0,0,0,0,0,0,0.0
3,cb06dd19-381c-4513-8a9b-17b6e349adde,4e73d656-18e4-47b7-839f-d07b94c13336,莫莫之王,True,f166be2f-3d1b-40e7-b136-d4736138344e,3,5,19,14,6,1,7,37,36,1,16,57.5,65.62,75,9,0,4,2,0,0,2250000.0,561792.0,24.97,23702893.49,A,none,628638.34,0.0,0.0,0.0,0,0.0,14.0,0,0,0,0,0,0,0,0.0
3,cb06dd19-381c-4513-8a9b-17b6e349adde,4eb8d514-91aa-49bb-a361-7b52f7960471,奥格斯堡,True,c88d210b-d92c-4ca6-b6ae-dbcbd50db99f,4,3,21,14,6,3,5,37,33,4,17,51.53,61.0,74,9,0,4,1,1,0,1600000.0,474762.0,29.67,13595738.65,A,none,307383.58,0.0,0.0,0.0,0,0.0,10.0,0,0,0,0,0,0,0,0.0
3,cb06dd19-381c-4513-8a9b-17b6e349adde,4f4050d5-a81e-4f2c-9fe4-3b691e3a8bb3,床单军团,True,e223266b-c6e0-4a6a-a563-2102a14329cc,4,2,27,14,9,0,5,27,19,8,17,56.0,62.38,70,8,0,5,2,0,0,1600000.0,478311.0,29.89,19012772.53,A,none,360579.02,0.0,0.0,0.0,0,0.0,10.0,0,0,0,0,0,0,0,0.0
3,cb06dd19-381c-4513-8a9b-17b6e349adde,52ac1303-aa48-47c0-abfc-e1565cd83a2c,小辣椒莱,True,a7b637f4-f78f-45ee-8aaf-64d9fef172ff,4,5,19,14,6,1,7,49,52,-3,16,53.69,61.88,70,7,0,1,1,0,0,1600000.0,459208.0,28.7,13305990.39,A,none,462796.57,0.0,0.0,0.0,0,0.0,15.0,0,0,0,0,0,0,0,0.0
3,cb06dd19-381c-4513-8a9b-17b6e349adde,546f1283-41ba-44fc-8ae4-c2f349eab730,铁甲战狮,True,80e76669-51ec-4483-90e0-04abceda5702,3,3,22,14,7,1,6,35,36,-1,16,53.69,62.0,71,9,0,4,2,0,0,2250000.0,509059.0,22.62,15196495.54,A,none,650835.04,0.0,0.0,0.0,0,0.0,21.0,0,0,0,0,0,0,0,0.0
3,cb06dd19-381c-4513-8a9b-17b6e349adde,55d3b2ad-6730-4fdb-9a5e-3fa20c0ee991,布宜诺斯,True,f166be2f-3d1b-40e7-b136-d4736138344e,3,7,16,14,5,1,8,30,39,-9,17,54.82,62.88,74,10,0,3,3,0,0,2250000.0,580862.0,25.82,25955659.38,A,none,505262.33,0.0,0.0,0.0,0,0.0,12.0,0,0,0,0,0,0,0,0.0
3,cb06dd19-381c-4513-8a9b-17b6e349adde,5607bb46-3924-4699-a221-28b6e75fb2ee,智利红酒,True,301a517b-11a1-45d9-81ce-e81905974e60,3,6,14,14,4,2,8,35,50,-15,17,55.0,63.75,76,8,0,3,2,0,0,2250000.0,644089.0,28.63,14347081.43,A,none,351158.35,0.0,0.0,0.0,0,0.0,10.0,0,0,0,0,0,0,0,0.0
3,cb06dd19-381c-4513-8a9b-17b6e349adde,56110445-240a-45bb-8e2f-1dee3d3e7825,金鹰破晓,True,359be255-59cf-483b-ab1f-c339c2748d5c,1,5,14,14,4,2,8,25,36,-11,16,56.19,62.5,68,9,0,4,0,1,0,4200000.0,655669.0,15.61,20336462.68,A,none,1034156.54,0.0,0.0,0.0,0,0.0,20.0,0,0,0,0,0,0,0,0.0
3,cb06dd19-381c-4513-8a9b-17b6e349adde,564a5213-4a71-4545-bd52-b2958bcdcb5c,苍穹雄鹰,True,984e1619-0888-4e41-8645-d8265a23e11a,4,7,11,14,3,2,9,14,25,-11,17,53.76,62.25,75,10,0,5,1,1,0,1600000.0,633805.0,39.61,18389813.18,A,none,500513.3,0.0,0.0,0.0,0,0.0,14.0,0,0,0,0,0,0,0,0.0
3,cb06dd19-381c-4513-8a9b-17b6e349adde,56a4d6dd-79ee-4536-bf12-9873eff15482,寒冰领域,True,85573765-1fce-4719-b455-9bedb7fc3852,4,4,21,14,6,3,5,31,36,-5,17,55.82,62.5,66,4,0,3,1,0,0,1600000.0,427328.0,26.71,13593630.48,A,none,465879.52,0.0,0.0,0.0,0,0.0,15.0,0,0,0,0,0,0,0,0.0
3,cb06dd19-381c-4513-8a9b-17b6e349adde,576a1500-e80b-488e-84a4-4d30d5c9f8e2,萨尔瓦多,True,f166be2f-3d1b-40e7-b136-d4736138344e,3,4,23,14,6,5,3,26,17,9,16,63.06,71.25,82,5,0,0,0,0,0,2250000.0,951329.0,42.28,19850233.87,A,none,178550.4,0.0,0.0,0.0,0,0.0,5.0,0,0,0,0,0,0,0,0.0
3,cb06dd19-381c-4513-8a9b-17b6e349adde,58c7685d-d70a-4db2-ba81-82ec60565630,流水无痕,True,978840be-6c69-4b6c-91b2-03a6e1e7fde3,4,4,18,14,5,3,6,28,28,0,16,53.38,64.88,82,5,0,2,1,0,0,1600000.0,461673.0,28.85,14219881.87,A,none,0.0,0.0,0.0,0.0,0,0.0,0.0,0,0,0,0,0,0,0,0.0
3,cb06dd19-381c-4513-8a9b-17b6e349adde,595645b3-210a-45b7-9719-8194d843afcc,桑巴学校,True,f166be2f-3d1b-40e7-b136-d4736138344e,3,2,27,14,9,0,5,52,36,16,17,58.35,66.25,74,7,0,4,2,0,0,2250000.0,680824.0,30.26,20000339.22,A,none,80983.56,0.0,0.0,0.0,0,0.0,2.0,0,0,0,0,0,0,0,0.0
3,cb06dd19-381c-4513-8a9b-17b6e349adde,59ddcaef-f19f-464e-b647-87378c8e0340,炼油大师,True,f8c7642e-6116-431e-ab83-cd140737a4aa,2,1,26,14,8,2,4,30,24,6,16,59.88,65.0,73,10,0,5,2,0,0,3100000.0,656939.0,21.19,25523271.14,A,none,507519.16,0.0,0.0,0.0,0,0.0,10.0,0,0,0,0,0,0,0,0.0
3,cb06dd19-381c-4513-8a9b-17b6e349adde,5d26cab3-5840-4ddc-911e-96966cd04aed,幽冥鬼狼,True,21145133-3f98-4f16-a80a-28ea1a3c0858,3,1,32,14,10,2,2,44,29,15,16,56.0,64.38,74,9,0,4,1,0,0,2250000.0,662840.0,29.46,19828403.51,A,none,573994.74,0.0,0.0,0.0,0,0.0,16.0,0,0,0,0,0,0,0,0.0
3,cb06dd19-381c-4513-8a9b-17b6e349adde,5d916859-a4e4-4f4e-b5f5-183e781c1b9f,云豹穿林,True,984e1619-0888-4e41-8645-d8265a23e11a,4,1,33,14,10,3,1,42,11,31,17,52.88,61.75,78,5,0,1,0,0,0,1600000.0,473552.0,29.6,14989888.35,A,none,476409.83,0.0,0.0,0.0,0,0.0,17.0,0,0,0,0,0,0,0,0.0
3,cb06dd19-381c-4513-8a9b-17b6e349adde,5dbc0c0c-5cae-47c9-b6cb-c56edc170a86,南海蛟龙,True,ed56aff1-b86b-4206-ba6f-d1c1d0ead9ca,2,1,28,14,9,1,4,37,30,7,17,63.12,72.75,82,7,0,3,1,0,0,3100000.0,1018641.0,32.86,18506961.14,A,none,640259.06,0.0,0.0,0.0,0,0.0,17.0,0,0,0,0,0,0,0,0.0
3,cb06dd19-381c-4513-8a9b-17b6e349adde,5e79a306-a1b5-4379-a96b-59bc3b243b7f,桑巴舞者,True,29ec03d2-e39d-439b-ace6-9268533123ff,1,8,12,14,3,3,8,25,44,-19,17,59.12,67.5,76,9,0,5,2,1,0,4200000.0,627858.3,14.95,30705413.72,A,none,874666.33,0.0,0.0,0.0,0,0.0,14.0,0,0,0,0,0,0,0,0.0
3,cb06dd19-381c-4513-8a9b-17b6e349adde,5edb33b0-4b3b-48b7-bddd-2f6b9065fd7b,金字塔尖,True,b6ddea43-79ab-4ac6-959c-3171dbce21ff,1,1,34,14,11,1,2,51,19,32,16,62.12,73.25,80,6,0,1,1,0,0,4200000.0,950686.0,22.64,34273484.42,A,none,0.0,0.0,0.0,0.0,0,0.0,0.0,0,0,0,0,0,0,0,0.0
3,cb06dd19-381c-4513-8a9b-17b6e349adde,6060f7cb-6bbf-4c2f-b3fc-230422f4ac95,清真美食,True,5a1305b1-6c9f-466f-90ba-497869aec914,4,6,16,14,5,1,8,37,38,-1,17,55.0,63.0,69,8,0,3,1,0,0,1600000.0,523806.0,32.74,18718955.67,A,none,360075.67,0.0,0.0,0.0,0,0.0,10.0,0,0,0,0,0,0,0,0.0
3,cb06dd19-381c-4513-8a9b-17b6e349adde,60a04a4b-6df1-4e32-a7bc-68776a385a86,设拉子酒,True,3bbbf391-d072-458c-b316-23bb079f6409,4,2,24,14,7,3,4,17,18,-1,16,51.12,57.25,70,6,0,0,0,0,0,1600000.0,403360.0,25.21,13608172.37,A,none,527196.67,0.0,0.0,0.0,0,0.0,17.0,0,0,0,0,0,0,0,0.0
3,cb06dd19-381c-4513-8a9b-17b6e349adde,61ab2691-a159-4e1a-a1d7-4a16c903ab94,沙漠玫瑰,True,f6846932-f050-4653-9ecf-52a00fe9cb8b,4,8,10,14,3,1,10,29,45,-16,17,48.12,60.12,74,8,0,3,2,0,0,1600000.0,393619.0,24.6,13582696.21,A,none,306659.74,0.0,0.0,0.0,0,0.0,10.0,0,0,0,0,0,0,0,0.0
3,cb06dd19-381c-4513-8a9b-17b6e349adde,620ab27f-f4c9-484d-ad85-b88180b2bf58,马里帝国,True,7d8f8bff-fe71-4f21-86ef-6e8835d8653d,4,7,13,14,3,4,7,23,39,-16,16,51.0,58.0,72,6,0,1,0,0,0,1600000.0,412057.0,25.75,13638602.28,A,none,307867.02,0.0,0.0,0.0,0,0.0,10.0,0,0,0,0,0,0,0,0.0
3,cb06dd19-381c-4513-8a9b-17b6e349adde,623c06a9-a30a-4bd4-8e29-48f10df92c69,那不勒斯,True,e223266b-c6e0-4a6a-a563-2102a14329cc,4,8,13,14,3,4,7,13,21,-8,17,50.53,58.88,75,10,0,5,1,0,0,1600000.0,405923.0,25.37,17832954.26,A,none,671394.22,0.0,0.0,0.0,0,0.0,19.0,0,0,0,0,0,0,0,0.0
3,cb06dd19-381c-4513-8a9b-17b6e349adde,6389f794-4ebc-4cd5-a507-216bfbad5745,马丘比丘,True,301a517b-11a1-45d9-81ce-e81905974e60,3,7,9,14,2,3,9,32,58,-26,17,52.41,59.5,67,10,0,3,2,0,0,2250000.0,491422.2,21.84,19338434.32,A,none,568360.11,0.0,0.0,0.0,0,0.0,14.0,0,0,0,0,0,0,0,0.0
3,cb06dd19-381c-4513-8a9b-17b6e349adde,6493de21-509e-4109-afcf-ce60120ae37d,里约狂欢,True,3ef58883-b984-4286-b63c-a994639b1eda,4,4,23,14,7,2,5,18,14,4,17,53.82,64.75,71,8,0,4,1,0,0,1600000.0,584920.0,36.56,19037528.59,A,none,544355.6,0.0,0.0,0.0,0,0.0,15.0,0,0,0,0,0,0,0,0.0
3,cb06dd19-381c-4513-8a9b-17b6e349adde,676a5416-929a-4ae2-aaea-2adafe7e7f70,丝路驼铃,True,f8c7642e-6116-431e-ab83-cd140737a4aa,2,8,15,14,5,0,9,28,33,-5,17,56.94,63.38,74,8,0,3,1,0,0,3100000.0,692535.0,22.34,20464663.33,A,none,455661.96,0.0,0.0,0.0,0,0.0,10.0,0,0,0,0,0,0,0,0.0
3,cb06dd19-381c-4513-8a9b-17b6e349adde,68694a58-7731-42d2-8dcf-c6f25948a2af,马穆鲁克,True,97f656a1-354e-476a-804e-57d7795aa34c,4,2,27,14,8,3,3,50,33,17,17,56.47,63.62,70,5,0,3,0,0,0,1600000.0,541759.0,33.86,13316844.23,A,none,524323.95,0.0,0.0,0.0,0,0.0,17.0,0,0,0,0,0,0,0,0.0
3,cb06dd19-381c-4513-8a9b-17b6e349adde,68bf5a52-1c38-4b6c-b3e4-4ab1b7c50cfe,东北虎啸,True,063f8474-c0c2-42ac-a632-72dd33d2156d,4,2,31,14,9,4,1,28,7,21,17,58.12,69.0,82,8,0,3,1,0,0,1600000.0,839797.0,52.49,23087004.76,A,none,861175.6,0.0,0.0,0.0,0,0.0,21.0,0,0,0,0,0,0,0,0.0
3,cb06dd19-381c-4513-8a9b-17b6e349adde,6907c429-2dbb-4fbc-9055-1164a7af9ffa,银龙出海,True,359be255-59cf-483b-ab1f-c339c2748d5c,1,6,12,14,3,3,8,32,51,-19,17,59.12,68.88,79,8,0,3,0,0,0,4200000.0,956272.0,22.77,30829589.26,A,none,782496.71,0.0,0.0,0.0,0,0.0,14.0,0,0,0,0,0,0,0,0.0
3,cb06dd19-381c-4513-8a9b-17b6e349adde,694d2373-8e8d-498c-a51f-90db06f1ff51,蓝衣军团,True,b8d9fdd9-7a6c-43c2-910e-c0bb5fbd34fe,3,4,20,14,5,5,4,35,29,6,16,52.0,63.0,73,7,0,3,1,0,0,2250000.0,473093.0,21.03,14692742.82,A,none,458557.39,0.0,0.0,0.0,0,0.0,15.0,0,0,0,0,0,0,0,0.0
3,cb06dd19-381c-4513-8a9b-17b6e349adde,6a5387c1-7798-4d0b-aef5-87865e2df24f,伊斯法罕,True,3bbbf391-d072-458c-b316-23bb079f6409,4,4,21,14,6,3,5,13,13,0,16,55.12,63.62,72,8,0,2,1,0,0,1600000.0,487040.0,30.44,13676444.94,A,none,467622.68,0.0,0.0,0.0,0,0.0,15.0,0,0,0,0,0,0,0,0.0
3,cb06dd19-381c-4513-8a9b-17b6e349adde,6b4393e6-c532-409b-be86-40c3930ee94b,红宝石矿,True,5a1305b1-6c9f-466f-90ba-497869aec914,4,2,23,14,7,2,5,19,17,2,17,53.0,59.75,66,8,0,4,1,0,0,1600000.0,417250.0,26.08,13879920.72,A,none,309018.74,0.0,0.0,0.0,0,0.0,10.0,0,0,0,0,0,0,0,0.0
3,cb06dd19-381c-4513-8a9b-17b6e349adde,6cce5283-6611-4cb8-8b9d-a747fb9a7b5d,华南虎威,True,ed56aff1-b86b-4206-ba6f-d1c1d0ead9ca,2,4,23,14,6,5,3,18,14,4,16,58.69,66.25,77,7,0,2,0,0,0,3100000.0,881211.0,28.43,26206731.76,A,none,514878.87,0.0,0.0,0.0,0,0.0,10.0,0,0,0,0,0,0,0,0.0
3,cb06dd19-381c-4513-8a9b-17b6e349adde,6e4c18ef-22ee-42dc-996a-5d28e2e51aed,大马士革,True,f5757d67-4592-4ae1-97d4-07b3a5db56d8,3,5,16,14,4,4,6,32,26,6,16,55.69,66.25,76,11,0,5,3,0,0,2250000.0,710112.0,31.56,32639114.93,A,none,534092.1,0.0,0.0,0.0,0,0.0,10.0,0,0,0,0,0,0,0,0.0
3,cb06dd19-381c-4513-8a9b-17b6e349adde,6faf8572-3a96-4145-b8f5-3b8304fc486f,白虎啸天,True,21145133-3f98-4f16-a80a-28ea1a3c0858,3,8,10,14,3,1,10,23,51,-28,17,55.35,65.0,74,9,0,3,2,0,0,2250000.0,773197.0,34.36,23869932.55,A,none,862311.36,0.0,0.0,0.0,0,0.0,19.0,0,0,0,0,0,0,0,0.0
3,cb06dd19-381c-4513-8a9b-17b6e349adde,71c88dd9-84d5-4415-8a2e-0393e0a55b8d,铁锤帮西汉,True,51f4a3d3-c63e-45d9-9e79-c2cad398765f,3,8,9,14,2,3,9,6,18,-12,17,54.76,63.62,68,9,0,3,1,0,0,2250000.0,577577.0,25.67,23720834.48,A,none,676233.72,0.0,0.0,0.0,0,0.0,15.0,0,0,0,0,0,0,0,0.0
3,cb06dd19-381c-4513-8a9b-17b6e349adde,727ee9ce-e0e3-48c4-95a3-c8c8e3976150,金刚鹦鹉,True,5fde7b3c-5169-40e1-b27d-9965e3d15ab1,4,8,9,14,2,3,9,16,34,-18,16,52.38,58.88,71,8,0,3,2,0,0,1600000.0,424545.0,26.53,13551652.46,A,none,491102.11,0.0,0.0,0.0,0,0.0,18.0,0,0,0,0,0,0,0,0.0
3,cb06dd19-381c-4513-8a9b-17b6e349adde,7362d4e1-093b-469d-b35c-3b9df1e7f633,斗牛士团,True,7c131cbb-9f4f-4a27-acc5-3d703d63275b,2,4,21,14,6,3,5,34,37,-3,17,60.24,67.75,76,7,0,1,1,0,0,3100000.0,722061.0,23.29,19941334.4,A,none,0.0,0.0,0.0,0.0,0,0.0,0.0,0,0,0,0,0,0,0,0.0
3,cb06dd19-381c-4513-8a9b-17b6e349adde,73ad676d-fae2-4a8a-b69d-06d881cb694c,撒哈拉南,True,1e886f7d-fd94-4c98-96ea-273a8b3a6e29,4,4,20,14,5,5,4,16,15,1,17,50.47,61.12,73,10,0,5,0,0,0,1600000.0,512123.0,32.01,13434952.39,A,none,463962.64,0.0,0.0,0.0,0,0.0,15.0,0,0,0,0,0,0,0,0.0
3,cb06dd19-381c-4513-8a9b-17b6e349adde,76ea894a-a987-4cc7-84b6-efbaa896d142,维多利亚,True,1e886f7d-fd94-4c98-96ea-273a8b3a6e29,4,2,24,14,7,3,4,25,17,8,17,52.65,63.38,67,7,0,4,2,0,0,1600000.0,456837.0,28.55,14558490.66,A,none,388901.87,0.0,0.0,0.0,0,0.0,14.0,0,0,0,0,0,0,0,0.0
3,cb06dd19-381c-4513-8a9b-17b6e349adde,77c184eb-17cd-4a60-b1ef-d2d25d067708,绿松石绿,True,5a1305b1-6c9f-466f-90ba-497869aec914,4,5,18,14,5,3,6,26,33,-7,17,51.59,57.5,67,9,0,4,2,0,0,1600000.0,334416.0,20.9,13712905.87,A,none,529141.09,0.0,0.0,0.0,0,0.0,17.0,0,0,0,0,0,0,0,0.0
3,cb06dd19-381c-4513-8a9b-17b6e349adde,7987e549-b84a-4aa9-9c81-9eb88cd8e9ab,萨拉丁军,True,f5757d67-4592-4ae1-97d4-07b3a5db56d8,3,4,20,14,5,5,4,14,12,2,17,54.53,63.5,70,10,0,4,2,0,0,2250000.0,490691.0,21.81,13985565.02,A,none,731740.28,0.0,0.0,0.0,0,0.0,21.0,0,0,0,0,0,0,0,0.0
3,cb06dd19-381c-4513-8a9b-17b6e349adde,79ff5611-2f63-4a90-9948-420586063a5f,白虹贯日,True,978840be-6c69-4b6c-91b2-03a6e1e7fde3,4,8,7,14,1,4,9,11,35,-24,17,49.12,61.62,75,5,0,4,3,0,0,1600000.0,399463.0,24.97,13356495.4,A,none,525397.49,0.0,0.0,0.0,0,0.0,17.0,0,0,0,0,0,0,0,0.0
3,cb06dd19-381c-4513-8a9b-17b6e349adde,7afb3a3e-6663-4edc-b70c-e13ed8981547,金虎啸月,True,80e76669-51ec-4483-90e0-04abceda5702,3,8,8,14,2,2,10,16,27,-11,17,56.12,61.75,66,10,0,3,1,0,0,2250000.0,528767.0,23.5,25431422.06,A,none,703248.68,0.0,0.0,0.0,0,0.0,15.0,0,0,0,0,0,0,0,0.0
3,cb06dd19-381c-4513-8a9b-17b6e349adde,7b0ab1d7-80c9-4fc1-a7d0-99de970e3d88,星月传奇,True,f5757d67-4592-4ae1-97d4-07b3a5db56d8,3,7,15,14,3,6,5,17,19,-2,17,55.47,65.38,76,7,0,4,1,0,0,2250000.0,629484.0,27.98,19381088.35,A,none,141932.98,0.0,0.0,0.0,0,0.0,4.0,0,0,0,0,0,0,0,0.0
3,cb06dd19-381c-4513-8a9b-17b6e349adde,7d71e69b-29f1-4c7d-8de4-bc6a2dccf449,朱雀焚霞,True,063f8474-c0c2-42ac-a632-72dd33d2156d,4,6,16,14,4,4,6,17,27,-10,17,49.53,58.38,68,9,0,3,1,0,0,1600000.0,413520.0,25.85,13637455.59,A,none,529055.22,0.0,0.0,0.0,0,0.0,17.0,0,0,0,0,0,0,0,0.0
3,cb06dd19-381c-4513-8a9b-17b6e349adde,7dc1a3a9-470b-4a15-af2b-fed9f7ca88a6,十字军东,True,5a1305b1-6c9f-466f-90ba-497869aec914,4,3,22,14,6,4,4,33,30,3,17,52.12,62.75,73,9,0,4,2,0,0,1600000.0,458877.0,28.68,13765226.98,A,none,436969.2,0.0,0.0,0.0,0,0.0,14.0,0,0,0,0,0,0,0,0.0
3,cb06dd19-381c-4513-8a9b-17b6e349adde,7dc3c021-193d-416e-bc57-45e6d3ed8e01,非洲雄狮,True,3ef58883-b984-4286-b63c-a994639b1eda,4,2,28,14,9,1,4,33,23,10,17,50.35,60.25,68,8,0,3,1,0,0,1600000.0,476626.0,29.79,13920554.06,A,none,309807.36,0.0,0.0,0.0,0,0.0,10.0,0,0,0,0,0,0,0,0.0
3,cb06dd19-381c-4513-8a9b-17b6e349adde,7fb53f55-06b4-4131-a874-be848d281649,峨眉女侠,True,85573765-1fce-4719-b455-9bedb7fc3852,4,1,25,14,8,1,5,45,26,19,16,54.31,64.12,74,5,0,1,0,0,0,1600000.0,600810.0,37.55,10503533.01,A,none,234901.44,0.0,0.0,0.0,0,0.0,10.0,0,0,0,0,0,0,0,0.0
3,cb06dd19-381c-4513-8a9b-17b6e349adde,80130085-d12e-47ab-81f1-c0b8fa674a06,街球之王,True,525cb008-853b-4a8e-9d81-87146fae5cde,2,4,24,14,7,3,4,19,18,1,17,63.41,72.62,81,6,0,1,1,0,0,3100000.0,1069177.0,34.49,31351057.89,A,none,151545.97,0.0,0.0,0.0,0,0.0,3.0,0,0,0,0,0,0,0,0.0
3,cb06dd19-381c-4513-8a9b-17b6e349adde,8346aebc-cac4-49bf-a1e2-6fdf6fdc9a60,飓风之眼,True,85573765-1fce-4719-b455-9bedb7fc3852,4,3,23,14,7,2,5,28,23,5,17,55.53,64.25,75,7,0,2,1,0,0,1600000.0,534541.0,33.41,14811420.06,A,none,277461.72,0.0,0.0,0.0,0,0.0,10.0,0,0,0,0,0,0,0,0.0
3,cb06dd19-381c-4513-8a9b-17b6e349adde,84567e7d-096b-4367-b958-4abdbaecad31,乞力马扎,True,5fde7b3c-5169-40e1-b27d-9965e3d15ab1,4,5,17,14,4,5,5,18,17,1,17,54.47,62.88,65,7,0,4,1,0,0,1600000.0,487563.0,30.47,13733870.4,A,none,499377.38,0.0,0.0,0.0,0,0.0,16.0,0,0,0,0,0,0,0,0.0
3,cb06dd19-381c-4513-8a9b-17b6e349adde,86036b21-4fa9-47dc-a2fd-9728e0e18feb,红黑恶魔,True,e223266b-c6e0-4a6a-a563-2102a14329cc,4,5,16,14,4,4,6,11,13,-2,17,53.41,63.5,74,7,0,1,0,0,0,1600000.0,577737.0,36.11,14400572.41,A,none,315662.91,0.0,0.0,0.0,0,0.0,10.0,0,0,0,0,0,0,0,0.0
3,cb06dd19-381c-4513-8a9b-17b6e349adde,8698b7c7-8ee5-457a-beff-b198b61d6c98,南部之星,True,4a15f14c-28e8-4c2f-90de-d5363e91566a,4,2,28,14,8,4,2,38,25,13,17,49.0,61.25,76,8,0,3,1,0,0,1600000.0,557333.0,34.83,13471564.19,A,none,434165.64,0.0,0.0,0.0,0,0.0,14.0,0,0,0,0,0,0,0,0.0
3,cb06dd19-381c-4513-8a9b-17b6e349adde,8705046a-c699-4ed3-a2a3-bbb9e40e06b3,双峰巨驼,True,f6846932-f050-4653-9ecf-52a00fe9cb8b,4,1,28,14,8,4,2,35,21,14,16,53.06,63.38,79,8,0,3,2,0,0,1600000.0,546972.0,34.19,19895254.21,A,none,393524.99,0.0,0.0,0.0,0,0.0,12.0,0,0,0,0,0,0,0,0.0
3,cb06dd19-381c-4513-8a9b-17b6e349adde,8900177a-c5ca-40ad-bc40-e240fd6f2d9e,巨象踏天,True,063f8474-c0c2-42ac-a632-72dd33d2156d,4,3,18,14,4,6,4,25,23,2,16,50.12,60.25,71,7,0,2,0,0,0,1600000.0,480710.0,30.04,14707131.96,A,none,278556.05,0.0,0.0,0.0,0,0.0,10.0,0,0,0,0,0,0,0,0.0
3,cb06dd19-381c-4513-8a9b-17b6e349adde,89bd5a4e-fd08-4203-b76e-a76e5e40e750,驼峰运输,True,f6846932-f050-4653-9ecf-52a00fe9cb8b,4,2,27,14,8,3,3,18,11,7,17,58.18,65.38,74,8,0,4,1,0,0,1600000.0,592306.0,37.02,18760412.79,A,none,358876.72,0.0,0.0,0.0,0,0.0,10.0,0,0,0,0,0,0,0,0.0
3,cb06dd19-381c-4513-8a9b-17b6e349adde,8be9eaf8-038f-4155-ab53-13acbff4a34e,凤凰涅槃,True,ed56aff1-b86b-4206-ba6f-d1c1d0ead9ca,2,3,24,14,7,3,4,38,33,5,16,56.38,66.75,77,7,0,2,0,0,0,3100000.0,602110.0,19.42,14724685.05,A,none,678769.67,0.0,0.0,0.0,0,0.0,17.0,0,0,0,0,0,0,0,0.0
3,cb06dd19-381c-4513-8a9b-17b6e349adde,8c09e83c-4838-4d81-ac1d-2fc8970b5996,华山剑客,True,85573765-1fce-4719-b455-9bedb7fc3852,4,2,23,14,7,2,5,33,21,12,16,53.81,62.75,73,6,0,3,1,0,0,1600000.0,462068.0,28.88,14315368.93,A,none,0.0,0.0,0.0,0.0,0,0.0,0.0,0,0,0,0,0,0,0,0.0
3,cb06dd19-381c-4513-8a9b-17b6e349adde,8c4bd183-3537-499a-a857-36da5ee3fcb8,天方夜谭,True,f6846932-f050-4653-9ecf-52a00fe9cb8b,4,6,16,14,5,1,8,25,31,-6,16,54.38,62.62,74,8,0,2,2,0,0,1600000.0,519409.0,32.46,14339313.48,A,none,314305.39,0.0,0.0,0.0,0,0.0,10.0,0,0,0,0,0,0,0,0.0
3,cb06dd19-381c-4513-8a9b-17b6e349adde,8d55034d-d964-4216-a678-6b492b254d3a,金狼逐日,True,21145133-3f98-4f16-a80a-28ea1a3c0858,3,2,28,14,9,1,4,49,34,15,16,57.25,65.38,76,3,0,0,0,0,0,2250000.0,645255.0,28.68,20139439.03,A,none,542255.63,0.0,0.0,0.0,0,0.0,15.0,0,0,0,0,0,0,0,0.0
3,cb06dd19-381c-4513-8a9b-17b6e349adde,90127a81-e457-4c9d-9981-9a1d54ee9dc9,石油大亨,True,f8c7642e-6116-431e-ab83-cd140737a4aa,2,2,23,14,7,2,5,41,31,10,17,60.47,68.0,75,7,0,2,0,0,0,3100000.0,860362.0,27.75,26195016.47,A,none,180989.11,0.0,0.0,0.0,0,0.0,4.0,0,0,0,0,0,0,0,0.0
3,cb06dd19-381c-4513-8a9b-17b6e349adde,902585f2-0a29-457b-a8a7-6231e080c089,辛巴达航,True,b6ddea43-79ab-4ac6-959c-3171dbce21ff,1,3,24,14,7,3,4,49,41,8,16,60.5,71.12,75,5,0,1,0,0,0,4200000.0,840421.0,20.01,26078207.51,A,none,1153223.75,0.0,0.0,0.0,0,0.0,20.0,0,0,0,0,0,0,0,0.0
3,cb06dd19-381c-4513-8a9b-17b6e349adde,9192b63a-62eb-41f8-8294-4e8ed7b21cc4,银狼啸天,True,978840be-6c69-4b6c-91b2-03a6e1e7fde3,4,6,17,14,3,8,3,12,13,-1,17,56.41,63.38,82,8,0,2,0,0,0,1600000.0,634599.0,39.66,19004205.82,A,none,363297.79,0.0,0.0,0.0,0,0.0,10.0,0,0,0,0,0,0,0,0.0
3,cb06dd19-381c-4513-8a9b-17b6e349adde,93d4a341-f696-4847-9963-39f49030f4c9,太妃糖埃弗,True,b8d9fdd9-7a6c-43c2-910e-c0bb5fbd34fe,3,7,15,14,4,3,7,18,20,-2,17,58.29,67.25,77,9,0,5,2,0,0,2250000.0,641196.0,28.5,23718987.67,A,none,632741.22,0.0,0.0,0.0,0,0.0,14.0,0,0,0,0,0,0,0,0.0
3,cb06dd19-381c-4513-8a9b-17b6e349adde,93f33371-f5bd-4f80-8652-b48419599822,雪山神鹰,True,063f8474-c0c2-42ac-a632-72dd33d2156d,4,1,33,14,10,3,1,39,19,20,17,59.59,67.75,79,7,0,2,1,0,0,1600000.0,727845.0,45.49,19885828.67,A,none,97931.41,0.0,0.0,0.0,0,0.0,3.0,0,0,0,0,0,0,0,0.0
3,cb06dd19-381c-4513-8a9b-17b6e349adde,95d02f9a-0c37-49b7-9a61-518ac5f7ef2c,复活节岛,True,301a517b-11a1-45d9-81ce-e81905974e60,3,2,29,14,9,2,3,65,33,32,16,54.88,62.88,79,9,0,3,1,0,0,2250000.0,582099.0,25.87,19918438.02,A,none,404033.78,0.0,0.0,0.0,0,0.0,10.0,0,0,0,0,0,0,0,0.0
3,cb06dd19-381c-4513-8a9b-17b6e349adde,95e4042e-52de-4df6-b5c9-7bc15fe0e2c6,库尔德勇,True,97f656a1-354e-476a-804e-57d7795aa34c,4,4,23,14,7,2,5,38,38,0,17,50.35,59.62,75,8,0,3,1,0,0,1600000.0,410290.0,25.64,15060518.32,A,none,483646.72,0.0,0.0,0.0,0,0.0,17.0,0,0,0,0,0,0,0,0.0
3,cb06dd19-381c-4513-8a9b-17b6e349adde,97bd3ccc-820c-47fd-8ff0-1acbd2dd5b90,水蟒巨蛇,True,5fde7b3c-5169-40e1-b27d-9965e3d15ab1,4,7,12,14,3,3,8,26,30,-4,17,51.06,61.88,71,8,0,4,2,0,0,1600000.0,456895.0,28.56,16662276.4,A,none,338589.1,0.0,0.0,0.0,0,0.0,10.0,0,0,0,0,0,0,0,0.0
3,cb06dd19-381c-4513-8a9b-17b6e349adde,985d0af0-92b6-4101-a859-b4b3ade0c9c4,少林武僧,True,85573765-1fce-4719-b455-9bedb7fc3852,4,7,13,14,3,4,7,28,41,-13,17,49.29,60.5,75,8,0,2,1,0,0,1600000.0,431571.0,26.97,12832187.38,A,none,450086.69,0.0,0.0,0.0,0,0.0,17.0,0,0,0,0,0,0,0,0.0
3,cb06dd19-381c-4513-8a9b-17b6e349adde,98d30838-3492-4b0c-8322-4314995bd393,一千零一夜,True,b6ddea43-79ab-4ac6-959c-3171dbce21ff,1,4,18,14,5,3,6,24,26,-2,17,59.41,70.25,82,9,0,5,1,0,0,4200000.0,904011.0,21.52,30351688.32,A,none,929976.46,0.0,0.0,0.0,0,0.0,15.0,0,0,0,0,0,0,0,0.0
3,cb06dd19-381c-4513-8a9b-17b6e349adde,99300516-f774-4dff-8748-c4f8fa826f46,阿根廷梦,True,f166be2f-3d1b-40e7-b136-d4736138344e,3,8,4,14,1,1,12,21,47,-26,16,54.25,59.88,69,9,0,5,2,0,0,2250000.0,447197.2,19.88,24064280.28,A,none,680765.4,0.0,0.0,0.0,0,0.0,15.0,0,0,0,0,0,0,0,0.0
3,cb06dd19-381c-4513-8a9b-17b6e349adde,998ee0cd-7f64-4845-9225-151320635338,赫塔菲蓝,True,51f4a3d3-c63e-45d9-9e79-c2cad398765f,3,2,24,14,7,3,4,34,20,14,17,55.88,63.38,71,8,0,3,2,1,0,2250000.0,635643.0,28.25,15763943.94,A,none,623307.35,0.0,0.0,0.0,0,0.0,17.0,0,0,0,0,0,0,0,0.0
3,cb06dd19-381c-4513-8a9b-17b6e349adde,99b60819-3bb0-4ea6-a313-e0e25f54fe6b,沙漠商队,True,81e6f8c8-40b9-4a8e-a10f-70349088f131,3,6,17,14,5,2,7,36,41,-5,16,54.81,60.5,69,11,0,4,3,0,0,2250000.0,532768.0,23.68,19742094.86,A,none,404670.18,0.0,0.0,0.0,0,0.0,10.0,0,0,0,0,0,0,0,0.0
3,cb06dd19-381c-4513-8a9b-17b6e349adde,9a5d0d3c-b55b-4916-a8b2-f1259690c986,祖鲁战士,True,7d8f8bff-fe71-4f21-86ef-6e8835d8653d,4,8,12,14,3,3,8,32,39,-7,16,52.69,59.38,69,9,0,4,2,0,0,1600000.0,429891.0,26.87,14170812.58,A,none,313476.59,0.0,0.0,0.0,0,0.0,10.0,0,0,0,0,0,0,0,0.0
3,cb06dd19-381c-4513-8a9b-17b6e349adde,9b967cfb-d53b-40d1-bafa-aa907b8d0163,凯门鳄凶,True,5fde7b3c-5169-40e1-b27d-9965e3d15ab1,4,6,14,14,4,2,8,23,31,-8,17,49.06,57.75,65,8,0,2,1,0,0,1600000.0,437922.0,27.37,13749659.88,A,none,308681.05,0.0,0.0,0.0,0,0.0,10.0,0,0,0,0,0,0,0,0.0
3,cb06dd19-381c-4513-8a9b-17b6e349adde,9bbd18bf-ab3c-443c-9ff6-e552d4f5fef6,蓝军切尔西,True,b3969166-c99e-42ea-989f-ea1a807fbb29,1,2,27,14,9,0,5,39,31,8,16,63.75,70.62,76,6,0,2,1,0,0,4200000.0,1102152.0,26.24,32553526.59,A,none,170019.58,0.0,0.0,0.0,0,0.0,3.0,0,0,0,0,0,0,0,0.0
3,cb06dd19-381c-4513-8a9b-17b6e349adde,9c415d32-dffa-4665-a9dd-71efc490b763,清真寺塔,True,f8c7642e-6116-431e-ab83-cd140737a4aa,2,4,19,14,6,1,7,39,30,9,16,57.0,67.25,71,8,0,1,0,0,0,3100000.0,726146.0,23.42,20734995.27,A,none,730963.18,0.0,0.0,0.0,0,0.0,18.0,0,0,0,0,0,0,0,0.0
3,cb06dd19-381c-4513-8a9b-17b6e349adde,9cd1ad3c-d8fb-4218-a634-2488d4756d21,尼罗河神,True,b6ddea43-79ab-4ac6-959c-3171dbce21ff,1,5,17,14,5,2,7,36,35,1,16,57.31,69.12,78,7,0,2,1,1,0,4200000.0,802236.0,19.1,33009952.04,A,none,640476.41,0.0,0.0,0.0,0,0.0,10.0,0,0,0,0,0,0,0,0.0
3,cb06dd19-381c-4513-8a9b-17b6e349adde,9d7bbfa0-9c00-41c4-a6a5-846ae2fdfac4,阿拉伯舞,True,81e6f8c8-40b9-4a8e-a10f-70349088f131,3,5,17,14,5,2,7,34,30,4,17,53.06,64.0,75,7,0,2,1,0,0,2250000.0,502577.0,22.34,14854816.51,A,none,0.0,0.0,0.0,0.0,0,0.0,0.0,0,0,0,0,0,0,0,0.0
3,cb06dd19-381c-4513-8a9b-17b6e349adde,9d8b1cbe-4b94-4e17-9c47-a4a902b851d7,非洲大象,True,3ef58883-b984-4286-b63c-a994639b1eda,4,6,12,14,3,3,8,11,16,-5,16,52.56,60.0,71,9,0,5,1,0,0,1600000.0,447649.0,27.98,14193639.27,A,none,312346.7,0.0,0.0,0.0,0,0.0,10.0,0,0,0,0,0,0,0,0.0
3,cb06dd19-381c-4513-8a9b-17b6e349adde,9df8fe36-708a-48f0-907f-d29e4b838083,足球精灵,True,29ec03d2-e39d-439b-ace6-9268533123ff,1,3,24,14,7,3,4,46,33,13,17,62.59,72.0,83,9,0,2,1,0,0,4200000.0,1256537.0,29.92,15193774.36,A,none,184618.56,0.0,0.0,0.0,0,0.0,4.0,0,0,0,0,0,0,0,0.0
3,cb06dd19-381c-4513-8a9b-17b6e349adde,a0a40c58-92e7-4ee8-a1bd-d2ea7bfe8908,薛西斯军,True,3bbbf391-d072-458c-b316-23bb079f6409,4,8,7,14,0,7,7,3,19,-16,17,49.76,56.88,75,9,0,3,1,0,0,1600000.0,439659.0,27.48,14087876.44,A,none,312225.69,0.0,0.0,0.0,0,0.0,10.0,0,0,0,0,0,0,0,0.0
3,cb06dd19-381c-4513-8a9b-17b6e349adde,a0c9921b-5fca-46a9-9356-3fc9360e0253,祖母绿光,True,97f656a1-354e-476a-804e-57d7795aa34c,4,5,19,14,6,1,7,28,41,-13,17,48.29,60.5,71,7,0,2,0,0,0,1600000.0,482472.0,30.15,14150199.75,A,none,507060.0,0.0,0.0,0.0,0,0.0,16.0,0,0,0,0,0,0,0,0.0
3,cb06dd19-381c-4513-8a9b-17b6e349adde,a2332c17-c381-4780-b589-94c4f12f1991,克鲁格园,True,1e886f7d-fd94-4c98-96ea-273a8b3a6e29,4,7,15,14,4,3,7,24,37,-13,17,50.12,60.62,76,8,0,4,2,0,0,1600000.0,435078.0,27.19,13634403.79,A,none,268505.33,0.0,0.0,0.0,0,0.0,10.0,0,0,0,0,0,0,0,0.0
3,cb06dd19-381c-4513-8a9b-17b6e349adde,a28c9ba2-440b-487e-bbf2-ccc2d2cfb323,飞驴切沃,True,a7b637f4-f78f-45ee-8aaf-64d9fef172ff,4,4,21,14,6,3,5,33,27,6,16,51.88,60.75,70,6,0,2,0,0,0,1600000.0,437213.0,27.33,13977115.05,A,none,372289.2,0.0,0.0,0.0,0,0.0,12.0,0,0,0,0,0,0,0,0.0
3,cb06dd19-381c-4513-8a9b-17b6e349adde,a4bd10dd-8eb2-4436-af34-ca71729a7606,美因茨红,True,51f4a3d3-c63e-45d9-9e79-c2cad398765f,3,1,25,14,8,1,5,31,25,6,16,52.69,60.38,74,7,0,4,0,0,0,2250000.0,422872.0,18.79,19387932.04,A,none,676123.0,0.0,0.0,0.0,0,0.0,19.0,0,0,0,0,0,0,0,0.0
3,cb06dd19-381c-4513-8a9b-17b6e349adde,a4c7a0b3-a574-48a6-8f5b-e87bf47b17bd,药厂勒沃,True,51f4a3d3-c63e-45d9-9e79-c2cad398765f,3,6,20,14,5,5,4,33,32,1,17,55.18,64.0,71,9,0,5,3,0,0,2250000.0,557749.0,24.79,14068832.72,A,none,103750.85,0.0,0.0,0.0,0,0.0,3.0,0,0,0,0,0,0,0,0.0
3,cb06dd19-381c-4513-8a9b-17b6e349adde,a513e312-2947-41ac-8191-76c13178ef90,沙漠孤鹰,True,80e76669-51ec-4483-90e0-04abceda5702,3,7,16,14,4,4,6,20,34,-14,16,55.94,61.62,70,8,0,2,2,0,0,2250000.0,485322.0,21.57,20282146.27,A,none,0.0,0.0,0.0,0.0,0,0.0,0.0,0,0,0,0,0,0,0,0.0
3,cb06dd19-381c-4513-8a9b-17b6e349adde,a5671302-f5d6-497a-ae3f-c39c2f4eead3,日耳曼战,True,4a15f14c-28e8-4c2f-90de-d5363e91566a,4,6,16,14,5,1,8,21,36,-15,17,53.18,62.5,75,8,0,2,1,0,0,1600000.0,419212.0,26.2,13254865.54,A,none,460802.74,0.0,0.0,0.0,0,0.0,15.0,0,0,0,0,0,0,0,0.0
3,cb06dd19-381c-4513-8a9b-17b6e349adde,a729c9b9-d105-471a-bb71-ffd3bf626fbf,麒麟踏云,True,063f8474-c0c2-42ac-a632-72dd33d2156d,4,5,17,14,5,2,7,13,23,-10,17,53.29,62.0,67,7,0,2,0,0,0,1600000.0,525558.0,32.85,13999003.95,A,none,325933.75,0.0,0.0,0.0,0,0.0,12.0,0,0,0,0,0,0,0,0.0
3,cb06dd19-381c-4513-8a9b-17b6e349adde,a77b1305-eb69-4e84-a3b0-a68c1ed073e5,红魔曼联,True,b3969166-c99e-42ea-989f-ea1a807fbb29,1,7,15,14,5,0,9,23,31,-8,17,60.18,72.0,84,6,0,1,0,0,0,4200000.0,1137509.0,27.08,31302309.5,A,none,625587.86,0.0,0.0,0.0,0,0.0,10.0,0,0,0,0,0,0,0,0.0
3,cb06dd19-381c-4513-8a9b-17b6e349adde,a7997283-358e-4c86-bb5c-1bbe865b736a,农场主富勒,True,b3969166-c99e-42ea-989f-ea1a807fbb29,1,1,27,14,9,0,5,40,30,10,16,61.19,70.5,78,9,0,4,2,1,0,4200000.0,886917.0,21.12,25966151.96,A,none,854626.22,0.0,0.0,0.0,0,0.0,17.0,0,0,0,0,0,0,0,0.0
3,cb06dd19-381c-4513-8a9b-17b6e349adde,a8b4d912-316d-4247-a375-5237b6dd9517,青龙偃月,True,359be255-59cf-483b-ab1f-c339c2748d5c,1,3,31,14,10,1,3,37,24,13,17,61.71,69.75,79,10,0,3,1,0,0,4200000.0,986267.0,23.48,31764644.53,A,none,784421.1,0.0,0.0,0.0,0,0.0,14.0,0,0,0,0,0,0,0,0.0
3,cb06dd19-381c-4513-8a9b-17b6e349adde,a8daeebf-77a6-467b-af74-82520b31d1df,食蚁兽长,True,301a517b-11a1-45d9-81ce-e81905974e60,3,3,27,14,8,3,3,50,40,10,16,54.56,61.12,71,7,0,1,0,0,0,2250000.0,485392.0,21.57,15066071.58,A,none,152840.2,0.0,0.0,0.0,0,0.0,5.0,0,0,0,0,0,0,0,0.0
3,cb06dd19-381c-4513-8a9b-17b6e349adde,a8f5236d-ed25-4d79-9fbc-2a6e237590f4,阿里巴巴,True,f6846932-f050-4653-9ecf-52a00fe9cb8b,4,4,23,14,7,2,5,31,26,5,16,47.19,59.12,78,7,0,1,1,0,0,1600000.0,477447.0,29.84,13849336.57,A,none,30986.41,0.0,0.0,0.0,0,0.0,1.0,0,0,0,0,0,0,0,0.0
3,cb06dd19-381c-4513-8a9b-17b6e349adde,a9abf299-7238-49ce-9147-f3a64cc2ce1b,公牛都灵,True,a7b637f4-f78f-45ee-8aaf-64d9fef172ff,4,7,14,14,4,2,8,32,47,-15,16,52.5,59.75,72,10,0,5,3,0,0,1600000.0,371199.1,23.2,13438027.88,A,none,556541.17,0.0,0.0,0.0,0,0.0,18.0,0,0,0,0,0,0,0,0.0
3,cb06dd19-381c-4513-8a9b-17b6e349adde,a9b5b0e7-7b38-4883-8a10-f08b6e204fd0,狼堡沃尔夫,True,4a15f14c-28e8-4c2f-90de-d5363e91566a,4,8,9,14,2,3,9,17,32,-15,17,49.82,60.12,76,7,0,3,0,0,0,1600000.0,525103.0,32.82,13641227.0,A,none,499892.06,0.0,0.0,0.0,0,0.0,16.0,0,0,0,0,0,0,0,0.0
3,cb06dd19-381c-4513-8a9b-17b6e349adde,a9e2ee7c-196e-406b-8a61-7a12de641391,猫眼石闪,True,5a1305b1-6c9f-466f-90ba-497869aec914,4,1,27,14,8,3,3,38,26,12,17,53.59,63.38,75,10,0,6,3,0,0,1600000.0,582591.0,36.41,14627851.68,A,none,317848.53,0.0,0.0,0.0,0,0.0,10.0,0,0,0,0,0,0,0,0.0
3,cb06dd19-381c-4513-8a9b-17b6e349adde,aac28b58-decc-4ebb-b817-1a1b4b7ed73a,阿拉维斯,True,4a15f14c-28e8-4c2f-90de-d5363e91566a,4,7,15,14,3,6,5,15,19,-4,17,58.41,65.75,74,8,0,4,3,0,0,1600000.0,567099.0,35.44,19149275.55,A,none,97596.27,0.0,0.0,0.0,0,0.0,3.0,0,0,0,0,0,0,0,0.0
3,cb06dd19-381c-4513-8a9b-17b6e349adde,aadbd3a9-b5b8-40b3-bc10-fa7795c32060,蜜蜂布伦特,True,7c131cbb-9f4f-4a27-acc5-3d703d63275b,2,6,19,14,6,1,7,17,16,1,17,61.65,67.88,75,9,0,2,1,0,0,3100000.0,997823.0,32.19,25536938.3,A,none,225828.34,0.0,0.0,0.0,0,0.0,5.0,0,0,0,0,0,0,0,0.0
3,cb06dd19-381c-4513-8a9b-17b6e349adde,ad25703e-0053-415e-8523-0d2730ac9365,狼队伍尔弗,True,7c131cbb-9f4f-4a27-acc5-3d703d63275b,2,5,20,14,6,2,6,27,29,-2,17,60.59,67.88,73,9,0,4,0,0,0,3100000.0,670079.0,21.62,24586118.09,A,none,903341.41,0.0,0.0,0.0,0,0.0,18.0,0,0,0,0,0,0,0,0.0
3,cb06dd19-381c-4513-8a9b-17b6e349adde,ad44aa92-5680-4336-b85b-25d37bcc796f,大黄蜂多,True,4a15f14c-28e8-4c2f-90de-d5363e91566a,4,4,20,14,6,2,6,30,30,0,16,53.62,61.5,73,5,0,0,0,0,0,1600000.0,520285.0,32.52,14546602.36,A,none,276575.34,0.0,0.0,0.0,0,0.0,10.0,0,0,0,0,0,0,0,0.0
3,cb06dd19-381c-4513-8a9b-17b6e349adde,ae6dc05a-edf4-460a-8f15-00a7210e38db,老鹰水晶宫,True,b3969166-c99e-42ea-989f-ea1a807fbb29,1,8,14,14,4,2,8,33,43,-10,16,62.31,69.62,79,7,0,3,0,0,0,4200000.0,886912.0,21.12,43191972.54,A,none,222982.79,0.0,0.0,0.0,0,0.0,3.0,0,0,0,0,0,0,0,0.0
3,cb06dd19-381c-4513-8a9b-17b6e349adde,ae87bcfc-d77a-4910-8d64-9fc17100da25,角马迁徙,True,3ef58883-b984-4286-b63c-a994639b1eda,4,3,24,14,7,3,4,29,14,15,16,49.69,58.25,66,5,0,0,0,0,0,1600000.0,468964.0,29.31,14182502.85,A,none,124937.79,0.0,0.0,0.0,0,0.0,4.0,0,0,0,0,0,0,0,0.0
3,cb06dd19-381c-4513-8a9b-17b6e349adde,af0a19de-6d42-4cff-8708-16eb0a12603c,马略卡岛,True,c88d210b-d92c-4ca6-b6ae-dbcbd50db99f,4,5,18,14,5,3,6,32,36,-4,17,49.29,57.25,63,11,0,5,2,1,0,1600000.0,446649.5,27.92,19083202.62,A,none,515301.84,0.0,0.0,0.0,0,0.0,14.0,0,0,0,0,0,0,0,0.0
3,cb06dd19-381c-4513-8a9b-17b6e349adde,b04ea948-66e6-4998-863f-bcbc9927f0c7,食人鱼群,True,5fde7b3c-5169-40e1-b27d-9965e3d15ab1,4,3,22,14,6,4,4,42,31,11,17,51.35,60.62,69,6,0,2,0,0,0,1600000.0,421224.0,26.33,13589100.45,A,none,403057.92,0.0,0.0,0.0,0,0.0,15.0,0,0,0,0,0,0,0,0.0
3,cb06dd19-381c-4513-8a9b-17b6e349adde,b324d8ce-d613-460e-87db-74ad94d92d35,枪手兵工厂,True,b3969166-c99e-42ea-989f-ea1a807fbb29,1,3,22,14,7,1,6,37,35,2,16,60.56,70.25,76,9,0,2,2,0,0,4200000.0,858549.0,20.44,31652467.0,A,none,1141188.11,0.0,0.0,0.0,0,0.0,18.0,0,0,0,0,0,0,0,0.0
3,cb06dd19-381c-4513-8a9b-17b6e349adde,b4107dca-e269-4f3a-8ab1-a36b3e309113,红军利物浦,True,7c131cbb-9f4f-4a27-acc5-3d703d63275b,2,2,23,14,7,2,5,19,14,5,16,62.88,69.25,76,8,0,3,0,0,0,3100000.0,924703.0,29.83,31025568.47,A,none,912800.34,0.0,0.0,0.0,0,0.0,16.0,0,0,0,0,0,0,0,0.0
3,cb06dd19-381c-4513-8a9b-17b6e349adde,b4921016-e7cb-4a6a-b6b1-be4c5a053f7b,青云直上,True,978840be-6c69-4b6c-91b2-03a6e1e7fde3,4,2,24,14,7,3,4,27,19,8,17,52.35,63.88,74,5,0,3,1,0,0,1600000.0,470710.0,29.42,13297724.26,A,none,491126.93,0.0,0.0,0.0,0,0.0,16.0,0,0,0,0,0,0,0,0.0
3,cb06dd19-381c-4513-8a9b-17b6e349adde,b60163ef-97d5-4976-8fed-85ae5dfc5b3f,塞尔塔天,True,51f4a3d3-c63e-45d9-9e79-c2cad398765f,3,3,24,14,7,3,4,34,31,3,17,59.35,70.38,76,6,0,2,1,0,0,2250000.0,846174.0,37.61,20582979.2,A,none,741278.42,0.0,0.0,0.0,0,0.0,18.0,0,0,0,0,0,0,0,0.0
3,cb06dd19-381c-4513-8a9b-17b6e349adde,b6d8396d-19f1-4386-88e0-93a3818eef4a,斑马条纹,True,3ef58883-b984-4286-b63c-a994639b1eda,4,1,34,14,11,1,2,36,19,17,17,52.0,61.0,70,7,0,2,0,0,0,1600000.0,483723.0,30.23,13153556.25,A,none,491084.11,0.0,0.0,0.0,0,0.0,16.0,0,0,0,0,0,0,0,0.0
3,cb06dd19-381c-4513-8a9b-17b6e349adde,b6dd5442-7f02-480a-9abd-e47600d0cfe6,金石为开,True,85573765-1fce-4719-b455-9bedb7fc3852,4,5,20,14,5,5,4,24,26,-2,17,53.35,62.0,73,8,0,3,1,0,0,1600000.0,526329.0,32.9,14863147.06,A,none,280257.05,0.0,0.0,0.0,0,0.0,10.0,0,0,0,0,0,0,0,0.0
3,cb06dd19-381c-4513-8a9b-17b6e349adde,b757ce5d-d52d-4f60-93fe-8f5613340a47,乌拉圭牛,True,525cb008-853b-4a8e-9d81-87146fae5cde,2,7,9,14,2,3,9,23,43,-20,16,55.25,62.12,78,5,0,1,1,0,0,3100000.0,578053.0,18.65,20316686.64,A,none,565420.67,0.0,0.0,0.0,0,0.0,14.0,0,0,0,0,0,0,0,0.0
3,cb06dd19-381c-4513-8a9b-17b6e349adde,b77ab317-4751-4e3a-aca1-21cad5ef5341,狂熊撼地,True,063f8474-c0c2-42ac-a632-72dd33d2156d,4,4,17,14,4,5,5,23,18,5,17,55.18,63.88,71,7,0,4,1,0,0,1600000.0,549756.0,34.36,14289737.41,A,none,314278.48,0.0,0.0,0.0,0,0.0,10.0,0,0,0,0,0,0,0,0.0
3,cb06dd19-381c-4513-8a9b-17b6e349adde,b9010125-c177-46f0-ac56-eda4ec51d4f8,红尘滚滚,True,978840be-6c69-4b6c-91b2-03a6e1e7fde3,4,7,13,14,2,7,5,15,22,-7,16,53.38,64.12,76,8,0,3,2,0,0,1600000.0,430420.0,26.9,13590305.94,A,none,529597.31,0.0,0.0,0.0,0,0.0,17.0,0,0,0,0,0,0,0,0.0
3,cb06dd19-381c-4513-8a9b-17b6e349adde,b9155ad9-e3b9-436a-af60-85e08ee184d9,钢铁柏林,True,7c131cbb-9f4f-4a27-acc5-3d703d63275b,2,3,21,14,7,0,7,33,35,-2,16,53.88,64.5,75,6,0,0,0,0,0,3100000.0,546631.0,17.63,15128000.69,A,none,644483.22,0.0,0.0,0.0,0,0.0,16.0,0,0,0,0,0,0,0,0.0
3,cb06dd19-381c-4513-8a9b-17b6e349adde,bc4fdf86-d4fc-406e-b527-32b06cd5f360,印加帝国,True,301a517b-11a1-45d9-81ce-e81905974e60,3,4,24,14,6,6,2,34,31,3,17,55.0,63.75,74,8,0,2,1,0,0,2250000.0,669792.0,29.77,19765889.89,A,none,177863.97,0.0,0.0,0.0,0,0.0,5.0,0,0,0,0,0,0,0,0.0
3,cb06dd19-381c-4513-8a9b-17b6e349adde,bca64a9c-5aa4-4b59-a840-dccca22ca4ec,美洲豹王,True,5fde7b3c-5169-40e1-b27d-9965e3d15ab1,4,2,28,14,8,4,2,33,21,12,16,55.5,63.5,75,7,0,2,0,0,0,1600000.0,498722.0,31.17,14297204.87,A,none,269980.56,0.0,0.0,0.0,0,0.0,10.0,0,0,0,0,0,0,0,0.0
3,cb06dd19-381c-4513-8a9b-17b6e349adde,be2cac80-28c9-42b2-b208-fe897bc8bf38,紫电鹰扬,True,80e76669-51ec-4483-90e0-04abceda5702,3,2,25,14,8,1,5,31,26,5,16,56.19,65.38,73,7,0,1,0,0,0,2250000.0,646777.0,28.75,20654101.81,A,none,362415.87,0.0,0.0,0.0,0,0.0,10.0,0,0,0,0,0,0,0,0.0
3,cb06dd19-381c-4513-8a9b-17b6e349adde,bff686b7-f43b-4ee6-ab47-65f08e42f3e7,闪电杰尼,False,359be255-59cf-483b-ab1f-c339c2748d5c,1,8,6,14,1,3,10,17,54,-37,14,53.07,63.0,78,0,0,0,0,0,0,4200000.0,799758.0,19.04,31999048.22,A,none,631099.05,0.0,0.0,0.0,0,0.0,10.0,0,0,0,0,0,0,0,0.0
3,cb06dd19-381c-4513-8a9b-17b6e349adde,c2e849d6-e49c-42a2-aded-da25324efa95,潘帕斯草,True,525cb008-853b-4a8e-9d81-87146fae5cde,2,2,30,14,9,3,2,46,31,15,16,61.38,69.88,81,8,0,1,1,0,0,3100000.0,862156.0,27.81,25451244.51,A,none,504805.22,0.0,0.0,0.0,0,0.0,10.0,0,0,0,0,0,0,0,0.0
3,cb06dd19-381c-4513-8a9b-17b6e349adde,c3a306c8-0370-4557-b17a-8cdc9b246873,金毛狮王,True,984e1619-0888-4e41-8645-d8265a23e11a,4,2,24,14,7,3,4,31,23,8,16,52.5,62.38,69,7,0,3,1,0,0,1600000.0,429987.0,26.87,19868302.79,A,none,65399.13,0.0,0.0,0.0,0,0.0,2.0,0,0,0,0,0,0,0,0.0
3,cb06dd19-381c-4513-8a9b-17b6e349adde,c567348e-56d2-41b5-b3bf-f12c1877cf25,绿茵魔术师,True,29ec03d2-e39d-439b-ace6-9268533123ff,1,5,19,14,5,4,5,25,22,3,16,63.0,72.0,80,7,0,1,1,0,0,4200000.0,923977.0,22.0,34216371.33,A,none,587208.84,0.0,0.0,0.0,0,0.0,10.0,0,0,0,0,0,0,0,0.0
3,cb06dd19-381c-4513-8a9b-17b6e349adde,c5695aa8-498f-413e-b73b-3d10e4c4ffff,蝙蝠军团,True,7c131cbb-9f4f-4a27-acc5-3d703d63275b,2,7,16,14,4,4,6,26,33,-7,17,59.94,66.88,77,8,0,2,1,0,0,3100000.0,843904.0,27.22,19854669.0,A,none,449892.73,0.0,0.0,0.0,0,0.0,10.0,0,0,0,0,0,0,0,0.0
3,cb06dd19-381c-4513-8a9b-17b6e349adde,c866a5c5-bf7f-4657-927d-b32818896bd3,马赛勇士,True,7d8f8bff-fe71-4f21-86ef-6e8835d8653d,4,1,31,14,10,1,3,51,30,21,17,54.71,65.75,72,5,0,2,0,0,0,1600000.0,598114.0,37.38,14394191.24,A,none,414835.36,0.0,0.0,0.0,0,0.0,15.0,0,0,0,0,0,0,0,0.0
3,cb06dd19-381c-4513-8a9b-17b6e349adde,c8c72df5-e356-4b13-8e8f-ec88b7674dd2,紫百合佛,True,e223266b-c6e0-4a6a-a563-2102a14329cc,4,3,20,14,5,5,4,10,9,1,16,53.94,61.12,73,9,0,6,2,0,0,1600000.0,385042.0,24.07,14182182.61,A,none,439886.14,0.0,0.0,0.0,0,0.0,16.0,0,0,0,0,0,0,0,0.0
3,cb06dd19-381c-4513-8a9b-17b6e349adde,c9103d51-f0d0-4508-bbbc-cd0e215b80cb,三狮军团,True,b3969166-c99e-42ea-989f-ea1a807fbb29,1,5,20,14,6,2,6,22,21,1,16,60.31,73.75,80,7,0,1,0,0,0,4200000.0,1092549.0,26.01,32006433.77,A,none,974296.59,0.0,0.0,0.0,0,0.0,17.0,0,0,0,0,0,0,0,0.0
3,cb06dd19-381c-4513-8a9b-17b6e349adde,c94a55b6-39c8-4129-81c7-f3b325e407be,沙漠之舟,True,81e6f8c8-40b9-4a8e-a10f-70349088f131,3,8,8,14,2,2,10,20,41,-21,16,53.19,60.75,76,9,0,3,1,0,0,2250000.0,465738.0,20.7,19611315.27,A,none,570835.89,0.0,0.0,0.0,0,0.0,14.0,0,0,0,0,0,0,0,0.0
3,cb06dd19-381c-4513-8a9b-17b6e349adde,c9dd425d-59a1-4fa5-83c9-4b7ce2f7f429,巴塔哥尼,True,29ec03d2-e39d-439b-ace6-9268533123ff,1,4,21,14,7,0,7,41,35,6,16,59.56,67.88,83,7,0,0,0,0,0,4200000.0,868652.0,20.68,27663667.77,A,none,516206.0,0.0,0.0,0.0,0,0.0,10.0,0,0,0,0,0,0,0,0.0
3,cb06dd19-381c-4513-8a9b-17b6e349adde,cce953b5-24b2-4111-b169-c7ee24250baa,塞维利业,True,a7b637f4-f78f-45ee-8aaf-64d9fef172ff,4,1,30,14,9,3,2,48,23,25,17,54.88,64.12,73,6,0,3,1,0,0,1600000.0,659253.0,41.2,20187102.53,A,none,99156.1,0.0,0.0,0.0,0,0.0,3.0,0,0,0,0,0,0,0,0.0
3,cb06dd19-381c-4513-8a9b-17b6e349adde,ced36a6a-ff76-4d6e-b530-155bef975c6f,纳斯卡线,True,1e886f7d-fd94-4c98-96ea-273a8b3a6e29,4,1,24,14,7,3,4,40,23,17,17,57.12,65.62,74,8,0,2,2,0,0,1600000.0,658725.0,41.17,19225668.0,A,none,685088.82,0.0,0.0,0.0,0,0.0,21.0,0,0,0,0,0,0,0,0.0
3,cb06dd19-381c-4513-8a9b-17b6e349adde,cf38b978-2024-45a7-8f20-99dfe99fa0b8,格拉纳达,True,51f4a3d3-c63e-45d9-9e79-c2cad398765f,3,4,22,14,7,1,6,31,27,4,17,56.53,65.38,74,8,0,4,1,0,0,2250000.0,693130.0,30.81,19777929.68,A,none,355321.55,0.0,0.0,0.0,0,0.0,10.0,0,0,0,0,0,0,0,0.0
3,cb06dd19-381c-4513-8a9b-17b6e349adde,cfbaab7e-1b94-4a03-b11d-ffe126ca94ae,刚果雨林,True,1e886f7d-fd94-4c98-96ea-273a8b3a6e29,4,8,14,14,4,2,8,29,40,-11,17,49.53,61.0,73,10,0,6,1,0,0,1600000.0,479711.4,29.98,13985976.31,A,none,534235.38,0.0,0.0,0.0,0,0.0,17.0,0,0,0,0,0,0,0,0.0
3,cb06dd19-381c-4513-8a9b-17b6e349adde,d05a7cac-77cc-4fa9-8eba-d3db36881a4f,矿工沙尔,True,c88d210b-d92c-4ca6-b6ae-dbcbd50db99f,4,2,26,14,8,2,4,30,24,6,16,49.94,58.12,73,9,0,3,2,0,0,1600000.0,440659.0,27.54,14632012.77,A,none,316952.06,0.0,0.0,0.0,0,0.0,10.0,0,0,0,0,0,0,0,0.0
3,cb06dd19-381c-4513-8a9b-17b6e349adde,d1528662-c97b-4af7-ab2f-e98b795cdda4,斯图加特,True,c88d210b-d92c-4ca6-b6ae-dbcbd50db99f,4,8,15,14,4,3,7,31,45,-14,17,49.35,60.25,72,8,0,3,1,0,0,1600000.0,439062.0,27.44,14282357.85,A,none,314282.73,0.0,0.0,0.0,0,0.0,10.0,0,0,0,0,0,0,0,0.0
3,cb06dd19-381c-4513-8a9b-17b6e349adde,d1c0d939-c777-4a8e-b87d-ede88c6e6abe,火狼焚原,True,21145133-3f98-4f16-a80a-28ea1a3c0858,3,6,14,14,4,2,8,29,42,-13,16,55.88,63.88,76,7,0,2,1,0,0,2250000.0,624779.0,27.77,18805317.05,A,none,601273.04,0.0,0.0,0.0,0,0.0,15.0,0,0,0,0,0,0,0,0.0
3,cb06dd19-381c-4513-8a9b-17b6e349adde,d20dd201-3871-43d1-afee-f407f87659b4,居鲁士帝,True,3bbbf391-d072-458c-b316-23bb079f6409,4,3,23,14,7,2,5,27,17,10,16,51.62,59.38,72,9,0,3,1,0,0,1600000.0,418267.0,26.14,14189850.76,A,none,468438.6,0.0,0.0,0.0,0,0.0,15.0,0,0,0,0,0,0,0,0.0
3,cb06dd19-381c-4513-8a9b-17b6e349adde,d3286bd6-52f2-4571-afb5-cd2c361ab8ab,阿拉丁灯,True,f6846932-f050-4653-9ecf-52a00fe9cb8b,4,3,24,14,7,3,4,18,14,4,16,57.19,68.5,76,6,0,2,2,0,0,1600000.0,595634.0,37.23,16503241.63,A,none,290898.64,0.0,0.0,0.0,0,0.0,10.0,0,0,0,0,0,0,0,0.0
3,cb06dd19-381c-4513-8a9b-17b6e349adde,d3b66902-aa7c-408c-a3a8-2343ebc9cbe0,犀牛冲撞,True,063f8474-c0c2-42ac-a632-72dd33d2156d,4,8,6,14,1,3,10,12,33,-21,17,48.35,59.12,72,10,0,5,2,0,0,1600000.0,413111.0,25.82,13984825.16,A,none,566210.49,0.0,0.0,0.0,0,0.0,18.0,0,0,0,0,0,0,0,0.0
3,cb06dd19-381c-4513-8a9b-17b6e349adde,d4b06680-c802-4b4f-8fd1-33bea289ade2,西海金龙,True,ed56aff1-b86b-4206-ba6f-d1c1d0ead9ca,2,8,8,14,2,2,10,24,37,-13,17,62.59,71.12,78,8,0,2,1,0,0,3100000.0,1006651.0,32.47,29524026.6,A,none,0.0,0.0,0.0,0.0,0,0.0,0.0,0,0,0,0,0,0,0,0.0
3,cb06dd19-381c-4513-8a9b-17b6e349adde,d69d7488-960a-4778-a79c-a0330172ef4a,绿白贝蒂,True,51f4a3d3-c63e-45d9-9e79-c2cad398765f,3,5,20,14,5,5,4,20,17,3,17,55.47,65.38,80,8,0,3,1,0,0,2250000.0,773989.0,34.4,19979897.93,A,none,407259.08,0.0,0.0,0.0,0,0.0,10.0,0,0,0,0,0,0,0,0.0
3,cb06dd19-381c-4513-8a9b-17b6e349adde,d871b731-c80d-4872-b5b2-59a8a7b126ee,圣保罗彩,True,f166be2f-3d1b-40e7-b136-d4736138344e,3,6,18,14,5,3,6,28,36,-8,17,56.24,64.0,72,8,0,3,1,0,0,2250000.0,598019.0,26.58,19488477.62,A,none,120621.1,0.0,0.0,0.0,0,0.0,3.0,0,0,0,0,0,0,0,0.0
3,cb06dd19-381c-4513-8a9b-17b6e349adde,d89a5197-5cc5-4e06-971e-c198e16e5d18,桑布露族,True,7d8f8bff-fe71-4f21-86ef-6e8835d8653d,4,4,18,14,5,3,6,17,19,-2,16,51.06,58.75,75,7,0,3,2,0,0,1600000.0,425464.0,26.59,13139393.28,A,none,428711.51,0.0,0.0,0.0,0,0.0,14.0,0,0,0,0,0,0,0,0.0
3,cb06dd19-381c-4513-8a9b-17b6e349adde,da33e4ad-66d5-433e-93ba-366a9c2daf3f,非洲野牛,True,3ef58883-b984-4286-b63c-a994639b1eda,4,8,10,14,3,1,10,23,45,-22,17,48.94,58.75,69,10,0,4,2,0,0,1600000.0,447877.0,27.99,13134799.11,A,none,403917.84,0.0,0.0,0.0,0,0.0,15.0,0,0,0,0,0,0,0,0.0
3,cb06dd19-381c-4513-8a9b-17b6e349adde,da7e1fb6-644f-4f12-ac90-d8a9cf2d9645,真蓝黑亚,True,a7b637f4-f78f-45ee-8aaf-64d9fef172ff,4,3,22,14,7,1,6,43,39,4,16,55.06,64.75,72,8,0,2,0,0,0,1600000.0,580013.0,36.25,13997294.51,A,none,311117.12,0.0,0.0,0.0,0,0.0,10.0,0,0,0,0,0,0,0,0.0
3,cb06dd19-381c-4513-8a9b-17b6e349adde,de554813-103d-4ab7-a7b0-030d80a26303,阿拉伯军,True,97f656a1-354e-476a-804e-57d7795aa34c,4,8,7,14,1,4,9,21,41,-20,17,51.76,59.88,68,8,0,3,2,0,0,1600000.0,398404.0,24.9,13434986.08,A,none,556873.42,0.0,0.0,0.0,0,0.0,18.0,0,0,0,0,0,0,0,0.0
3,cb06dd19-381c-4513-8a9b-17b6e349adde,de838a52-9057-4623-a707-fd29fd23e02c,霍村霍芬,True,c88d210b-d92c-4ca6-b6ae-dbcbd50db99f,4,4,18,14,5,3,6,38,27,11,16,50.0,58.62,75,8,0,3,1,0,0,1600000.0,450896.0,28.18,13818580.11,A,none,437228.52,0.0,0.0,0.0,0,0.0,14.0,0,0,0,0,0,0,0,0.0
3,cb06dd19-381c-4513-8a9b-17b6e349adde,df0c3811-9f00-451e-bd0a-4d22f839f910,红狼罗马,True,a7b637f4-f78f-45ee-8aaf-64d9fef172ff,4,8,10,14,3,1,10,36,58,-22,17,51.41,58.12,65,7,0,2,1,0,0,1600000.0,456605.0,28.54,14023418.81,A,none,311700.52,0.0,0.0,0.0,0,0.0,10.0,0,0,0,0,0,0,0,0.0
3,cb06dd19-381c-4513-8a9b-17b6e349adde,df0cf5b2-3259-4822-b945-261c54e430ba,红牛莱比,True,4a15f14c-28e8-4c2f-90de-d5363e91566a,4,1,30,14,9,3,2,53,22,31,17,54.59,65.0,74,7,0,3,2,0,0,1600000.0,544355.0,34.02,13580075.31,A,none,467505.11,0.0,0.0,0.0,0,0.0,15.0,0,0,0,0,0,0,0,0.0
3,cb06dd19-381c-4513-8a9b-17b6e349adde,df29d5d7-141c-470c-b226-c2c18994aa4b,蓝鹰拉齐,True,e223266b-c6e0-4a6a-a563-2102a14329cc,4,6,16,14,5,1,8,22,26,-4,17,54.12,61.62,71,6,0,2,1,0,0,1600000.0,427888.0,26.74,15853341.84,A,none,440285.69,0.0,0.0,0.0,0,0.0,15.0,0,0,0,0,0,0,0,0.0
3,cb06dd19-381c-4513-8a9b-17b6e349adde,e0c9eea6-67ef-4e89-adff-55007cad963b,撒丁岛卡,True,a7b637f4-f78f-45ee-8aaf-64d9fef172ff,4,6,16,14,4,4,6,34,44,-10,16,49.56,61.0,74,7,0,2,1,0,0,1600000.0,432173.0,27.01,14025633.69,A,none,312100.76,0.0,0.0,0.0,0,0.0,10.0,0,0,0,0,0,0,0,0.0
3,cb06dd19-381c-4513-8a9b-17b6e349adde,e1027b61-123f-401b-b628-e0b3a79eaea6,阿散蒂金,True,7d8f8bff-fe71-4f21-86ef-6e8835d8653d,4,5,17,14,5,2,7,31,33,-2,16,53.19,66.12,78,4,0,2,1,0,0,1600000.0,501976.0,31.37,14036816.79,A,none,62400.14,0.0,0.0,0.0,0,0.0,2.0,0,0,0,0,0,0,0,0.0
3,cb06dd19-381c-4513-8a9b-17b6e349adde,e1c28409-400e-4cae-b1a2-bf81ab44ac90,拉普拉塔,True,525cb008-853b-4a8e-9d81-87146fae5cde,2,6,15,14,4,3,7,27,30,-3,16,56.19,64.88,76,11,0,4,1,0,0,3100000.0,816401.05,26.34,25486369.17,A,none,821477.39,0.0,0.0,0.0,0,0.0,16.0,0,0,0,0,0,0,0,0.0
3,cb06dd19-381c-4513-8a9b-17b6e349adde,e1ee3921-d9a9-48ce-a389-3fa4d0dcbf50,草原战狼,True,ed56aff1-b86b-4206-ba6f-d1c1d0ead9ca,2,6,18,14,5,3,6,24,32,-8,17,57.65,65.5,71,10,0,3,2,0,0,3100000.0,793551.0,25.6,19400044.65,A,none,676254.66,0.0,0.0,0.0,0,0.0,15.0,0,0,0,0,0,0,0,0.0
3,cb06dd19-381c-4513-8a9b-17b6e349adde,e5e69a4d-63f0-4e62-addb-b51923c6289b,巴斯克雄,True,4a15f14c-28e8-4c2f-90de-d5363e91566a,4,5,16,14,4,4,6,15,24,-9,17,57.12,65.25,75,8,0,2,0,0,0,1600000.0,568133.0,35.51,19126403.57,A,none,590826.35,0.0,0.0,0.0,0,0.0,16.0,0,0,0,0,0,0,0,0.0
3,cb06dd19-381c-4513-8a9b-17b6e349adde,e5f8b687-80b4-4e5b-9398-0f67c674604a,绿洲明珠,True,b6ddea43-79ab-4ac6-959c-3171dbce21ff,1,7,13,14,3,4,7,4,22,-18,17,59.06,65.25,71,7,0,1,1,0,0,4200000.0,800825.0,19.07,31268905.86,A,none,623365.2,0.0,0.0,0.0,0,0.0,10.0,0,0,0,0,0,0,0,0.0
3,cb06dd19-381c-4513-8a9b-17b6e349adde,e6003d82-a938-4dc4-864c-b63501f2ae70,尼罗河源,True,301a517b-11a1-45d9-81ce-e81905974e60,3,1,33,14,10,3,1,48,34,14,16,55.69,65.75,76,7,0,3,1,0,0,2250000.0,624186.0,27.74,15174848.72,A,none,121788.3,0.0,0.0,0.0,0,0.0,4.0,0,0,0,0,0,0,0,0.0
3,cb06dd19-381c-4513-8a9b-17b6e349adde,e8069429-7f4a-4735-a309-c9f73c6a9942,能源霸主,True,f8c7642e-6116-431e-ab83-cd140737a4aa,2,3,20,14,6,2,6,24,28,-4,16,58.69,67.5,73,5,0,0,0,0,0,3100000.0,857156.0,27.65,24817456.8,A,none,760927.33,0.0,0.0,0.0,0,0.0,15.0,0,0,0,0,0,0,0,0.0
3,cb06dd19-381c-4513-8a9b-17b6e349adde,e87b425e-c078-458e-8712-5812eb2007cd,赤龙焚天,True,359be255-59cf-483b-ab1f-c339c2748d5c,1,1,34,14,11,1,2,64,20,44,16,64.0,74.62,79,7,0,2,1,0,0,4200000.0,1048755.0,24.97,32266962.44,A,none,693304.25,0.0,0.0,0.0,0,0.0,11.0,0,0,0,0,0,0,0,0.0
3,cb06dd19-381c-4513-8a9b-17b6e349adde,e94e5257-ab68-4ad7-847b-1173ce6578be,图西胡图,True,7d8f8bff-fe71-4f21-86ef-6e8835d8653d,4,6,16,14,5,1,8,26,33,-7,17,50.53,62.12,70,8,0,4,2,0,0,1600000.0,437142.0,27.32,14782504.22,A,none,318684.85,0.0,0.0,0.0,0,0.0,10.0,0,0,0,0,0,0,0,0.0
3,cb06dd19-381c-4513-8a9b-17b6e349adde,e9dd35ad-da38-4f78-8495-797e678b3c20,香料之路,True,f6846932-f050-4653-9ecf-52a00fe9cb8b,4,7,13,14,3,4,7,19,26,-7,16,54.31,62.0,71,7,0,4,2,0,0,1600000.0,381826.0,23.86,13562223.63,A,none,496844.35,0.0,0.0,0.0,0,0.0,16.0,0,0,0,0,0,0,0,0.0
3,cb06dd19-381c-4513-8a9b-17b6e349adde,eb2f1e87-4901-4c3f-93e5-4bc8a6a03f06,土耳其近,True,97f656a1-354e-476a-804e-57d7795aa34c,4,7,11,14,3,2,9,7,22,-15,17,47.71,59.12,73,6,0,2,0,0,0,1600000.0,410727.0,25.67,13375993.29,A,none,493960.63,0.0,0.0,0.0,0,0.0,16.0,0,0,0,0,0,0,0,0.0
3,cb06dd19-381c-4513-8a9b-17b6e349adde,ed5c6eb4-7eaa-4484-8711-9333b2d11b16,波斯地毯,True,3bbbf391-d072-458c-b316-23bb079f6409,4,1,26,14,8,2,4,25,21,4,17,54.06,64.62,77,8,0,5,1,0,0,1600000.0,611310.0,38.21,17365845.35,A,none,491775.09,0.0,0.0,0.0,0,0.0,16.0,0,0,0,0,0,0,0,0.0
3,cb06dd19-381c-4513-8a9b-17b6e349adde,eeb45694-9f5a-4bb9-ab06-6b9b79d06670,紫电龙骑,True,359be255-59cf-483b-ab1f-c339c2748d5c,1,7,9,14,2,3,9,13,27,-14,16,58.94,68.25,84,8,0,1,1,0,0,4200000.0,1061034.0,25.26,30791673.1,A,none,940249.79,0.0,0.0,0.0,0,0.0,15.0,0,0,0,0,0,0,0,0.0
3,cb06dd19-381c-4513-8a9b-17b6e349adde,f040b65b-6bca-4d22-8209-5db13b34e775,探戈情人,True,301a517b-11a1-45d9-81ce-e81905974e60,3,8,4,14,1,1,12,11,33,-22,17,57.18,64.25,73,10,0,4,2,0,0,2250000.0,720318.0,32.01,24150904.17,A,none,821558.16,0.0,0.0,0.0,0,0.0,18.0,0,0,0,0,0,0,0,0.0
3,cb06dd19-381c-4513-8a9b-17b6e349adde,f0be488b-4f4e-4f97-9eb1-8868116d7b93,小海马萨,True,b8d9fdd9-7a6c-43c2-910e-c0bb5fbd34fe,3,3,21,14,6,3,5,21,34,-13,16,50.88,60.12,69,7,0,2,0,0,0,2250000.0,491878.0,21.86,13976817.41,A,none,661103.14,0.0,0.0,0.0,0,0.0,19.0,0,0,0,0,0,0,0,0.0
3,cb06dd19-381c-4513-8a9b-17b6e349adde,f0c2b81f-e7a2-4001-8b08-d92dea47338f,不来梅绿,True,c88d210b-d92c-4ca6-b6ae-dbcbd50db99f,4,7,16,14,5,1,8,25,40,-15,17,53.06,63.88,76,7,0,3,0,0,0,1600000.0,534171.0,33.39,13513046.4,A,none,429479.0,0.0,0.0,0.0,0,0.0,16.0,0,0,0,0,0,0,0,0.0
3,cb06dd19-381c-4513-8a9b-17b6e349adde,f13044b1-6e84-4b16-8f06-e695944e0bb7,亚马逊河,True,301a517b-11a1-45d9-81ce-e81905974e60,3,5,17,14,5,2,7,46,42,4,16,56.81,64.12,73,7,0,0,0,0,0,2250000.0,646157.0,28.72,20315228.87,A,none,364931.34,0.0,0.0,0.0,0,0.0,10.0,0,0,0,0,0,0,0,0.0
3,cb06dd19-381c-4513-8a9b-17b6e349adde,f239bd15-2cb8-4f6d-9d6f-5adea01696ff,圣徒南安普,True,b8d9fdd9-7a6c-43c2-910e-c0bb5fbd34fe,3,5,18,14,5,3,6,26,24,2,17,60.82,70.62,77,10,0,5,3,0,0,2250000.0,959242.0,42.63,24668326.79,A,none,575193.28,0.0,0.0,0.0,0,0.0,14.0,0,0,0,0,0,0,0,0.0
3,cb06dd19-381c-4513-8a9b-17b6e349adde,f37aae86-41db-49a2-be9f-d239ed67a9d7,玛瑙石红,True,5a1305b1-6c9f-466f-90ba-497869aec914,4,4,21,14,6,3,5,16,14,2,17,52.94,61.62,73,9,0,2,1,0,0,1600000.0,516516.0,32.28,13976144.44,A,none,438192.84,0.0,0.0,0.0,0,0.0,16.0,0,0,0,0,0,0,0,0.0
3,cb06dd19-381c-4513-8a9b-17b6e349adde,f3ec8fde-fe3c-43c9-aec6-6084ea0ce620,汽油骑士,True,f8c7642e-6116-431e-ab83-cd140737a4aa,2,6,19,14,6,1,7,28,35,-7,17,57.59,62.88,78,9,0,6,1,0,0,3100000.0,523271.0,16.88,25113313.69,A,none,862360.89,0.0,0.0,0.0,0,0.0,17.0,0,0,0,0,0,0,0,0.0
3,cb06dd19-381c-4513-8a9b-17b6e349adde,f5fab24c-152b-4150-ae51-5faa82e9aff4,白百合热,True,b3969166-c99e-42ea-989f-ea1a807fbb29,1,4,21,14,7,0,7,35,38,-3,16,62.62,71.62,88,8,0,3,2,0,0,4200000.0,1002025.0,23.86,31131634.56,A,none,953650.99,0.0,0.0,0.0,0,0.0,17.0,0,0,0,0,0,0,0,0.0
3,cb06dd19-381c-4513-8a9b-17b6e349adde,fb87ae66-a9df-487c-ab8a-5840eeac1d07,雷霆万钧,True,21145133-3f98-4f16-a80a-28ea1a3c0858,3,3,24,14,7,3,4,49,32,17,16,55.0,64.0,76,10,0,5,2,1,0,2250000.0,567751.0,25.23,14205916.8,A,none,346856.55,0.0,0.0,0.0,0,0.0,10.0,0,0,0,0,0,0,0,0.0
3,cb06dd19-381c-4513-8a9b-17b6e349adde,fc06cf91-c305-493c-84ba-bd93802991fc,热带雨林,True,1e886f7d-fd94-4c98-96ea-273a8b3a6e29,4,5,18,14,5,3,6,26,31,-5,17,51.65,60.88,73,7,0,2,1,0,0,1600000.0,552599.0,34.54,19661865.26,A,none,330442.63,0.0,0.0,0.0,0,0.0,10.0,0,0,0,0,0,0,0,0.0
3,cb06dd19-381c-4513-8a9b-17b6e349adde,fd2d0447-d660-47dd-a0dc-12f7ebfc2e65,银河战舰,True,b8d9fdd9-7a6c-43c2-910e-c0bb5fbd34fe,3,2,22,14,6,4,4,47,34,13,16,56.69,64.5,76,8,0,1,0,0,0,2250000.0,749363.0,33.31,19594429.95,A,none,773645.85,0.0,0.0,0.0,0,0.0,19.0,0,0,0,0,0,0,0,0.0
3,cb06dd19-381c-4513-8a9b-17b6e349adde,fd2f2ffd-b02d-4117-b2aa-f0c1c9b83553,森林之语,True,978840be-6c69-4b6c-91b2-03a6e1e7fde3,4,1,32,14,9,5,0,36,17,19,16,53.69,62.75,76,9,0,5,3,0,0,1600000.0,500866.0,31.3,13742763.44,A,none,531855.87,0.0,0.0,0.0,0,0.0,17.0,0,0,0,0,0,0,0,0.0
3,cb06dd19-381c-4513-8a9b-17b6e349adde,fdb06b8f-684f-4761-b62e-22e64c5971b5,波斯猫王,True,81e6f8c8-40b9-4a8e-a10f-70349088f131,3,7,16,14,5,1,8,27,35,-8,17,49.65,61.0,72,8,0,5,2,0,0,2250000.0,478178.0,21.25,14643843.29,A,none,527827.41,0.0,0.0,0.0,0,0.0,15.0,0,0,0,0,0,0,0,0.0
3,cb06dd19-381c-4513-8a9b-17b6e349adde,fde969e3-86ac-462d-bbc1-963eab38b504,沙漠之狐,True,b6ddea43-79ab-4ac6-959c-3171dbce21ff,1,6,15,14,4,3,7,24,33,-9,16,61.75,72.5,80,9,0,4,3,0,0,4200000.0,981380.0,23.37,32685169.86,A,none,568961.2,0.0,0.0,0.0,0,0.0,10.0,0,0,0,0,0,0,0,0.0
3,cb06dd19-381c-4513-8a9b-17b6e349adde,fe128fb9-67f0-4d49-80e5-bb6292a71be2,铁翼飞鹰,True,80e76669-51ec-4483-90e0-04abceda5702,3,6,17,14,5,2,7,19,21,-2,16,55.5,63.5,78,5,0,1,0,0,0,2250000.0,610513.0,27.13,19698789.98,A,none,429220.91,0.0,0.0,0.0,0,0.0,12.0,0,0,0,0,0,0,0,0.0
3,cb06dd19-381c-4513-8a9b-17b6e349adde,ff2dd69b-ac4c-4ce3-af23-521daf536eed,斑马军团,True,e223266b-c6e0-4a6a-a563-2102a14329cc,4,4,17,14,4,5,5,17,19,-2,16,54.62,63.62,79,8,0,3,1,0,0,1600000.0,506338.0,31.65,14131940.56,A,none,312833.68,0.0,0.0,0.0,0,0.0,10.0,0,0,0,0,0,0,0,0.0
3,cb06dd19-381c-4513-8a9b-17b6e349adde,ff55cef1-9862-4d72-9ba4-3d241938741b,巴格达城,True,97f656a1-354e-476a-804e-57d7795aa34c,4,3,24,14,7,3,4,35,28,7,17,56.29,63.75,72,5,0,1,0,0,0,1600000.0,601763.0,37.61,19661365.92,A,none,326335.07,0.0,0.0,0.0,0,0.0,10.0,0,0,0,0,0,0,0,0.0
