season_number,season_id,team_id,team_name,is_ai,league_id,roster_count,roster_avg_ovr,team_top8_ovr,youth_budget,locked_budget_total,youth_budget_pct,budget_tier,academy_generated,academy_signed,academy_in_academy,academy_free_market,avg_youth_age,avg_youth_ovr,max_youth_ovr,avg_potential_max,max_potential_max,avg_prospect_score,best_prospect_score,useful_prospect_count,useful_prospect_rate,unusable_prospect_count,fast_growth_count,normal_growth_count,slow_growth_count,potential_s_count,potential_a_count,potential_b_or_lower_count
1,652de4c5-3ffb-42af-9203-8e06a0c6411a,00983e2e-e8bd-47be-a022-5774b994caa7,蓝黑战士,True,e223266b-c6e0-4a6a-a563-2102a14329cc,16,48.81,55.5,245000.0,2450000.0,10.0,low,8,0,0,8,18.75,47.0,52.0,69.0,82.0,56.9,62.4,7,87.5,1,0,4,4,0,0,8
1,652de4c5-3ffb-42af-9203-8e06a0c6411a,0192de1b-b1f4-4f4b-af0f-934452bda0d1,武当太极,True,85573765-1fce-4719-b455-9bedb7fc3852,16,47.88,52.38,283000.0,2830000.0,10.0,low,8,0,0,8,18.38,45.62,50.0,70.75,82.0,56.93,64.3,8,100.0,0,0,4,4,0,0,8
1,652de4c5-3ffb-42af-9203-8e06a0c6411a,02674860-147a-44e2-843a-da5f0e9f81bc,蓝宝石海,True,5a1305b1-6c9f-466f-90ba-497869aec914,16,48.75,52.25,245000.0,2450000.0,10.0,low,8,0,0,8,18.62,45.5,50.0,68.12,78.0,56.18,60.95,8,100.0,0,0,5,3,0,0,8
1,652de4c5-3ffb-42af-9203-8e06a0c6411a,03832f41-a31c-4d42-a687-158df7a831d7,魔毯飞行,True,f6846932-f050-4653-9ecf-52a00fe9cb8b,16,49.88,55.62,283000.0,2830000.0,10.0,low,8,0,0,8,18.62,45.5,50.0,63.38,72.0,54.04,59.15,7,87.5,1,0,5,3,0,0,8
1,652de4c5-3ffb-42af-9203-8e06a0c6411a,090b2c3b-fb42-4eaa-a978-2463ed4dc234,玄武镇海,True,063f8474-c0c2-42ac-a632-72dd33d2156d,16,50.06,55.25,245000.0,2450000.0,10.0,low,8,0,0,8,18.88,46.0,49.0,66.62,82.0,56.28,64.2,6,75.0,2,0,6,2,0,0,8
1,652de4c5-3ffb-42af-9203-8e06a0c6411a,0a5b6a82-d483-486a-9d11-592a154fbf0c,绿洲驼队,True,81e6f8c8-40b9-4a8e-a10f-70349088f131,16,54.94,60.12,370000.0,3700000.0,10.0,low,8,0,0,8,18.62,47.0,50.0,65.62,77.0,56.38,64.35,5,62.5,3,1,4,3,0,0,8
1,652de4c5-3ffb-42af-9203-8e06a0c6411a,0fc36386-3ee4-4343-9c56-3b6ccc661da3,猎豹闪电,True,984e1619-0888-4e41-8645-d8265a23e11a,17,46.47,52.25,622600.0,2830000.0,22.0,high,9,1,0,8,18.33,47.56,52.0,76.11,98.0,62.41,73.2,8,88.89,1,2,5,2,1,0,8
1,652de4c5-3ffb-42af-9203-8e06a0c6411a,1135d594-4576-4c49-8126-ef5d77f4c9de,烈焰狂狮,True,984e1619-0888-4e41-8645-d8265a23e11a,16,51.31,55.88,283000.0,2830000.0,10.0,low,8,0,0,8,18.5,48.75,53.0,69.38,88.0,58.53,66.2,7,87.5,1,1,3,4,0,1,7
1,652de4c5-3ffb-42af-9203-8e06a0c6411a,11bbc8df-418e-40ea-a638-3ee287139ed6,雪豹冰山,True,984e1619-0888-4e41-8645-d8265a23e11a,15,50.4,55.75,283000.0,2830000.0,10.0,low,8,0,0,8,18.88,46.5,52.0,68.0,79.0,57.67,68.8,6,75.0,2,1,5,2,0,0,8
1,652de4c5-3ffb-42af-9203-8e06a0c6411a,121a8ce8-a60e-4dbc-8943-f888ae0138df,波斯勇士,True,81e6f8c8-40b9-4a8e-a10f-70349088f131,16,51.0,56.62,283000.0,2830000.0,10.0,low,8,0,0,8,18.75,45.25,47.0,64.12,69.0,54.24,58.35,6,75.0,2,0,5,3,0,0,8
1,652de4c5-3ffb-42af-9203-8e06a0c6411a,12b9b35d-129c-462a-b966-ec1e353e0928,苍鹰搏兔,True,80e76669-51ec-4483-90e0-04abceda5702,16,54.81,61.5,370000.0,3700000.0,10.0,low,8,0,0,8,18.88,46.5,52.0,68.12,79.0,56.73,66.1,4,50.0,4,1,3,4,0,0,8
1,652de4c5-3ffb-42af-9203-8e06a0c6411a,13ff2225-f620-4205-8acb-fc3b5053862a,非洲犀牛,True,3ef58883-b984-4286-b63c-a994639b1eda,16,49.44,54.75,283000.0,2830000.0,10.0,low,8,0,0,8,18.62,46.5,49.0,65.88,86.0,56.72,67.65,6,75.0,2,1,5,2,0,1,7
1,652de4c5-3ffb-42af-9203-8e06a0c6411a,163b7787-c249-4bfa-8242-a0f2b860d2cf,大地之力,True,978840be-6c69-4b6c-91b2-03a6e1e7fde3,16,51.31,56.62,283000.0,2830000.0,10.0,low,8,0,0,8,18.75,45.88,51.0,66.0,80.0,55.93,62.75,5,62.5,3,0,6,2,0,0,8
1,652de4c5-3ffb-42af-9203-8e06a0c6411a,1737da78-c242-462b-8962-3694873576be,雄鹰法兰,True,4a15f14c-28e8-4c2f-90de-d5363e91566a,16,50.38,55.75,245000.0,2450000.0,10.0,low,8,0,0,8,18.25,45.38,50.0,68.0,80.0,57.06,65.45,6,75.0,2,2,3,3,0,0,8
1,652de4c5-3ffb-42af-9203-8e06a0c6411a,18090434-c547-4e31-bc35-c7efb038c31d,宇宙巴萨,True,b8d9fdd9-7a6c-43c2-910e-c0bb5fbd34fe,16,56.25,63.38,326000.0,3260000.0,10.0,low,8,1,0,7,18.62,47.0,57.0,65.38,86.0,55.27,68.2,3,37.5,5,0,4,4,0,1,7
1,652de4c5-3ffb-42af-9203-8e06a0c6411a,1950e07c-a077-441f-b406-16b12daa45c7,西班牙人,True,c88d210b-d92c-4ca6-b6ae-dbcbd50db99f,16,52.31,56.5,370000.0,3700000.0,10.0,low,8,0,0,8,18.5,47.12,53.0,66.75,81.0,56.46,63.5,7,87.5,1,1,3,4,0,0,8
1,652de4c5-3ffb-42af-9203-8e06a0c6411a,19d4e548-1c7f-4706-a0df-f0446a99c617,金豹捕猎,True,984e1619-0888-4e41-8645-d8265a23e11a,16,49.62,54.75,283000.0,2830000.0,10.0,low,8,0,0,8,18.38,46.62,50.0,63.5,80.0,56.22,68.4,4,50.0,4,2,4,2,0,0,8
1,652de4c5-3ffb-42af-9203-8e06a0c6411a,1a3f033a-4e73-46cb-8f58-d20c32e04fd2,西域雪狼,True,ed56aff1-b86b-4206-ba6f-d1c1d0ead9ca,16,56.25,62.75,370000.0,3700000.0,10.0,low,8,0,0,8,18.75,46.75,50.0,72.25,83.0,59.23,64.2,5,62.5,3,0,6,2,0,0,8
1,652de4c5-3ffb-42af-9203-8e06a0c6411a,1c91e42f-e538-4301-89c5-50c7324055dc,高乔骑士,True,525cb008-853b-4a8e-9d81-87146fae5cde,16,59.31,65.62,415000.0,4150000.0,10.0,low,8,0,0,8,18.75,45.88,49.0,63.62,75.0,54.36,66.15,2,25.0,6,1,3,4,0,0,8
1,652de4c5-3ffb-42af-9203-8e06a0c6411a,1e00f974-ec58-4b4c-be20-faf412d9027e,汉诺威红,True,c88d210b-d92c-4ca6-b6ae-dbcbd50db99f,16,49.62,55.75,539000.0,2450000.0,22.0,high,8,0,0,8,18.62,48.25,52.0,68.5,84.0,58.86,65.1,8,100.0,0,1,5,2,0,0,8
1,652de4c5-3ffb-42af-9203-8e06a0c6411a,1f522e60-e720-4a28-a30d-1352879957b4,弯月之星,True,f5757d67-4592-4ae1-97d4-07b3a5db56d8,17,54.41,59.12,814000.0,3700000.0,22.0,high,10,2,0,8,18.5,49.9,60.0,79.7,98.0,63.71,73.25,9,90.0,1,0,6,4,1,4,5
1,652de4c5-3ffb-42af-9203-8e06a0c6411a,1fc0382f-e8e4-4817-8a9b-86acd3f47e81,冰狼踏雪,True,21145133-3f98-4f16-a80a-28ea1a3c0858,17,55.59,62.5,717200.0,3260000.0,22.0,high,10,2,0,8,18.3,46.6,51.0,82.2,100.0,63.82,75.05,8,80.0,2,1,6,3,1,4,5
1,652de4c5-3ffb-42af-9203-8e06a0c6411a,20979679-9c36-4bfc-8639-cd644706a4f1,皇家社会,True,b8d9fdd9-7a6c-43c2-910e-c0bb5fbd34fe,16,55.5,60.62,814000.0,3700000.0,22.0,high,8,0,0,8,18.25,47.5,52.0,79.0,91.0,62.67,68.8,8,100.0,0,0,6,2,0,1,7
1,652de4c5-3ffb-42af-9203-8e06a0c6411a,2125a9ec-76c0-4c3f-90e8-039afd4c2e5e,山楂球西布,True,7c131cbb-9f4f-4a27-acc5-3d703d63275b,16,56.88,63.62,913000.0,4150000.0,22.0,high,8,0,0,8,18.5,49.0,58.0,73.12,84.0,60.36,68.55,5,62.5,3,0,5,3,0,0,8
1,652de4c5-3ffb-42af-9203-8e06a0c6411a,225a9ffb-e671-4019-93cc-cbc6572216de,草原猎鹰,True,80e76669-51ec-4483-90e0-04abceda5702,16,54.75,61.0,326000.0,3260000.0,10.0,low,8,0,0,8,18.88,48.75,52.0,69.38,85.0,59.03,66.7,4,50.0,4,1,4,3,0,1,7
1,652de4c5-3ffb-42af-9203-8e06a0c6411a,23d24ae7-74bc-4ad2-9b70-0df8e9f10c5d,威尼斯假,True,f166be2f-3d1b-40e7-b136-d4736138344e,16,56.75,63.25,370000.0,3700000.0,10.0,low,8,0,0,8,18.75,45.25,48.0,66.75,88.0,55.92,66.35,3,37.5,5,1,4,3,0,1,7
1,652de4c5-3ffb-42af-9203-8e06a0c6411a,242e04d1-fbaf-4773-9832-f963bb36cdbf,贝都因骑,True,97f656a1-354e-476a-804e-57d7795aa34c,16,50.5,56.25,283000.0,2830000.0,10.0,low,8,0,0,8,18.5,47.5,51.0,67.38,80.0,58.44,68.4,7,87.5,1,1,6,1,0,0,8
1,652de4c5-3ffb-42af-9203-8e06a0c6411a,2465461a-8563-46cd-873a-baaa6a467841,大流士王,True,3bbbf391-d072-458c-b316-23bb079f6409,16,50.69,56.5,283000.0,2830000.0,10.0,low,8,0,0,8,18.38,44.25,46.0,66.38,91.0,53.71,67.7,5,62.5,3,0,3,5,0,1,7
1,652de4c5-3ffb-42af-9203-8e06a0c6411a,246f43f2-0e83-4eb6-8f73-abd9beda391d,蓝月亮城,True,b3969166-c99e-42ea-989f-ea1a807fbb29,17,63.59,70.38,580000.0,5800000.0,10.0,low,8,0,0,8,18.5,48.12,55.0,70.5,90.0,58.19,65.45,2,25.0,6,0,4,4,0,1,7
1,652de4c5-3ffb-42af-9203-8e06a0c6411a,249c854a-a6cf-4ef6-b379-4253c33a08f4,非洲猎豹,True,3ef58883-b984-4286-b63c-a994639b1eda,16,50.94,56.5,539000.0,2450000.0,22.0,high,8,0,0,8,18.38,49.88,55.0,75.62,89.0,62.96,70.0,7,87.5,1,2,3,3,0,2,6
1,652de4c5-3ffb-42af-9203-8e06a0c6411a,24ee4c01-522f-45bb-b7b2-f6a47a1598d3,罗马狼王,True,b8d9fdd9-7a6c-43c2-910e-c0bb5fbd34fe,16,51.44,58.25,283000.0,2830000.0,10.0,low,8,0,0,8,18.62,45.38,48.0,65.5,78.0,55.43,63.45,5,62.5,3,1,4,3,0,0,8
1,652de4c5-3ffb-42af-9203-8e06a0c6411a,2678b819-3da4-4304-a4fc-0973fd2f630e,塞伦盖蒂,True,1e886f7d-fd94-4c98-96ea-273a8b3a6e29,16,48.88,53.62,283000.0,2830000.0,10.0,low,8,1,0,7,18.62,47.12,54.0,70.75,89.0,58.76,70.8,6,75.0,2,1,4,3,0,1,7
1,652de4c5-3ffb-42af-9203-8e06a0c6411a,274fc978-b187-40f1-ab2e-8de5ba54d181,天然气王,True,f8c7642e-6116-431e-ab83-cd140737a4aa,16,59.44,67.25,467000.0,4670000.0,10.0,low,8,0,0,8,18.75,45.5,54.0,64.38,77.0,53.99,61.85,1,12.5,7,0,4,4,0,0,8
1,652de4c5-3ffb-42af-9203-8e06a0c6411a,27550134-d903-4055-ab54-4af1341d4314,撒哈拉驼,True,b6ddea43-79ab-4ac6-959c-3171dbce21ff,16,64.19,69.38,580000.0,5800000.0,10.0,low,8,0,0,8,18.88,47.12,52.0,72.75,92.0,58.16,67.4,3,37.5,5,0,3,5,0,1,7
1,652de4c5-3ffb-42af-9203-8e06a0c6411a,278885b1-f652-4775-92de-8dcd14d9bc93,图阿雷格,True,97f656a1-354e-476a-804e-57d7795aa34c,16,50.88,57.25,245000.0,2450000.0,10.0,low,8,1,0,7,18.38,46.0,52.0,75.12,94.0,60.11,72.9,6,75.0,2,0,6,2,0,2,6
1,652de4c5-3ffb-42af-9203-8e06a0c6411a,27a76999-b51f-4c41-b3d6-da7989a5c411,黑虎掏心,True,ed56aff1-b86b-4206-ba6f-d1c1d0ead9ca,17,55.29,62.5,1027400.0,4670000.0,22.0,high,8,2,0,6,18.38,50.88,55.0,80.25,94.0,66.09,74.0,7,87.5,1,0,8,0,0,3,5
1,652de4c5-3ffb-42af-9203-8e06a0c6411a,296adf8c-b827-4c9d-8bb5-41e1f387f372,水豚憨态,True,5fde7b3c-5169-40e1-b27d-9965e3d15ab1,16,51.81,57.88,622600.0,2830000.0,22.0,high,8,0,0,8,18.5,50.62,56.0,71.0,83.0,60.79,64.9,7,87.5,1,0,6,2,0,0,8
1,652de4c5-3ffb-42af-9203-8e06a0c6411a,2aab03b8-1a68-409b-b46b-324058dca0c6,科隆山羊,True,c88d210b-d92c-4ca6-b6ae-dbcbd50db99f,15,47.73,51.25,283000.0,2830000.0,10.0,low,8,0,0,8,18.88,44.75,48.0,68.25,83.0,54.83,64.65,8,100.0,0,0,3,5,0,0,8
1,652de4c5-3ffb-42af-9203-8e06a0c6411a,2b6cd430-daf3-4110-b52c-78be813d14e5,刚果王国,True,7d8f8bff-fe71-4f21-86ef-6e8835d8653d,16,47.06,55.38,245000.0,2450000.0,10.0,low,8,0,0,8,18.5,45.25,48.0,64.0,77.0,54.69,61.95,5,62.5,3,1,4,3,0,0,8
1,652de4c5-3ffb-42af-9203-8e06a0c6411a,2d385586-589a-4f5c-8534-6ff244cf310c,阿拉伯夜,True,f8c7642e-6116-431e-ab83-cd140737a4aa,17,56.47,62.62,1276000.0,5800000.0,22.0,high,8,2,0,6,18.5,53.75,59.0,79.38,94.0,67.28,76.75,6,75.0,2,1,6,1,0,3,5
1,652de4c5-3ffb-42af-9203-8e06a0c6411a,2e48ed42-88f4-4899-9cf5-ecad75931d4a,北方苍狼,True,978840be-6c69-4b6c-91b2-03a6e1e7fde3,16,53.31,59.5,370000.0,3700000.0,10.0,low,8,0,0,8,18.25,47.5,52.0,72.38,81.0,61.19,67.05,7,87.5,1,2,5,1,0,0,8
1,652de4c5-3ffb-42af-9203-8e06a0c6411a,2e94468c-2436-4f60-80d5-78d7147a1bb6,石化巨人,True,81e6f8c8-40b9-4a8e-a10f-70349088f131,16,61.25,69.25,332000.0,4150000.0,8.0,low,8,0,0,8,18.5,46.0,52.0,62.0,73.0,53.7,62.1,0,0.0,8,0,5,3,0,0,8
1,652de4c5-3ffb-42af-9203-8e06a0c6411a,2f61c6ea-7c93-4f2f-807a-9c17b26fd688,长颈鹿颈,True,f166be2f-3d1b-40e7-b136-d4736138344e,16,52.94,58.38,283000.0,2830000.0,10.0,low,8,0,0,8,18.38,44.75,48.0,65.38,80.0,53.53,63.3,3,37.5,5,0,3,5,0,0,8
1,652de4c5-3ffb-42af-9203-8e06a0c6411a,2fa52165-4377-45e5-8d06-9e18100f6c99,北海苍龙,True,359be255-59cf-483b-ab1f-c339c2748d5c,16,63.19,69.88,1139600.0,5180000.0,22.0,high,8,1,0,7,18.0,51.25,60.0,79.0,90.0,65.24,75.0,6,75.0,2,1,5,2,0,1,7
1,652de4c5-3ffb-42af-9203-8e06a0c6411a,317e8d83-dc2d-4179-8a43-55ef610cd565,沙滩足球,True,29ec03d2-e39d-439b-ace6-9268533123ff,17,63.24,71.5,1139600.0,5180000.0,22.0,high,9,1,0,8,18.44,53.89,56.0,85.67,99.0,69.74,75.8,8,88.89,1,1,6,2,2,3,4
1,652de4c5-3ffb-42af-9203-8e06a0c6411a,33e39c40-1488-4a7e-8145-00280a237aed,花车巡游,True,525cb008-853b-4a8e-9d81-87146fae5cde,16,55.81,60.25,814000.0,3700000.0,22.0,high,8,0,0,8,18.5,49.88,58.0,74.88,94.0,62.62,67.05,7,87.5,1,1,5,2,0,1,7
1,652de4c5-3ffb-42af-9203-8e06a0c6411a,3616958e-ca58-4b30-91ed-d810a9409d5b,大津巴布,True,7d8f8bff-fe71-4f21-86ef-6e8835d8653d,17,48.71,57.12,245000.0,2450000.0,10.0,low,8,0,0,8,18.62,45.25,50.0,67.5,79.0,55.76,62.85,6,75.0,2,0,5,3,0,0,8
1,652de4c5-3ffb-42af-9203-8e06a0c6411a,37af924e-79a8-4895-8c85-c8c3a43d0ce0,马赛马拉,True,1e886f7d-fd94-4c98-96ea-273a8b3a6e29,15,48.47,52.38,283000.0,2830000.0,10.0,low,8,0,0,8,18.62,47.38,52.0,70.0,86.0,58.56,66.0,8,100.0,0,0,6,2,0,1,7
1,652de4c5-3ffb-42af-9203-8e06a0c6411a,37d0221b-b783-41ef-ba45-4afbadfcca2e,黑金帝国,True,f5757d67-4592-4ae1-97d4-07b3a5db56d8,17,61.12,65.62,1027400.0,4670000.0,22.0,high,8,0,0,8,18.5,50.12,54.0,77.5,84.0,62.94,67.7,7,87.5,1,0,5,3,0,0,8
1,652de4c5-3ffb-42af-9203-8e06a0c6411a,37e823df-a354-48ba-9cb9-a5f2aa80b09e,单峰快驼,True,81e6f8c8-40b9-4a8e-a10f-70349088f131,16,52.94,59.12,814000.0,3700000.0,22.0,high,8,0,0,8,18.62,46.38,52.0,72.75,89.0,59.24,69.7,6,75.0,2,1,4,3,0,2,6
1,652de4c5-3ffb-42af-9203-8e06a0c6411a,3850a89f-9b56-43e4-886c-b239f5a141b1,喜鹊纽卡,True,7c131cbb-9f4f-4a27-acc5-3d703d63275b,16,60.0,68.25,518000.0,5180000.0,10.0,low,8,1,0,7,18.75,47.88,53.0,71.12,86.0,58.84,68.75,3,37.5,5,1,3,4,0,1,7
1,652de4c5-3ffb-42af-9203-8e06a0c6411a,3af34a43-f7c8-4a10-833e-b929ef808f8f,黄色潜水艇,True,b8d9fdd9-7a6c-43c2-910e-c0bb5fbd34fe,16,54.62,59.5,370000.0,3700000.0,10.0,low,8,0,0,8,18.62,46.12,51.0,68.88,82.0,57.36,66.95,5,62.5,3,0,6,2,0,0,8
1,652de4c5-3ffb-42af-9203-8e06a0c6411a,3b81880a-c267-41f8-842f-be557a392611,累西腓鼓,True,f166be2f-3d1b-40e7-b136-d4736138344e,16,55.25,60.75,814000.0,3700000.0,22.0,high,8,0,0,8,18.25,49.12,55.0,75.12,84.0,62.83,69.5,8,100.0,0,3,2,3,0,0,8
1,652de4c5-3ffb-42af-9203-8e06a0c6411a,3c35e50c-47f9-4e79-bdf1-a0368ab99700,骆驼骑士,True,3bbbf391-d072-458c-b316-23bb079f6409,16,55.56,61.5,260800.0,3260000.0,8.0,low,8,0,0,8,18.38,44.38,47.0,64.75,80.0,54.54,63.85,4,50.0,4,0,6,2,0,0,8
1,652de4c5-3ffb-42af-9203-8e06a0c6411a,3cf98f89-d3ee-4eb1-add3-d165adc163da,树懒慢动,True,5fde7b3c-5169-40e1-b27d-9965e3d15ab1,15,49.4,53.38,245000.0,2450000.0,10.0,low,8,1,0,7,18.5,45.75,49.0,67.75,88.0,56.15,67.45,7,87.5,1,0,5,3,0,1,7
1,652de4c5-3ffb-42af-9203-8e06a0c6411a,3d74852b-cef9-4536-90d3-ab20c3f1d39a,青金石蓝,True,5a1305b1-6c9f-466f-90ba-497869aec914,16,48.44,51.88,622600.0,2830000.0,22.0,high,8,0,0,8,18.5,48.5,60.0,80.62,94.0,62.96,72.35,8,100.0,0,0,4,4,0,4,4
1,652de4c5-3ffb-42af-9203-8e06a0c6411a,3d7c7ccd-3c62-49de-af2b-51d1b186ca84,西域猛虎,True,21145133-3f98-4f16-a80a-28ea1a3c0858,16,58.69,66.25,415000.0,4150000.0,10.0,low,8,0,0,8,18.75,48.12,52.0,72.12,89.0,59.92,65.25,4,50.0,4,1,4,3,0,1,7
1,652de4c5-3ffb-42af-9203-8e06a0c6411a,3e90263d-9aa2-495f-9391-402267f48e45,水手桑普,True,b8d9fdd9-7a6c-43c2-910e-c0bb5fbd34fe,15,51.93,56.5,283000.0,2830000.0,10.0,low,8,0,0,8,18.38,47.5,50.0,71.5,92.0,59.8,69.25,6,75.0,2,1,5,2,0,2,6
1,652de4c5-3ffb-42af-9203-8e06a0c6411a,3f143543-33be-40b5-9675-d1e965a811eb,东方雄狮,True,984e1619-0888-4e41-8645-d8265a23e11a,15,49.47,54.12,622600.0,2830000.0,22.0,high,8,0,0,8,18.25,49.38,53.0,73.38,83.0,63.17,70.4,7,87.5,1,2,6,0,0,0,8
1,652de4c5-3ffb-42af-9203-8e06a0c6411a,4158ea87-e495-4b6a-a108-54d8bfaaa5e3,野马奔腾,True,063f8474-c0c2-42ac-a632-72dd33d2156d,16,50.06,56.62,283000.0,2830000.0,10.0,low,8,0,0,8,18.38,47.38,53.0,65.25,80.0,56.92,67.15,5,62.5,3,1,5,2,0,0,8
1,652de4c5-3ffb-42af-9203-8e06a0c6411a,417aede9-0129-47b2-937c-94eb89a7d0d8,管道巨头,True,f8c7642e-6116-431e-ab83-cd140737a4aa,16,60.5,69.0,467000.0,4670000.0,10.0,low,8,0,0,8,18.75,47.25,50.0,72.88,87.0,59.78,68.05,4,50.0,4,2,2,4,0,1,7
1,652de4c5-3ffb-42af-9203-8e06a0c6411a,438bcce8-4e5c-401e-b640-9593bfb14368,咖啡起源,True,81e6f8c8-40b9-4a8e-a10f-70349088f131,16,50.38,55.62,622600.0,2830000.0,22.0,high,8,0,0,8,18.62,46.62,49.0,69.0,82.0,57.19,62.7,7,87.5,1,0,5,3,0,0,8
1,652de4c5-3ffb-42af-9203-8e06a0c6411a,45ade8e1-b205-4af3-86af-8250a7841af4,麦加朝圣,True,f8c7642e-6116-431e-ab83-cd140737a4aa,16,55.94,61.12,717200.0,3260000.0,22.0,high,8,0,0,8,18.5,44.25,47.0,73.25,90.0,56.3,64.2,7,87.5,1,0,2,6,0,1,7
1,652de4c5-3ffb-42af-9203-8e06a0c6411a,45bfbd60-df67-43c9-9d4a-b721c3b9ded4,Medina之光,True,f5757d67-4592-4ae1-97d4-07b3a5db56d8,16,54.62,60.25,370000.0,3700000.0,10.0,low,8,0,0,8,18.75,45.88,50.0,76.0,93.0,60.43,69.7,5,62.5,3,0,6,2,0,3,5
1,652de4c5-3ffb-42af-9203-8e06a0c6411a,45e56362-3964-4c3e-8f54-f651ae5c735a,水晶石透,True,5a1305b1-6c9f-466f-90ba-497869aec914,16,48.81,55.25,245000.0,2450000.0,10.0,low,8,0,0,8,18.5,46.0,48.0,69.75,84.0,57.19,65.65,7,87.5,1,0,5,3,0,0,8
1,652de4c5-3ffb-42af-9203-8e06a0c6411a,461cbc97-34f7-4cc7-98c0-f5057949a243,五人制王,True,29ec03d2-e39d-439b-ace6-9268533123ff,16,60.62,67.5,580000.0,5800000.0,10.0,low,8,0,0,8,18.62,46.75,56.0,69.5,91.0,57.49,66.3,4,50.0,4,0,5,3,0,1,7
1,652de4c5-3ffb-42af-9203-8e06a0c6411a,4a8567a0-344b-4573-a764-34d83833628f,雪虎踏山,True,ed56aff1-b86b-4206-ba6f-d1c1d0ead9ca,16,57.81,64.88,467000.0,4670000.0,10.0,low,8,0,0,8,18.62,47.12,51.0,73.0,83.0,59.27,65.6,6,75.0,2,0,5,3,0,0,8
1,652de4c5-3ffb-42af-9203-8e06a0c6411a,4a946e10-f770-42df-a073-e0ff24ad6c3f,烈焰红唇,True,85573765-1fce-4719-b455-9bedb7fc3852,16,48.44,53.12,283000.0,2830000.0,10.0,low,8,0,0,8,18.25,46.12,50.0,66.25,82.0,56.68,65.95,6,75.0,2,1,5,2,0,0,8
1,652de4c5-3ffb-42af-9203-8e06a0c6411a,4a9502a1-912e-4f71-b915-f14f10dc76a2,安第斯山,True,301a517b-11a1-45d9-81ce-e81905974e60,17,55.94,62.12,467000.0,4670000.0,10.0,low,8,1,0,7,18.88,50.0,58.0,71.25,93.0,61.56,68.85,5,62.5,3,1,6,1,0,2,6
1,652de4c5-3ffb-42af-9203-8e06a0c6411a,4bf730ae-744d-4cf9-bfed-069e72cb7222,中原飞虎,True,359be255-59cf-483b-ab1f-c339c2748d5c,16,62.06,70.0,415000.0,4150000.0,10.0,low,8,0,0,8,18.88,47.25,53.0,78.12,88.0,61.64,66.2,5,62.5,3,0,5,3,0,1,7
1,652de4c5-3ffb-42af-9203-8e06a0c6411a,4cdd75e5-7d1a-4faa-ba6e-b467d791430a,快乐足球,True,29ec03d2-e39d-439b-ace6-9268533123ff,17,56.59,66.0,1276000.0,5800000.0,22.0,high,9,1,0,8,18.33,47.44,56.0,76.22,94.0,61.51,70.4,6,66.67,3,2,3,4,0,2,7
1,652de4c5-3ffb-42af-9203-8e06a0c6411a,4d69f07c-49fa-4fc4-871e-38f57ee93c13,美丽游戏,True,29ec03d2-e39d-439b-ace6-9268533123ff,16,60.88,68.12,1276000.0,5800000.0,22.0,high,8,0,0,8,18.12,51.88,58.0,74.38,89.0,62.5,69.05,5,62.5,3,0,5,3,0,1,7
1,652de4c5-3ffb-42af-9203-8e06a0c6411a,4d8043ee-95c3-43c9-9652-ff2812f0b778,紫气东来,True,21145133-3f98-4f16-a80a-28ea1a3c0858,16,49.69,56.0,622600.0,2830000.0,22.0,high,9,2,0,7,18.56,51.0,57.0,83.44,97.0,67.6,75.1,9,100.0,0,2,5,2,1,3,5
1,652de4c5-3ffb-42af-9203-8e06a0c6411a,4e73d656-18e4-47b7-839f-d07b94c13336,莫莫之王,True,f166be2f-3d1b-40e7-b136-d4736138344e,16,53.0,59.62,814000.0,3700000.0,22.0,high,9,2,0,7,18.56,49.22,56.0,80.78,99.0,63.64,74.55,9,100.0,0,0,5,4,1,3,5
1,652de4c5-3ffb-42af-9203-8e06a0c6411a,4eb8d514-91aa-49bb-a361-7b52f7960471,奥格斯堡,True,c88d210b-d92c-4ca6-b6ae-dbcbd50db99f,17,49.71,56.12,539000.0,2450000.0,22.0,high,9,1,0,8,18.33,48.78,54.0,82.33,94.0,65.43,73.05,9,100.0,0,2,4,3,0,3,6
1,652de4c5-3ffb-42af-9203-8e06a0c6411a,4f4050d5-a81e-4f2c-9fe4-3b691e3a8bb3,床单军团,True,e223266b-c6e0-4a6a-a563-2102a14329cc,17,52.12,57.5,814000.0,3700000.0,22.0,high,8,2,0,6,18.25,47.12,51.0,82.75,100.0,63.16,71.8,7,87.5,1,0,4,4,1,4,3
1,652de4c5-3ffb-42af-9203-8e06a0c6411a,52ac1303-aa48-47c0-abfc-e1565cd83a2c,小辣椒莱,True,a7b637f4-f78f-45ee-8aaf-64d9fef172ff,16,50.62,56.5,283000.0,2830000.0,10.0,low,8,0,0,8,18.5,46.75,55.0,67.75,83.0,57.2,62.8,6,75.0,2,1,4,3,0,0,8
1,652de4c5-3ffb-42af-9203-8e06a0c6411a,546f1283-41ba-44fc-8ae4-c2f349eab730,铁甲战狮,True,984e1619-0888-4e41-8645-d8265a23e11a,16,47.5,52.25,283000.0,2830000.0,10.0,low,8,0,0,8,18.75,46.75,54.0,76.25,83.0,62.52,72.6,8,100.0,0,2,5,1,0,0,8
1,652de4c5-3ffb-42af-9203-8e06a0c6411a,55d3b2ad-6730-4fdb-9a5e-3fa20c0ee991,布宜诺斯,True,525cb008-853b-4a8e-9d81-87146fae5cde,16,57.44,63.88,415000.0,4150000.0,10.0,low,8,0,0,8,18.25,46.12,50.0,65.12,81.0,55.67,63.75,3,37.5,5,0,6,2,0,0,8
1,652de4c5-3ffb-42af-9203-8e06a0c6411a,5607bb46-3924-4699-a221-28b6e75fb2ee,智利红酒,True,301a517b-11a1-45d9-81ce-e81905974e60,16,56.5,63.38,370000.0,3700000.0,10.0,low,8,0,0,8,18.5,45.88,49.0,67.0,77.0,55.38,60.15,4,50.0,4,0,4,4,0,0,8
1,652de4c5-3ffb-42af-9203-8e06a0c6411a,56110445-240a-45bb-8e2f-1dee3d3e7825,金鹰破晓,True,ed56aff1-b86b-4206-ba6f-d1c1d0ead9ca,16,57.31,61.5,370000.0,3700000.0,10.0,low,8,0,0,8,18.38,46.5,52.0,63.12,78.0,54.48,66.95,2,25.0,6,1,3,4,0,0,8
1,652de4c5-3ffb-42af-9203-8e06a0c6411a,564a5213-4a71-4545-bd52-b2958bcdcb5c,苍穹雄鹰,True,984e1619-0888-4e41-8645-d8265a23e11a,16,52.69,59.88,326000.0,3260000.0,10.0,low,8,0,0,8,18.88,45.25,51.0,65.88,82.0,54.53,66.95,4,50.0,4,0,4,4,0,0,8
1,652de4c5-3ffb-42af-9203-8e06a0c6411a,56a4d6dd-79ee-4536-bf12-9873eff15482,寒冰领域,True,85573765-1fce-4719-b455-9bedb7fc3852,16,51.25,55.0,622600.0,2830000.0,22.0,high,8,0,0,8,18.38,46.62,50.0,72.0,90.0,57.04,67.8,7,87.5,1,0,2,6,0,1,7
1,652de4c5-3ffb-42af-9203-8e06a0c6411a,576a1500-e80b-488e-84a4-4d30d5c9f8e2,萨尔瓦多,True,f166be2f-3d1b-40e7-b136-d4736138344e,16,59.0,65.0,370000.0,3700000.0,10.0,low,9,1,0,8,18.67,46.56,52.0,75.89,92.0,62.2,72.7,7,77.78,2,2,6,1,0,1,8
1,652de4c5-3ffb-42af-9203-8e06a0c6411a,58c7685d-d70a-4db2-ba81-82ec60565630,流水无痕,True,978840be-6c69-4b6c-91b2-03a6e1e7fde3,15,50.8,57.25,283000.0,2830000.0,10.0,low,8,0,0,8,18.62,44.88,50.0,61.62,72.0,53.41,64.25,4,50.0,4,1,4,3,0,0,8
1,652de4c5-3ffb-42af-9203-8e06a0c6411a,595645b3-210a-45b7-9719-8194d843afcc,桑巴学校,True,3ef58883-b984-4286-b63c-a994639b1eda,16,55.38,61.0,370000.0,3700000.0,10.0,low,8,0,0,8,18.75,46.38,51.0,64.25,72.0,55.42,58.85,4,50.0,4,0,6,2,0,0,8
1,652de4c5-3ffb-42af-9203-8e06a0c6411a,59ddcaef-f19f-464e-b647-87378c8e0340,炼油大师,True,f8c7642e-6116-431e-ab83-cd140737a4aa,15,60.93,66.25,415000.0,4150000.0,10.0,low,8,0,0,8,18.25,47.0,50.0,68.12,76.0,59.51,65.25,3,37.5,5,3,4,1,0,0,8
1,652de4c5-3ffb-42af-9203-8e06a0c6411a,5d26cab3-5840-4ddc-911e-96966cd04aed,幽冥鬼狼,True,85573765-1fce-4719-b455-9bedb7fc3852,15,57.07,63.12,326000.0,3260000.0,10.0,low,8,0,0,8,18.62,47.0,52.0,66.25,78.0,56.16,65.15,5,62.5,3,0,5,3,0,0,8
1,652de4c5-3ffb-42af-9203-8e06a0c6411a,5d916859-a4e4-4f4e-b5f5-183e781c1b9f,云豹穿林,True,80e76669-51ec-4483-90e0-04abceda5702,16,50.5,55.12,245000.0,2450000.0,10.0,low,8,0,0,8,18.62,45.12,50.0,59.88,73.0,52.76,58.3,3,37.5,5,0,6,2,0,0,8
1,652de4c5-3ffb-42af-9203-8e06a0c6411a,5dbc0c0c-5cae-47c9-b6cb-c56edc170a86,南海蛟龙,True,359be255-59cf-483b-ab1f-c339c2748d5c,16,64.0,72.38,1139600.0,5180000.0,22.0,high,8,0,0,8,18.5,54.12,58.0,79.62,87.0,67.1,72.55,4,50.0,4,2,3,3,0,1,7
1,652de4c5-3ffb-42af-9203-8e06a0c6411a,5e79a306-a1b5-4379-a96b-59bc3b243b7f,桑巴舞者,True,29ec03d2-e39d-439b-ace6-9268533123ff,15,60.13,67.75,518000.0,5180000.0,10.0,low,8,0,0,8,18.75,45.88,49.0,68.88,88.0,57.23,66.9,3,37.5,5,0,6,2,0,1,7
1,652de4c5-3ffb-42af-9203-8e06a0c6411a,5edb33b0-4b3b-48b7-bddd-2f6b9065fd7b,金字塔尖,True,b6ddea43-79ab-4ac6-959c-3171dbce21ff,16,61.44,71.25,1139600.0,5180000.0,22.0,high,8,1,0,7,18.38,52.62,60.0,76.0,85.0,65.64,72.7,6,75.0,2,2,5,1,0,1,7
1,652de4c5-3ffb-42af-9203-8e06a0c6411a,6060f7cb-6bbf-4c2f-b3fc-230422f4ac95,清真美食,True,5a1305b1-6c9f-466f-90ba-497869aec914,16,53.5,58.75,370000.0,3700000.0,10.0,low,9,1,0,8,18.78,45.44,54.0,74.11,90.0,60.34,69.3,7,77.78,2,3,3,3,0,2,7
1,652de4c5-3ffb-42af-9203-8e06a0c6411a,60a04a4b-6df1-4e32-a7bc-68776a385a86,设拉子酒,True,3bbbf391-d072-458c-b316-23bb079f6409,16,48.56,53.5,283000.0,2830000.0,10.0,low,9,1,0,8,18.67,45.56,54.0,63.44,95.0,54.72,67.85,5,55.56,4,1,5,3,1,0,8
1,652de4c5-3ffb-42af-9203-8e06a0c6411a,61ab2691-a159-4e1a-a1d7-4a16c903ab94,沙漠玫瑰,True,f6846932-f050-4653-9ecf-52a00fe9cb8b,16,47.31,52.75,622600.0,2830000.0,22.0,high,8,0,0,8,18.75,46.88,54.0,68.25,88.0,55.99,64.1,5,62.5,3,0,3,5,0,1,7
1,652de4c5-3ffb-42af-9203-8e06a0c6411a,620ab27f-f4c9-484d-ad85-b88180b2bf58,马里帝国,True,7d8f8bff-fe71-4f21-86ef-6e8835d8653d,16,49.5,54.38,622600.0,2830000.0,22.0,high,8,1,0,7,18.25,48.38,56.0,77.75,92.0,63.09,74.2,8,100.0,0,1,5,2,0,1,7
1,652de4c5-3ffb-42af-9203-8e06a0c6411a,623c06a9-a30a-4bd4-8e29-48f10df92c69,那不勒斯,True,e223266b-c6e0-4a6a-a563-2102a14329cc,15,47.4,51.38,245000.0,2450000.0,10.0,low,8,0,0,8,18.5,48.25,55.0,65.38,79.0,57.96,69.1,7,87.5,1,2,4,2,0,0,8
1,652de4c5-3ffb-42af-9203-8e06a0c6411a,6389f794-4ebc-4cd5-a507-216bfbad5745,马丘比丘,True,301a517b-11a1-45d9-81ce-e81905974e60,16,52.5,60.75,326000.0,3260000.0,10.0,low,8,0,0,8,18.5,46.12,52.0,66.5,83.0,56.29,64.65,4,50.0,4,1,4,3,0,0,8
1,652de4c5-3ffb-42af-9203-8e06a0c6411a,6493de21-509e-4109-afcf-ce60120ae37d,里约狂欢,True,f166be2f-3d1b-40e7-b136-d4736138344e,16,52.44,58.38,370000.0,3700000.0,10.0,low,8,0,0,8,18.62,46.25,51.0,66.38,80.0,56.81,63.3,6,75.0,2,0,7,1,0,0,8
1,652de4c5-3ffb-42af-9203-8e06a0c6411a,676a5416-929a-4ae2-aaea-2adafe7e7f70,丝路驼铃,True,f8c7642e-6116-431e-ab83-cd140737a4aa,16,57.31,61.25,326000.0,3260000.0,10.0,low,8,0,0,8,19.0,47.75,53.0,68.5,84.0,56.09,65.15,5,62.5,3,0,2,6,0,0,8
1,652de4c5-3ffb-42af-9203-8e06a0c6411a,68694a58-7731-42d2-8dcf-c6f25948a2af,马穆鲁克,True,97f656a1-354e-476a-804e-57d7795aa34c,16,50.0,55.0,283000.0,2830000.0,10.0,low,8,0,0,8,18.38,46.62,51.0,64.75,74.0,55.28,62.25,6,75.0,2,1,3,4,0,0,8
1,652de4c5-3ffb-42af-9203-8e06a0c6411a,68bf5a52-1c38-4b6c-b3e4-4ab1b7c50cfe,东北虎啸,True,80e76669-51ec-4483-90e0-04abceda5702,17,55.94,66.12,1027400.0,4670000.0,22.0,high,9,1,0,8,18.33,49.78,55.0,74.22,90.0,63.22,71.8,5,55.56,4,3,4,2,0,1,8
1,652de4c5-3ffb-42af-9203-8e06a0c6411a,6907c429-2dbb-4fbc-9055-1164a7af9ffa,银龙出海,True,359be255-59cf-483b-ab1f-c339c2748d5c,17,58.29,66.75,580000.0,5800000.0,10.0,low,8,0,0,8,18.62,44.88,47.0,68.25,93.0,55.39,64.05,4,50.0,4,0,4,4,0,1,7
1,652de4c5-3ffb-42af-9203-8e06a0c6411a,694d2373-8e8d-498c-a51f-90db06f1ff51,蓝衣军团,True,e223266b-c6e0-4a6a-a563-2102a14329cc,16,49.31,56.5,283000.0,2830000.0,10.0,low,8,0,0,8,18.38,45.62,55.0,65.0,82.0,55.84,70.45,5,62.5,3,2,3,3,0,0,8
1,652de4c5-3ffb-42af-9203-8e06a0c6411a,6a5387c1-7798-4d0b-aef5-87865e2df24f,伊斯法罕,True,3bbbf391-d072-458c-b316-23bb079f6409,16,49.5,56.62,283000.0,2830000.0,10.0,low,8,0,0,8,18.75,46.12,49.0,66.62,75.0,56.35,63.35,6,75.0,2,1,4,3,0,0,8
1,652de4c5-3ffb-42af-9203-8e06a0c6411a,6b4393e6-c532-409b-be86-40c3930ee94b,红宝石矿,True,5a1305b1-6c9f-466f-90ba-497869aec914,16,49.12,52.38,283000.0,2830000.0,10.0,low,8,0,0,8,18.5,45.25,51.0,64.12,83.0,54.74,67.4,5,62.5,3,0,6,2,0,0,8
1,652de4c5-3ffb-42af-9203-8e06a0c6411a,6cce5283-6611-4cb8-8b9d-a747fb9a7b5d,华南虎威,True,ed56aff1-b86b-4206-ba6f-d1c1d0ead9ca,16,60.69,66.88,415000.0,4150000.0,10.0,low,8,0,0,8,19.0,44.62,49.0,66.88,75.0,54.64,60.5,4,50.0,4,0,4,4,0,0,8
1,652de4c5-3ffb-42af-9203-8e06a0c6411a,6e4c18ef-22ee-42dc-996a-5d28e2e51aed,大马士革,True,f8c7642e-6116-431e-ab83-cd140737a4aa,15,54.0,60.5,814000.0,3700000.0,22.0,high,8,0,0,8,18.38,48.25,55.0,73.25,87.0,60.5,66.15,7,87.5,1,0,6,2,0,1,7
1,652de4c5-3ffb-42af-9203-8e06a0c6411a,6faf8572-3a96-4145-b8f5-3b8304fc486f,白虎啸天,True,21145133-3f98-4f16-a80a-28ea1a3c0858,16,59.69,67.5,467000.0,4670000.0,10.0,low,8,0,0,8,18.25,46.75,54.0,68.62,83.0,56.09,64.1,2,25.0,6,0,3,5,0,0,8
1,652de4c5-3ffb-42af-9203-8e06a0c6411a,71c88dd9-84d5-4415-8a2e-0393e0a55b8d,铁锤帮西汉,True,51f4a3d3-c63e-45d9-9e79-c2cad398765f,16,54.69,62.38,1027400.0,4670000.0,22.0,high,8,0,0,8,18.38,50.38,60.0,75.0,83.0,61.96,68.35,7,87.5,1,0,5,3,0,0,8
1,652de4c5-3ffb-42af-9203-8e06a0c6411a,727ee9ce-e0e3-48c4-95a3-c8c8e3976150,金刚鹦鹉,True,5fde7b3c-5169-40e1-b27d-9965e3d15ab1,16,49.56,54.5,283000.0,2830000.0,10.0,low,8,0,0,8,18.62,44.62,51.0,68.38,83.0,53.81,59.75,6,75.0,2,0,1,7,0,0,8
1,652de4c5-3ffb-42af-9203-8e06a0c6411a,7362d4e1-093b-469d-b35c-3b9df1e7f633,斗牛士团,True,b8d9fdd9-7a6c-43c2-910e-c0bb5fbd34fe,16,57.88,64.25,370000.0,3700000.0,10.0,low,8,0,0,8,18.62,45.75,50.0,74.5,82.0,58.69,62.75,7,87.5,1,0,4,4,0,0,8
1,652de4c5-3ffb-42af-9203-8e06a0c6411a,73ad676d-fae2-4a8a-b69d-06d881cb694c,撒哈拉南,True,1e886f7d-fd94-4c98-96ea-273a8b3a6e29,16,48.12,55.75,283000.0,2830000.0,10.0,low,8,0,0,8,18.5,46.25,51.0,63.0,82.0,54.29,66.4,4,50.0,4,0,5,3,0,0,8
1,652de4c5-3ffb-42af-9203-8e06a0c6411a,76ea894a-a987-4cc7-84b6-efbaa896d142,维多利亚,True,1e886f7d-fd94-4c98-96ea-273a8b3a6e29,15,49.2,53.12,245000.0,2450000.0,10.0,low,8,0,0,8,18.75,45.62,51.0,63.62,74.0,54.23,61.0,6,75.0,2,0,5,3,0,0,8
1,652de4c5-3ffb-42af-9203-8e06a0c6411a,77c184eb-17cd-4a60-b1ef-d2d25d067708,绿松石绿,True,5a1305b1-6c9f-466f-90ba-497869aec914,16,50.69,54.5,283000.0,2830000.0,10.0,low,8,0,0,8,18.62,46.38,52.0,69.5,77.0,56.78,62.25,7,87.5,1,0,4,4,0,0,8
1,652de4c5-3ffb-42af-9203-8e06a0c6411a,7987e549-b84a-4aa9-9c81-9eb88cd8e9ab,萨拉丁军,True,97f656a1-354e-476a-804e-57d7795aa34c,16,49.81,55.25,622600.0,2830000.0,22.0,high,8,0,0,8,18.5,47.75,52.0,74.12,92.0,61.12,69.8,8,100.0,0,1,5,2,0,1,7
1,652de4c5-3ffb-42af-9203-8e06a0c6411a,79ff5611-2f63-4a90-9948-420586063a5f,白虹贯日,True,978840be-6c69-4b6c-91b2-03a6e1e7fde3,16,47.19,53.0,283000.0,2830000.0,10.0,low,8,0,0,8,18.38,46.88,49.0,65.75,70.0,57.37,64.45,8,100.0,0,1,6,1,0,0,8
1,652de4c5-3ffb-42af-9203-8e06a0c6411a,7afb3a3e-6663-4edc-b70c-e13ed8981547,金虎啸月,True,ed56aff1-b86b-4206-ba6f-d1c1d0ead9ca,16,58.19,65.5,415000.0,4150000.0,10.0,low,8,0,0,8,18.88,46.12,50.0,63.88,75.0,54.11,57.4,1,12.5,7,0,4,4,0,0,8
1,652de4c5-3ffb-42af-9203-8e06a0c6411a,7b0ab1d7-80c9-4fc1-a7d0-99de970e3d88,星月传奇,True,5a1305b1-6c9f-466f-90ba-497869aec914,17,55.18,60.5,370000.0,3700000.0,10.0,low,8,1,0,7,18.62,47.88,52.0,72.12,87.0,59.79,69.75,6,75.0,2,0,6,2,0,1,7
1,652de4c5-3ffb-42af-9203-8e06a0c6411a,7d71e69b-29f1-4c7d-8de4-bc6a2dccf449,朱雀焚霞,True,063f8474-c0c2-42ac-a632-72dd33d2156d,15,49.13,54.12,245000.0,2450000.0,10.0,low,8,0,0,8,18.75,46.88,51.0,64.38,74.0,54.75,63.45,6,75.0,2,1,2,5,0,0,8
1,652de4c5-3ffb-42af-9203-8e06a0c6411a,7dc1a3a9-470b-4a15-af2b-fed9f7ca88a6,十字军东,True,f5757d67-4592-4ae1-97d4-07b3a5db56d8,16,50.12,55.38,283000.0,2830000.0,10.0,low,8,0,0,8,18.62,45.88,53.0,66.5,78.0,54.66,60.85,6,75.0,2,0,3,5,0,0,8
1,652de4c5-3ffb-42af-9203-8e06a0c6411a,7dc3c021-193d-416e-bc57-45e6d3ed8e01,非洲雄狮,True,3ef58883-b984-4286-b63c-a994639b1eda,14,51.21,55.25,245000.0,2450000.0,10.0,low,8,0,0,8,18.62,44.25,46.0,67.0,81.0,54.49,59.2,6,75.0,2,0,4,4,0,0,8
1,652de4c5-3ffb-42af-9203-8e06a0c6411a,7fb53f55-06b4-4131-a874-be848d281649,峨眉女侠,True,85573765-1fce-4719-b455-9bedb7fc3852,16,51.12,55.75,622600.0,2830000.0,22.0,high,8,0,0,8,18.25,48.25,55.0,70.25,83.0,59.65,69.2,6,75.0,2,1,5,2,0,0,8
1,652de4c5-3ffb-42af-9203-8e06a0c6411a,80130085-d12e-47ab-81f1-c0b8fa674a06,街球之王,True,525cb008-853b-4a8e-9d81-87146fae5cde,16,63.44,71.38,518000.0,5180000.0,10.0,low,8,0,0,8,18.5,47.75,54.0,69.38,83.0,58.98,64.55,1,12.5,7,0,7,1,0,0,8
1,652de4c5-3ffb-42af-9203-8e06a0c6411a,8346aebc-cac4-49bf-a1e2-6fdf6fdc9a60,飓风之眼,True,85573765-1fce-4719-b455-9bedb7fc3852,17,50.06,56.75,539000.0,2450000.0,22.0,high,9,1,0,8,18.22,46.78,52.0,72.33,92.0,60.28,72.7,8,88.89,1,2,5,2,0,1,8
1,652de4c5-3ffb-42af-9203-8e06a0c6411a,84567e7d-096b-4367-b958-4abdbaecad31,乞力马扎,True,301a517b-11a1-45d9-81ce-e81905974e60,14,50.79,55.62,283000.0,2830000.0,10.0,low,8,0,0,8,18.88,47.25,54.0,63.5,80.0,55.56,67.15,4,50.0,4,0,6,2,0,0,8
1,652de4c5-3ffb-42af-9203-8e06a0c6411a,86036b21-4fa9-47dc-a2fd-9728e0e18feb,红黑恶魔,True,e223266b-c6e0-4a6a-a563-2102a14329cc,16,49.88,56.88,283000.0,2830000.0,10.0,low,8,0,0,8,18.38,48.0,50.0,70.5,78.0,59.62,63.35,8,100.0,0,2,3,3,0,0,8
1,652de4c5-3ffb-42af-9203-8e06a0c6411a,8698b7c7-8ee5-457a-beff-b198b61d6c98,南部之星,True,4a15f14c-28e8-4c2f-90de-d5363e91566a,16,46.75,52.25,283000.0,2830000.0,10.0,low,8,0,0,8,18.62,45.38,50.0,67.88,79.0,55.0,60.25,7,87.5,1,0,3,5,0,0,8
1,652de4c5-3ffb-42af-9203-8e06a0c6411a,8705046a-c699-4ed3-a2a3-bbb9e40e06b3,双峰巨驼,True,81e6f8c8-40b9-4a8e-a10f-70349088f131,16,53.94,60.12,370000.0,3700000.0,10.0,low,8,0,0,8,18.75,46.75,52.0,65.25,83.0,56.08,67.95,4,50.0,4,0,6,2,0,0,8
1,652de4c5-3ffb-42af-9203-8e06a0c6411a,8900177a-c5ca-40ad-bc40-e240fd6f2d9e,巨象踏天,True,063f8474-c0c2-42ac-a632-72dd33d2156d,16,49.12,54.88,245000.0,2450000.0,10.0,low,8,0,0,8,18.5,47.88,54.0,71.88,92.0,59.68,68.65,6,75.0,2,0,6,2,0,2,6
1,652de4c5-3ffb-42af-9203-8e06a0c6411a,89bd5a4e-fd08-4203-b76e-a76e5e40e750,驼峰运输,True,f6846932-f050-4653-9ecf-52a00fe9cb8b,15,52.73,57.25,717200.0,3260000.0,22.0,high,8,1,0,7,18.88,49.12,57.0,72.38,82.0,61.09,70.25,7,87.5,1,1,5,2,0,0,8
1,652de4c5-3ffb-42af-9203-8e06a0c6411a,8be9eaf8-038f-4155-ab53-13acbff4a34e,凤凰涅槃,True,80e76669-51ec-4483-90e0-04abceda5702,15,52.07,57.88,245000.0,2450000.0,10.0,low,8,0,0,8,18.5,46.62,51.0,67.25,79.0,55.91,61.6,7,87.5,1,0,4,4,0,0,8
1,652de4c5-3ffb-42af-9203-8e06a0c6411a,8c09e83c-4838-4d81-ac1d-2fc8970b5996,华山剑客,True,85573765-1fce-4719-b455-9bedb7fc3852,16,52.19,57.12,622600.0,2830000.0,22.0,high,8,0,0,8,18.12,48.38,51.0,72.25,84.0,60.62,67.3,6,75.0,2,1,5,2,0,0,8
1,652de4c5-3ffb-42af-9203-8e06a0c6411a,8c4bd183-3537-499a-a857-36da5ee3fcb8,天方夜谭,True,f6846932-f050-4653-9ecf-52a00fe9cb8b,16,49.94,55.0,283000.0,2830000.0,10.0,low,8,0,0,8,18.62,45.75,52.0,64.62,76.0,55.24,66.55,5,62.5,3,1,4,3,0,0,8
1,652de4c5-3ffb-42af-9203-8e06a0c6411a,8d55034d-d964-4216-a678-6b492b254d3a,金狼逐日,True,21145133-3f98-4f16-a80a-28ea1a3c0858,17,56.0,61.38,326000.0,3260000.0,10.0,low,8,0,0,8,18.75,46.38,53.0,63.12,76.0,54.91,62.65,4,50.0,4,0,6,2,0,0,8
1,652de4c5-3ffb-42af-9203-8e06a0c6411a,90127a81-e457-4c9d-9981-9a1d54ee9dc9,石油大亨,True,f5757d67-4592-4ae1-97d4-07b3a5db56d8,17,59.29,65.75,467000.0,4670000.0,10.0,low,8,1,0,7,18.62,50.38,59.0,72.38,82.0,62.27,74.9,4,50.0,4,2,4,2,0,0,8
1,652de4c5-3ffb-42af-9203-8e06a0c6411a,902585f2-0a29-457b-a8a7-6231e080c089,辛巴达航,True,b6ddea43-79ab-4ac6-959c-3171dbce21ff,16,59.75,69.0,580000.0,5800000.0,10.0,low,8,0,0,8,18.5,49.25,55.0,65.75,75.0,58.17,64.35,1,12.5,7,1,5,2,0,0,8
1,652de4c5-3ffb-42af-9203-8e06a0c6411a,9192b63a-62eb-41f8-8294-4e8ed7b21cc4,银狼啸天,True,978840be-6c69-4b6c-91b2-03a6e1e7fde3,16,55.0,60.75,370000.0,3700000.0,10.0,low,8,0,0,8,18.25,44.88,48.0,64.75,83.0,54.32,63.45,4,50.0,4,1,3,4,0,0,8
1,652de4c5-3ffb-42af-9203-8e06a0c6411a,93d4a341-f696-4847-9963-39f49030f4c9,太妃糖埃弗,True,b8d9fdd9-7a6c-43c2-910e-c0bb5fbd34fe,15,56.0,64.38,467000.0,4670000.0,10.0,low,8,0,0,8,18.62,48.12,57.0,70.62,88.0,58.25,68.95,4,50.0,4,0,4,4,0,1,7
1,652de4c5-3ffb-42af-9203-8e06a0c6411a,93f33371-f5bd-4f80-8652-b48419599822,雪山神鹰,True,063f8474-c0c2-42ac-a632-72dd33d2156d,17,55.29,60.38,814000.0,3700000.0,22.0,high,8,1,0,7,18.25,50.12,57.0,76.5,92.0,62.99,71.65,7,87.5,1,0,6,2,0,2,6
1,652de4c5-3ffb-42af-9203-8e06a0c6411a,95d02f9a-0c37-49b7-9a61-518ac5f7ef2c,复活节岛,True,301a517b-11a1-45d9-81ce-e81905974e60,16,53.12,57.88,370000.0,3700000.0,10.0,low,8,0,0,8,18.75,47.38,52.0,69.38,84.0,58.27,64.4,7,87.5,1,1,4,3,0,0,8
1,652de4c5-3ffb-42af-9203-8e06a0c6411a,95e4042e-52de-4df6-b5c9-7bc15fe0e2c6,库尔德勇,True,97f656a1-354e-476a-804e-57d7795aa34c,16,52.31,59.25,283000.0,2830000.0,10.0,low,8,0,0,8,18.5,45.38,51.0,68.12,80.0,57.11,62.95,6,75.0,2,1,5,2,0,0,8
1,652de4c5-3ffb-42af-9203-8e06a0c6411a,97bd3ccc-820c-47fd-8ff0-1acbd2dd5b90,水蟒巨蛇,True,5fde7b3c-5169-40e1-b27d-9965e3d15ab1,15,48.93,55.88,283000.0,2830000.0,10.0,low,8,0,0,8,18.62,47.25,53.0,68.0,94.0,57.59,70.15,6,75.0,2,0,6,2,0,1,7
1,652de4c5-3ffb-42af-9203-8e06a0c6411a,985d0af0-92b6-4101-a859-b4b3ade0c9c4,少林武僧,True,85573765-1fce-4719-b455-9bedb7fc3852,17,48.71,55.0,245000.0,2450000.0,10.0,low,8,0,0,8,18.5,46.12,52.0,68.5,90.0,57.69,67.25,7,87.5,1,0,7,1,0,1,7
1,652de4c5-3ffb-42af-9203-8e06a0c6411a,98d30838-3492-4b0c-8322-4314995bd393,一千零一夜,True,b6ddea43-79ab-4ac6-959c-3171dbce21ff,17,62.53,70.88,580000.0,5800000.0,10.0,low,8,0,0,8,18.62,46.25,50.0,72.62,83.0,58.62,69.3,4,50.0,4,1,3,4,0,0,8
1,652de4c5-3ffb-42af-9203-8e06a0c6411a,99300516-f774-4dff-8748-c4f8fa826f46,阿根廷梦,True,f166be2f-3d1b-40e7-b136-d4736138344e,16,54.88,62.38,467000.0,4670000.0,10.0,low,8,0,0,8,18.88,45.75,54.0,66.25,84.0,54.48,67.05,5,62.5,3,0,3,5,0,0,8
1,652de4c5-3ffb-42af-9203-8e06a0c6411a,998ee0cd-7f64-4845-9225-151320635338,赫塔菲蓝,True,7c131cbb-9f4f-4a27-acc5-3d703d63275b,16,58.0,65.38,814000.0,3700000.0,22.0,high,8,0,0,8,18.62,47.88,54.0,73.0,87.0,59.18,70.35,6,75.0,2,1,2,5,0,1,7
1,652de4c5-3ffb-42af-9203-8e06a0c6411a,99b60819-3bb0-4ea6-a313-e0e25f54fe6b,沙漠商队,True,81e6f8c8-40b9-4a8e-a10f-70349088f131,16,55.5,61.62,370000.0,3700000.0,10.0,low,8,0,0,8,18.62,46.75,54.0,67.5,83.0,57.09,73.05,4,50.0,4,1,4,3,0,0,8
1,652de4c5-3ffb-42af-9203-8e06a0c6411a,9a5d0d3c-b55b-4916-a8b2-f1259690c986,祖鲁战士,True,7d8f8bff-fe71-4f21-86ef-6e8835d8653d,16,50.44,55.62,283000.0,2830000.0,10.0,low,8,0,0,8,18.5,46.62,51.0,68.75,84.0,58.58,65.65,7,87.5,1,1,6,1,0,0,8
1,652de4c5-3ffb-42af-9203-8e06a0c6411a,9b967cfb-d53b-40d1-bafa-aa907b8d0163,凯门鳄凶,True,5fde7b3c-5169-40e1-b27d-9965e3d15ab1,16,48.56,53.75,283000.0,2830000.0,10.0,low,9,1,0,8,18.56,44.67,47.0,72.0,91.0,58.08,70.25,8,88.89,1,1,5,3,0,2,7
1,652de4c5-3ffb-42af-9203-8e06a0c6411a,9bbd18bf-ab3c-443c-9ff6-e552d4f5fef6,蓝军切尔西,True,b3969166-c99e-42ea-989f-ea1a807fbb29,16,64.94,73.12,518000.0,5180000.0,10.0,low,8,0,0,8,18.62,47.0,52.0,64.12,83.0,56.71,65.25,1,12.5,7,2,4,2,0,0,8
1,652de4c5-3ffb-42af-9203-8e06a0c6411a,9c415d32-dffa-4665-a9dd-71efc490b763,清真寺塔,True,f5757d67-4592-4ae1-97d4-07b3a5db56d8,16,55.88,61.75,326000.0,3260000.0,10.0,low,8,0,0,8,18.38,45.62,51.0,61.62,71.0,52.83,59.25,3,37.5,5,0,4,4,0,0,8
1,652de4c5-3ffb-42af-9203-8e06a0c6411a,9cd1ad3c-d8fb-4218-a634-2488d4756d21,尼罗河神,True,b6ddea43-79ab-4ac6-959c-3171dbce21ff,16,59.44,69.62,518000.0,5180000.0,10.0,low,8,0,0,8,18.62,48.88,56.0,72.88,82.0,60.67,71.05,5,62.5,3,1,4,3,0,0,8
1,652de4c5-3ffb-42af-9203-8e06a0c6411a,9d7bbfa0-9c00-41c4-a6a5-846ae2fdfac4,阿拉伯舞,True,f6846932-f050-4653-9ecf-52a00fe9cb8b,16,48.94,55.12,283000.0,2830000.0,10.0,low,8,0,0,8,18.5,47.12,52.0,72.25,82.0,60.43,69.05,8,100.0,0,3,2,3,0,0,8
1,652de4c5-3ffb-42af-9203-8e06a0c6411a,9d8b1cbe-4b94-4e17-9c47-a4a902b851d7,非洲大象,True,3ef58883-b984-4286-b63c-a994639b1eda,15,47.93,52.75,283000.0,2830000.0,10.0,low,8,0,0,8,18.5,46.0,49.0,67.75,94.0,56.29,70.3,7,87.5,1,2,1,5,0,1,7
1,652de4c5-3ffb-42af-9203-8e06a0c6411a,9df8fe36-708a-48f0-907f-d29e4b838083,足球精灵,True,29ec03d2-e39d-439b-ace6-9268533123ff,16,63.75,71.75,580000.0,5800000.0,10.0,low,8,0,0,8,18.62,52.12,57.0,70.5,80.0,61.89,66.3,1,12.5,7,1,5,2,0,0,8
1,652de4c5-3ffb-42af-9203-8e06a0c6411a,a0a40c58-92e7-4ee8-a1bd-d2ea7bfe8908,薛西斯军,True,3bbbf391-d072-458c-b316-23bb079f6409,16,48.88,53.88,283000.0,2830000.0,10.0,low,8,0,0,8,18.75,44.88,50.0,65.5,84.0,53.66,67.3,5,62.5,3,0,3,5,0,0,8
1,652de4c5-3ffb-42af-9203-8e06a0c6411a,a0c9921b-5fca-46a9-9356-3fc9360e0253,祖母绿光,True,f5757d67-4592-4ae1-97d4-07b3a5db56d8,16,48.5,56.5,245000.0,2450000.0,10.0,low,8,0,0,8,18.38,47.12,51.0,68.25,82.0,59.63,64.2,8,100.0,0,3,4,1,0,0,8
1,652de4c5-3ffb-42af-9203-8e06a0c6411a,a2332c17-c381-4780-b589-94c4f12f1991,克鲁格园,True,1e886f7d-fd94-4c98-96ea-273a8b3a6e29,17,48.24,53.75,622600.0,2830000.0,22.0,high,10,2,0,8,18.3,48.3,52.0,76.1,93.0,62.81,72.65,10,100.0,0,2,6,2,0,3,7
1,652de4c5-3ffb-42af-9203-8e06a0c6411a,a28c9ba2-440b-487e-bbf2-ccc2d2cfb323,飞驴切沃,True,a7b637f4-f78f-45ee-8aaf-64d9fef172ff,16,50.31,55.5,283000.0,2830000.0,10.0,low,8,0,0,8,18.62,45.62,50.0,68.0,92.0,56.69,67.6,5,62.5,3,0,6,2,0,1,7
1,652de4c5-3ffb-42af-9203-8e06a0c6411a,a4bd10dd-8eb2-4436-af34-ca71729a7606,美因茨红,True,51f4a3d3-c63e-45d9-9e79-c2cad398765f,14,50.29,54.38,283000.0,2830000.0,10.0,low,8,0,0,8,18.75,45.62,51.0,66.25,89.0,56.41,62.25,6,75.0,2,2,3,3,0,1,7
1,652de4c5-3ffb-42af-9203-8e06a0c6411a,a4c7a0b3-a574-48a6-8f5b-e87bf47b17bd,药厂勒沃,True,4a15f14c-28e8-4c2f-90de-d5363e91566a,15,50.87,57.12,283000.0,2830000.0,10.0,low,8,0,0,8,18.5,44.38,50.0,58.5,78.0,49.73,57.3,2,25.0,6,0,2,6,0,0,8
1,652de4c5-3ffb-42af-9203-8e06a0c6411a,a513e312-2947-41ac-8191-76c13178ef90,沙漠孤鹰,True,80e76669-51ec-4483-90e0-04abceda5702,16,56.19,63.12,326000.0,3260000.0,10.0,low,8,0,0,8,18.5,46.62,52.0,67.62,81.0,58.58,65.6,4,50.0,4,1,7,0,0,0,8
1,652de4c5-3ffb-42af-9203-8e06a0c6411a,a5671302-f5d6-497a-ae3f-c39c2f4eead3,日耳曼战,True,4a15f14c-28e8-4c2f-90de-d5363e91566a,17,49.06,55.12,283000.0,2830000.0,10.0,low,8,0,0,8,18.5,45.0,50.0,70.62,83.0,56.03,63.65,6,75.0,2,0,3,5,0,0,8
1,652de4c5-3ffb-42af-9203-8e06a0c6411a,a729c9b9-d105-471a-bb71-ffd3bf626fbf,麒麟踏云,True,063f8474-c0c2-42ac-a632-72dd33d2156d,16,50.06,54.5,245000.0,2450000.0,10.0,low,8,0,0,8,18.5,47.0,51.0,66.88,83.0,56.94,64.65,7,87.5,1,1,4,3,0,0,8
1,652de4c5-3ffb-42af-9203-8e06a0c6411a,a77b1305-eb69-4e84-a3b0-a68c1ed073e5,红魔曼联,True,b3969166-c99e-42ea-989f-ea1a807fbb29,17,59.41,70.0,1276000.0,5800000.0,22.0,high,8,1,0,7,18.38,48.75,53.0,81.0,94.0,65.76,73.45,6,75.0,2,2,5,1,0,2,6
1,652de4c5-3ffb-42af-9203-8e06a0c6411a,a7997283-358e-4c86-bb5c-1bbe865b736a,农场主富勒,True,b3969166-c99e-42ea-989f-ea1a807fbb29,16,62.19,70.5,373600.0,4670000.0,8.0,low,8,0,0,8,18.62,46.5,49.0,71.25,90.0,58.14,67.8,3,37.5,5,0,5,3,0,1,7
1,652de4c5-3ffb-42af-9203-8e06a0c6411a,a8b4d912-316d-4247-a375-5237b6dd9517,青龙偃月,True,359be255-59cf-483b-ab1f-c339c2748d5c,16,60.31,69.75,580000.0,5800000.0,10.0,low,8,0,0,8,18.62,47.38,54.0,71.12,83.0,59.06,70.3,3,37.5,5,1,4,3,0,0,8
1,652de4c5-3ffb-42af-9203-8e06a0c6411a,a8daeebf-77a6-467b-af74-82520b31d1df,食蚁兽长,True,301a517b-11a1-45d9-81ce-e81905974e60,16,52.25,57.62,283000.0,2830000.0,10.0,low,8,0,0,8,18.88,43.62,46.0,69.5,91.0,55.27,67.15,5,62.5,3,0,4,4,0,2,6
1,652de4c5-3ffb-42af-9203-8e06a0c6411a,a8f5236d-ed25-4d79-9fbc-2a6e237590f4,阿里巴巴,True,f6846932-f050-4653-9ecf-52a00fe9cb8b,16,48.81,55.12,622600.0,2830000.0,22.0,high,8,0,0,8,18.38,47.38,52.0,75.88,93.0,60.2,67.95,7,87.5,1,0,4,4,0,2,6
1,652de4c5-3ffb-42af-9203-8e06a0c6411a,a9abf299-7238-49ce-9147-f3a64cc2ce1b,公牛都灵,True,a7b637f4-f78f-45ee-8aaf-64d9fef172ff,17,51.18,55.62,622600.0,2830000.0,22.0,high,8,0,0,8,18.5,47.88,55.0,69.12,89.0,58.44,69.0,6,75.0,2,0,6,2,0,1,7
1,652de4c5-3ffb-42af-9203-8e06a0c6411a,a9b5b0e7-7b38-4883-8a10-f08b6e204fd0,狼堡沃尔夫,True,4a15f14c-28e8-4c2f-90de-d5363e91566a,16,49.0,54.25,245000.0,2450000.0,10.0,low,8,0,0,8,18.75,45.75,52.0,63.62,82.0,53.79,67.45,5,62.5,3,1,2,5,0,0,8
1,652de4c5-3ffb-42af-9203-8e06a0c6411a,a9e2ee7c-196e-406b-8a61-7a12de641391,猫眼石闪,True,5a1305b1-6c9f-466f-90ba-497869aec914,16,52.0,57.75,245000.0,2450000.0,10.0,low,8,0,0,8,18.62,46.0,49.0,63.75,73.0,53.49,59.35,4,50.0,4,0,3,5,0,0,8
1,652de4c5-3ffb-42af-9203-8e06a0c6411a,aac28b58-decc-4ebb-b817-1a1b4b7ed73a,阿拉维斯,True,4a15f14c-28e8-4c2f-90de-d5363e91566a,16,56.19,62.12,717200.0,3260000.0,22.0,high,9,1,0,8,18.44,51.56,60.0,81.78,90.0,66.71,71.85,8,88.89,1,1,6,2,0,4,5
1,652de4c5-3ffb-42af-9203-8e06a0c6411a,aadbd3a9-b5b8-40b3-bc10-fa7795c32060,蜜蜂布伦特,True,7c131cbb-9f4f-4a27-acc5-3d703d63275b,16,62.19,68.0,467000.0,4670000.0,10.0,low,8,1,0,7,18.38,48.12,54.0,68.62,88.0,59.35,71.3,2,25.0,6,1,6,1,0,1,7
1,652de4c5-3ffb-42af-9203-8e06a0c6411a,ad25703e-0053-415e-8523-0d2730ac9365,狼队伍尔弗,True,7c131cbb-9f4f-4a27-acc5-3d703d63275b,16,57.56,62.62,1027400.0,4670000.0,22.0,high,8,0,0,8,18.12,49.5,55.0,70.0,81.0,58.73,63.0,5,62.5,3,0,4,4,0,0,8
1,652de4c5-3ffb-42af-9203-8e06a0c6411a,ad44aa92-5680-4336-b85b-25d37bcc796f,大黄蜂多,True,4a15f14c-28e8-4c2f-90de-d5363e91566a,16,50.5,55.62,245000.0,2450000.0,10.0,low,8,0,0,8,18.5,46.25,50.0,70.38,94.0,58.11,69.6,6,75.0,2,0,6,2,0,1,7
1,652de4c5-3ffb-42af-9203-8e06a0c6411a,ae6dc05a-edf4-460a-8f15-00a7210e38db,老鹰水晶宫,True,7c131cbb-9f4f-4a27-acc5-3d703d63275b,15,60.6,68.0,415000.0,4150000.0,10.0,low,8,0,0,8,18.62,45.0,48.0,64.75,82.0,54.39,64.4,2,25.0,6,0,5,3,0,0,8
1,652de4c5-3ffb-42af-9203-8e06a0c6411a,ae87bcfc-d77a-4910-8d64-9fc17100da25,角马迁徙,True,3ef58883-b984-4286-b63c-a994639b1eda,16,50.0,55.5,283000.0,2830000.0,10.0,low,8,0,0,8,18.5,45.62,51.0,65.38,84.0,53.51,60.2,5,62.5,3,0,2,6,0,0,8
1,652de4c5-3ffb-42af-9203-8e06a0c6411a,af0a19de-6d42-4cff-8708-16eb0a12603c,马略卡岛,True,51f4a3d3-c63e-45d9-9e79-c2cad398765f,16,54.06,58.62,326000.0,3260000.0,10.0,low,8,0,0,8,18.62,46.12,50.0,66.0,78.0,55.57,59.65,6,75.0,2,1,3,4,0,0,8
1,652de4c5-3ffb-42af-9203-8e06a0c6411a,b04ea948-66e6-4998-863f-bcbc9927f0c7,食人鱼群,True,5fde7b3c-5169-40e1-b27d-9965e3d15ab1,16,47.94,52.25,622600.0,2830000.0,22.0,high,8,0,0,8,18.38,48.25,53.0,77.75,83.0,62.52,65.35,8,100.0,0,0,6,2,0,0,8
1,652de4c5-3ffb-42af-9203-8e06a0c6411a,b324d8ce-d613-460e-87db-74ad94d92d35,枪手兵工厂,True,b3969166-c99e-42ea-989f-ea1a807fbb29,16,58.94,67.62,518000.0,5180000.0,10.0,low,8,0,0,8,18.5,50.62,55.0,75.0,83.0,63.59,69.9,6,75.0,2,2,4,2,0,0,8
1,652de4c5-3ffb-42af-9203-8e06a0c6411a,b4107dca-e269-4f3a-8ab1-a36b3e309113,红军利物浦,True,b3969166-c99e-42ea-989f-ea1a807fbb29,15,64.2,69.25,518000.0,5180000.0,10.0,low,8,0,0,8,18.62,48.38,54.0,71.25,90.0,60.17,69.45,3,37.5,5,0,7,1,0,1,7
1,652de4c5-3ffb-42af-9203-8e06a0c6411a,b4921016-e7cb-4a6a-b6b1-be4c5a053f7b,青云直上,True,978840be-6c69-4b6c-91b2-03a6e1e7fde3,16,45.5,51.38,622600.0,2830000.0,22.0,high,8,1,0,7,18.5,47.12,52.0,85.0,100.0,64.67,72.45,8,100.0,0,0,5,3,2,1,5
1,652de4c5-3ffb-42af-9203-8e06a0c6411a,b60163ef-97d5-4976-8fed-85ae5dfc5b3f,塞尔塔天,True,51f4a3d3-c63e-45d9-9e79-c2cad398765f,16,55.56,62.5,326000.0,3260000.0,10.0,low,8,0,0,8,18.62,46.75,54.0,68.62,82.0,57.09,65.9,5,62.5,3,0,5,3,0,0,8
1,652de4c5-3ffb-42af-9203-8e06a0c6411a,b6d8396d-19f1-4386-88e0-93a3818eef4a,斑马条纹,True,3ef58883-b984-4286-b63c-a994639b1eda,17,47.76,54.5,622600.0,2830000.0,22.0,high,9,1,0,8,18.33,47.33,54.0,81.22,97.0,62.36,70.25,9,100.0,0,0,4,5,1,3,5
1,652de4c5-3ffb-42af-9203-8e06a0c6411a,b6dd5442-7f02-480a-9abd-e47600d0cfe6,金石为开,True,21145133-3f98-4f16-a80a-28ea1a3c0858,16,51.88,57.88,539000.0,2450000.0,22.0,high,8,0,0,8,18.5,46.5,49.0,80.88,99.0,61.47,68.95,8,100.0,0,0,3,5,1,2,5
1,652de4c5-3ffb-42af-9203-8e06a0c6411a,b757ce5d-d52d-4f60-93fe-8f5613340a47,乌拉圭牛,True,525cb008-853b-4a8e-9d81-87146fae5cde,16,55.81,60.75,326000.0,3260000.0,10.0,low,8,0,0,8,18.38,45.88,50.0,67.5,80.0,57.61,65.5,6,75.0,2,0,8,0,0,0,8
1,652de4c5-3ffb-42af-9203-8e06a0c6411a,b77ab317-4751-4e3a-aca1-21cad5ef5341,狂熊撼地,True,063f8474-c0c2-42ac-a632-72dd33d2156d,16,51.06,57.0,283000.0,2830000.0,10.0,low,8,0,0,8,18.62,47.0,54.0,68.62,84.0,58.73,68.55,6,75.0,2,1,6,1,0,0,8
1,652de4c5-3ffb-42af-9203-8e06a0c6411a,b9010125-c177-46f0-ac56-eda4ec51d4f8,红尘滚滚,True,978840be-6c69-4b6c-91b2-03a6e1e7fde3,16,50.5,56.88,283000.0,2830000.0,10.0,low,8,0,0,8,18.88,44.88,48.0,63.38,76.0,53.2,61.5,5,62.5,3,0,4,4,0,0,8
1,652de4c5-3ffb-42af-9203-8e06a0c6411a,b9155ad9-e3b9-436a-af60-85e08ee184d9,钢铁柏林,True,51f4a3d3-c63e-45d9-9e79-c2cad398765f,16,50.56,57.38,245000.0,2450000.0,10.0,low,8,0,0,8,18.62,47.0,54.0,70.75,88.0,58.19,66.95,6,75.0,2,0,5,3,0,1,7
1,652de4c5-3ffb-42af-9203-8e06a0c6411a,bc4fdf86-d4fc-406e-b527-32b06cd5f360,印加帝国,True,5fde7b3c-5169-40e1-b27d-9965e3d15ab1,16,54.44,59.38,370000.0,3700000.0,10.0,low,8,0,0,8,18.5,45.62,47.0,70.12,82.0,58.65,64.75,6,75.0,2,0,8,0,0,0,8
1,652de4c5-3ffb-42af-9203-8e06a0c6411a,bca64a9c-5aa4-4b59-a840-dccca22ca4ec,美洲豹王,True,5fde7b3c-5169-40e1-b27d-9965e3d15ab1,16,51.44,56.5,622600.0,2830000.0,22.0,high,8,1,0,7,18.38,48.12,56.0,72.75,85.0,61.21,71.05,7,87.5,1,1,6,1,0,1,7
1,652de4c5-3ffb-42af-9203-8e06a0c6411a,be2cac80-28c9-42b2-b208-fe897bc8bf38,紫电鹰扬,True,80e76669-51ec-4483-90e0-04abceda5702,16,56.75,62.75,326000.0,3260000.0,10.0,low,8,0,0,8,18.75,44.88,50.0,65.5,77.0,54.66,64.15,4,50.0,4,0,5,3,0,0,8
1,652de4c5-3ffb-42af-9203-8e06a0c6411a,bff686b7-f43b-4ee6-ab47-65f08e42f3e7,闪电杰尼,False,359be255-59cf-483b-ab1f-c339c2748d5c,15,58.0,66.5,580000.0,5800000.0,10.0,low,8,0,0,8,18.75,46.88,56.0,70.62,84.0,58.06,65.25,4,50.0,4,0,5,3,0,0,8
1,652de4c5-3ffb-42af-9203-8e06a0c6411a,c2e849d6-e49c-42a2-aded-da25324efa95,潘帕斯草,True,525cb008-853b-4a8e-9d81-87146fae5cde,16,61.25,66.88,467000.0,4670000.0,10.0,low,8,1,0,7,18.5,47.38,53.0,73.62,91.0,60.19,69.3,4,50.0,4,0,6,2,0,2,6
1,652de4c5-3ffb-42af-9203-8e06a0c6411a,c3a306c8-0370-4557-b17a-8cdc9b246873,金毛狮王,True,984e1619-0888-4e41-8645-d8265a23e11a,15,46.6,53.5,283000.0,2830000.0,10.0,low,8,0,0,8,18.88,45.75,51.0,66.5,73.0,56.09,64.35,7,87.5,1,1,4,3,0,0,8
1,652de4c5-3ffb-42af-9203-8e06a0c6411a,c567348e-56d2-41b5-b3bf-f12c1877cf25,绿茵魔术师,True,29ec03d2-e39d-439b-ace6-9268533123ff,16,61.81,72.75,518000.0,5180000.0,10.0,low,8,1,0,7,18.75,46.38,52.0,66.12,88.0,56.26,69.1,2,25.0,6,1,4,3,0,1,7
1,652de4c5-3ffb-42af-9203-8e06a0c6411a,c5695aa8-498f-413e-b73b-3d10e4c4ffff,蝙蝠军团,True,7c131cbb-9f4f-4a27-acc5-3d703d63275b,16,56.75,63.38,370000.0,3700000.0,10.0,low,8,0,0,8,18.5,45.88,51.0,75.38,89.0,59.15,63.95,7,87.5,1,0,4,4,0,1,7
1,652de4c5-3ffb-42af-9203-8e06a0c6411a,c866a5c5-bf7f-4657-927d-b32818896bd3,马赛勇士,True,7d8f8bff-fe71-4f21-86ef-6e8835d8653d,16,51.56,56.62,245000.0,2450000.0,10.0,low,8,0,0,8,18.12,47.62,57.0,63.0,81.0,57.04,68.85,5,62.5,3,3,3,2,0,0,8
1,652de4c5-3ffb-42af-9203-8e06a0c6411a,c8c72df5-e356-4b13-8e8f-ec88b7674dd2,紫百合佛,True,e223266b-c6e0-4a6a-a563-2102a14329cc,14,49.21,53.5,283000.0,2830000.0,10.0,low,8,0,0,8,18.5,46.25,52.0,62.12,67.0,54.39,57.15,7,87.5,1,0,6,2,0,0,8
1,652de4c5-3ffb-42af-9203-8e06a0c6411a,c9103d51-f0d0-4508-bbbc-cd0e215b80cb,三狮军团,True,b3969166-c99e-42ea-989f-ea1a807fbb29,17,61.06,71.62,518000.0,5180000.0,10.0,low,8,2,0,6,18.88,50.5,59.0,76.25,94.0,64.09,75.1,4,50.0,4,0,8,0,0,2,6
1,652de4c5-3ffb-42af-9203-8e06a0c6411a,c94a55b6-39c8-4129-81c7-f3b325e407be,沙漠之舟,True,81e6f8c8-40b9-4a8e-a10f-70349088f131,16,54.56,60.5,370000.0,3700000.0,10.0,low,8,0,0,8,18.5,46.38,53.0,65.38,83.0,56.92,65.3,5,62.5,3,2,4,2,0,0,8
1,652de4c5-3ffb-42af-9203-8e06a0c6411a,c9dd425d-59a1-4fa5-83c9-4b7ce2f7f429,巴塔哥尼,True,29ec03d2-e39d-439b-ace6-9268533123ff,16,57.94,65.0,913000.0,4150000.0,22.0,high,8,0,0,8,18.5,49.12,57.0,74.5,82.0,60.54,68.05,6,75.0,2,0,4,4,0,0,8
1,652de4c5-3ffb-42af-9203-8e06a0c6411a,cce953b5-24b2-4111-b169-c7ee24250baa,塞维利业,True,a7b637f4-f78f-45ee-8aaf-64d9fef172ff,15,51.8,59.88,370000.0,3700000.0,10.0,low,8,0,0,8,18.5,44.88,49.0,63.25,78.0,53.14,66.25,4,50.0,4,1,2,5,0,0,8
1,652de4c5-3ffb-42af-9203-8e06a0c6411a,ced36a6a-ff76-4d6e-b530-155bef975c6f,纳斯卡线,True,301a517b-11a1-45d9-81ce-e81905974e60,16,54.44,59.62,370000.0,3700000.0,10.0,low,8,0,0,8,18.5,45.75,51.0,67.25,94.0,55.43,70.15,4,50.0,4,0,4,4,0,1,7
1,652de4c5-3ffb-42af-9203-8e06a0c6411a,cf38b978-2024-45a7-8f20-99dfe99fa0b8,格拉纳达,True,51f4a3d3-c63e-45d9-9e79-c2cad398765f,14,53.64,60.12,370000.0,3700000.0,10.0,low,8,0,0,8,18.5,45.75,51.0,62.62,72.0,52.84,59.75,4,50.0,4,0,3,5,0,0,8
1,652de4c5-3ffb-42af-9203-8e06a0c6411a,cfbaab7e-1b94-4a03-b11d-ffe126ca94ae,刚果雨林,True,1e886f7d-fd94-4c98-96ea-273a8b3a6e29,16,47.5,53.12,539000.0,2450000.0,22.0,high,8,0,0,8,18.5,47.62,50.0,78.0,94.0,62.29,68.05,8,100.0,0,1,4,3,0,1,7
1,652de4c5-3ffb-42af-9203-8e06a0c6411a,d05a7cac-77cc-4fa9-8eba-d3db36881a4f,矿工沙尔,True,c88d210b-d92c-4ca6-b6ae-dbcbd50db99f,16,49.88,55.88,245000.0,2450000.0,10.0,low,8,0,0,8,18.75,46.38,51.0,71.75,81.0,57.79,64.85,8,100.0,0,0,4,4,0,0,8
1,652de4c5-3ffb-42af-9203-8e06a0c6411a,d1528662-c97b-4af7-ab2f-e98b795cdda4,斯图加特,True,c88d210b-d92c-4ca6-b6ae-dbcbd50db99f,16,49.44,56.0,283000.0,2830000.0,10.0,low,8,0,0,8,18.5,45.38,47.0,67.25,77.0,55.22,59.15,6,75.0,2,0,4,4,0,0,8
1,652de4c5-3ffb-42af-9203-8e06a0c6411a,d1c0d939-c777-4a8e-b87d-ede88c6e6abe,火狼焚原,True,21145133-3f98-4f16-a80a-28ea1a3c0858,16,55.62,62.75,370000.0,3700000.0,10.0,low,8,0,0,8,18.62,45.62,50.0,69.62,82.0,56.92,63.75,4,50.0,4,1,3,4,0,0,8
1,652de4c5-3ffb-42af-9203-8e06a0c6411a,d20dd201-3871-43d1-afee-f407f87659b4,居鲁士帝,True,3bbbf391-d072-458c-b316-23bb079f6409,16,48.81,54.12,245000.0,2450000.0,10.0,low,8,0,0,8,18.5,45.75,50.0,69.62,82.0,56.49,63.7,7,87.5,1,0,4,4,0,0,8
1,652de4c5-3ffb-42af-9203-8e06a0c6411a,d3286bd6-52f2-4571-afb5-cd2c361ab8ab,阿拉丁灯,True,f6846932-f050-4653-9ecf-52a00fe9cb8b,15,51.33,57.75,245000.0,2450000.0,10.0,low,8,0,0,8,18.75,45.25,47.0,64.38,77.0,54.36,59.15,4,50.0,4,0,5,3,0,0,8
1,652de4c5-3ffb-42af-9203-8e06a0c6411a,d3b66902-aa7c-408c-a3a8-2343ebc9cbe0,犀牛冲撞,True,063f8474-c0c2-42ac-a632-72dd33d2156d,15,48.67,54.0,283000.0,2830000.0,10.0,low,8,0,0,8,18.75,47.62,54.0,64.62,77.0,57.27,70.35,6,75.0,2,2,4,2,0,0,8
1,652de4c5-3ffb-42af-9203-8e06a0c6411a,d4b06680-c802-4b4f-8fd1-33bea289ade2,西海金龙,True,ed56aff1-b86b-4206-ba6f-d1c1d0ead9ca,16,61.94,69.62,1276000.0,5800000.0,22.0,high,9,1,0,8,18.44,49.89,57.0,77.22,96.0,62.86,73.25,6,66.67,3,0,6,3,1,0,8
1,652de4c5-3ffb-42af-9203-8e06a0c6411a,d69d7488-960a-4778-a79c-a0330172ef4a,绿白贝蒂,True,51f4a3d3-c63e-45d9-9e79-c2cad398765f,15,56.13,60.88,326000.0,3260000.0,10.0,low,8,0,0,8,18.75,47.38,52.0,66.75,86.0,58.59,70.4,4,50.0,4,2,5,1,0,1,7
1,652de4c5-3ffb-42af-9203-8e06a0c6411a,d871b731-c80d-4872-b5b2-59a8a7b126ee,圣保罗彩,True,7d8f8bff-fe71-4f21-86ef-6e8835d8653d,16,55.69,62.25,370000.0,3700000.0,10.0,low,8,0,0,8,18.25,44.75,47.0,61.62,77.0,53.34,61.95,2,25.0,6,0,6,2,0,0,8
1,652de4c5-3ffb-42af-9203-8e06a0c6411a,d89a5197-5cc5-4e06-971e-c198e16e5d18,桑布露族,True,7d8f8bff-fe71-4f21-86ef-6e8835d8653d,16,49.94,55.25,283000.0,2830000.0,10.0,low,9,1,0,8,18.56,46.0,55.0,68.22,85.0,57.56,67.9,6,66.67,3,2,4,3,0,1,8
1,652de4c5-3ffb-42af-9203-8e06a0c6411a,da33e4ad-66d5-433e-93ba-366a9c2daf3f,非洲野牛,True,3ef58883-b984-4286-b63c-a994639b1eda,16,49.25,54.62,283000.0,2830000.0,10.0,low,8,0,0,8,18.5,47.25,52.0,71.5,81.0,60.16,67.05,7,87.5,1,1,6,1,0,0,8
1,652de4c5-3ffb-42af-9203-8e06a0c6411a,da7e1fb6-644f-4f12-ac90-d8a9cf2d9645,真蓝黑亚,True,a7b637f4-f78f-45ee-8aaf-64d9fef172ff,16,51.0,55.75,283000.0,2830000.0,10.0,low,8,0,0,8,19.0,44.62,47.0,72.75,90.0,56.78,67.8,7,87.5,1,0,3,5,0,2,6
1,652de4c5-3ffb-42af-9203-8e06a0c6411a,de554813-103d-4ab7-a7b0-030d80a26303,阿拉伯军,True,97f656a1-354e-476a-804e-57d7795aa34c,16,48.69,52.62,283000.0,2830000.0,10.0,low,8,0,0,8,18.88,45.62,49.0,64.5,79.0,54.12,59.95,6,75.0,2,0,4,4,0,0,8
1,652de4c5-3ffb-42af-9203-8e06a0c6411a,de838a52-9057-4623-a707-fd29fd23e02c,霍村霍芬,True,c88d210b-d92c-4ca6-b6ae-dbcbd50db99f,16,47.69,52.5,283000.0,2830000.0,10.0,low,8,0,0,8,18.75,47.0,54.0,64.38,71.0,55.32,64.95,8,100.0,0,1,3,4,0,0,8
1,652de4c5-3ffb-42af-9203-8e06a0c6411a,df0c3811-9f00-451e-bd0a-4d22f839f910,红狼罗马,True,a7b637f4-f78f-45ee-8aaf-64d9fef172ff,16,48.88,53.0,283000.0,2830000.0,10.0,low,8,0,0,8,18.75,45.38,52.0,67.88,91.0,55.5,65.7,5,62.5,3,0,4,4,0,1,7
1,652de4c5-3ffb-42af-9203-8e06a0c6411a,df0cf5b2-3259-4822-b945-261c54e430ba,红牛莱比,True,4a15f14c-28e8-4c2f-90de-d5363e91566a,16,51.31,56.38,283000.0,2830000.0,10.0,low,8,0,0,8,18.75,45.0,48.0,65.12,79.0,54.06,67.95,5,62.5,3,1,2,5,0,0,8
1,652de4c5-3ffb-42af-9203-8e06a0c6411a,df29d5d7-141c-470c-b226-c2c18994aa4b,蓝鹰拉齐,True,e223266b-c6e0-4a6a-a563-2102a14329cc,16,49.38,53.75,283000.0,2830000.0,10.0,low,8,0,0,8,18.62,46.12,53.0,67.88,90.0,56.41,67.85,5,62.5,3,1,3,4,0,1,7
1,652de4c5-3ffb-42af-9203-8e06a0c6411a,e0c9eea6-67ef-4e89-adff-55007cad963b,撒丁岛卡,True,a7b637f4-f78f-45ee-8aaf-64d9fef172ff,16,48.94,55.75,283000.0,2830000.0,10.0,low,8,0,0,8,18.5,45.62,49.0,66.62,87.0,55.58,61.35,6,75.0,2,0,5,3,0,1,7
1,652de4c5-3ffb-42af-9203-8e06a0c6411a,e1027b61-123f-401b-b628-e0b3a79eaea6,阿散蒂金,True,7d8f8bff-fe71-4f21-86ef-6e8835d8653d,17,49.82,57.25,245000.0,2450000.0,10.0,low,8,1,0,7,18.38,46.38,51.0,68.25,95.0,55.72,68.25,5,62.5,3,0,3,5,1,0,7
1,652de4c5-3ffb-42af-9203-8e06a0c6411a,e1c28409-400e-4cae-b1a2-bf81ab44ac90,拉普拉塔,True,525cb008-853b-4a8e-9d81-87146fae5cde,15,59.13,64.88,415000.0,4150000.0,10.0,low,8,0,0,8,18.5,48.0,51.0,65.88,82.0,57.54,70.5,3,37.5,5,1,5,2,0,0,8
1,652de4c5-3ffb-42af-9203-8e06a0c6411a,e1ee3921-d9a9-48ce-a389-3fa4d0dcbf50,草原战狼,True,ed56aff1-b86b-4206-ba6f-d1c1d0ead9ca,16,58.31,63.75,370000.0,3700000.0,10.0,low,8,0,0,8,18.38,46.5,52.0,71.75,93.0,56.86,69.7,5,62.5,3,0,2,6,0,1,7
1,652de4c5-3ffb-42af-9203-8e06a0c6411a,e5e69a4d-63f0-4e62-addb-b51923c6289b,巴斯克雄,True,51f4a3d3-c63e-45d9-9e79-c2cad398765f,16,55.0,59.88,370000.0,3700000.0,10.0,low,8,0,0,8,18.38,45.12,48.0,65.62,89.0,54.85,64.45,4,50.0,4,0,5,3,0,1,7
1,652de4c5-3ffb-42af-9203-8e06a0c6411a,e5f8b687-80b4-4e5b-9398-0f67c674604a,绿洲明珠,True,b6ddea43-79ab-4ac6-959c-3171dbce21ff,17,59.65,67.25,580000.0,5800000.0,10.0,low,8,1,0,7,18.75,48.88,54.0,71.12,89.0,59.89,72.05,4,50.0,4,1,4,3,0,1,7
1,652de4c5-3ffb-42af-9203-8e06a0c6411a,e6003d82-a938-4dc4-864c-b63501f2ae70,尼罗河源,True,1e886f7d-fd94-4c98-96ea-273a8b3a6e29,15,50.53,56.0,283000.0,2830000.0,10.0,low,8,0,0,8,18.5,45.88,50.0,66.0,83.0,53.43,62.85,5,62.5,3,0,1,7,0,0,8
1,652de4c5-3ffb-42af-9203-8e06a0c6411a,e8069429-7f4a-4735-a309-c9f73c6a9942,能源霸主,True,f8c7642e-6116-431e-ab83-cd140737a4aa,16,60.38,67.38,415000.0,4150000.0,10.0,low,8,0,0,8,18.75,48.0,56.0,67.25,73.0,57.66,65.65,4,50.0,4,0,6,2,0,0,8
1,652de4c5-3ffb-42af-9203-8e06a0c6411a,e87b425e-c078-458e-8712-5812eb2007cd,赤龙焚天,True,359be255-59cf-483b-ab1f-c339c2748d5c,16,60.81,69.5,580000.0,5800000.0,10.0,low,9,1,0,8,18.33,49.22,55.0,68.67,92.0,58.19,72.55,2,22.22,7,0,5,4,0,1,8
1,652de4c5-3ffb-42af-9203-8e06a0c6411a,e94e5257-ab68-4ad7-847b-1173ce6578be,图西胡图,True,f166be2f-3d1b-40e7-b136-d4736138344e,16,47.94,52.75,245000.0,2450000.0,10.0,low,8,0,0,8,18.62,45.62,51.0,61.38,76.0,52.71,60.2,5,62.5,3,0,4,4,0,0,8
1,652de4c5-3ffb-42af-9203-8e06a0c6411a,e9dd35ad-da38-4f78-8495-797e678b3c20,香料之路,True,f6846932-f050-4653-9ecf-52a00fe9cb8b,16,50.06,56.0,283000.0,2830000.0,10.0,low,8,0,0,8,18.75,45.62,50.0,66.62,83.0,54.58,64.3,6,75.0,2,0,3,5,0,0,8
1,652de4c5-3ffb-42af-9203-8e06a0c6411a,eb2f1e87-4901-4c3f-93e5-4bc8a6a03f06,土耳其近,True,97f656a1-354e-476a-804e-57d7795aa34c,17,47.76,52.12,622600.0,2830000.0,22.0,high,8,1,0,7,18.25,48.0,53.0,79.88,91.0,61.84,68.85,8,100.0,0,0,3,5,0,3,5
1,652de4c5-3ffb-42af-9203-8e06a0c6411a,ed5c6eb4-7eaa-4484-8711-9333b2d11b16,波斯地毯,True,3bbbf391-d072-458c-b316-23bb079f6409,15,50.2,55.25,245000.0,2450000.0,10.0,low,8,0,0,8,18.88,47.38,54.0,71.38,83.0,58.67,69.9,7,87.5,1,1,3,4,0,0,8
1,652de4c5-3ffb-42af-9203-8e06a0c6411a,eeb45694-9f5a-4bb9-ab06-6b9b79d06670,紫电龙骑,True,359be255-59cf-483b-ab1f-c339c2748d5c,16,61.56,68.5,580000.0,5800000.0,10.0,low,8,0,0,8,18.62,44.38,49.0,68.5,89.0,55.23,69.0,2,25.0,6,0,4,4,0,1,7
1,652de4c5-3ffb-42af-9203-8e06a0c6411a,f040b65b-6bca-4d22-8209-5db13b34e775,探戈情人,True,525cb008-853b-4a8e-9d81-87146fae5cde,16,60.12,64.75,467000.0,4670000.0,10.0,low,8,0,0,8,18.75,47.88,57.0,70.0,80.0,59.33,68.4,6,75.0,2,2,3,3,0,0,8
1,652de4c5-3ffb-42af-9203-8e06a0c6411a,f0be488b-4f4e-4f97-9eb1-8868116d7b93,小海马萨,True,a7b637f4-f78f-45ee-8aaf-64d9fef172ff,17,49.06,55.12,622600.0,2830000.0,22.0,high,10,2,0,8,18.4,49.7,56.0,78.4,97.0,65.81,75.65,9,90.0,1,3,7,0,1,4,5
1,652de4c5-3ffb-42af-9203-8e06a0c6411a,f0c2b81f-e7a2-4001-8b08-d92dea47338f,不来梅绿,True,c88d210b-d92c-4ca6-b6ae-dbcbd50db99f,17,50.47,56.0,622600.0,2830000.0,22.0,high,9,1,0,8,18.67,47.78,51.0,78.33,97.0,61.31,73.7,8,88.89,1,0,4,5,1,1,7
1,652de4c5-3ffb-42af-9203-8e06a0c6411a,f13044b1-6e84-4b16-8f06-e695944e0bb7,亚马逊河,True,301a517b-11a1-45d9-81ce-e81905974e60,16,55.25,61.0,370000.0,3700000.0,10.0,low,8,0,0,8,18.75,46.88,51.0,69.62,83.0,59.61,65.05,5,62.5,3,1,7,0,0,0,8
1,652de4c5-3ffb-42af-9203-8e06a0c6411a,f239bd15-2cb8-4f6d-9d6f-5adea01696ff,圣徒南安普,True,7c131cbb-9f4f-4a27-acc5-3d703d63275b,16,59.81,68.62,415000.0,4150000.0,10.0,low,8,0,0,8,19.0,46.62,52.0,66.62,82.0,56.12,65.85,3,37.5,5,0,5,3,0,0,8
1,652de4c5-3ffb-42af-9203-8e06a0c6411a,f37aae86-41db-49a2-be9f-d239ed67a9d7,玛瑙石红,True,f5757d67-4592-4ae1-97d4-07b3a5db56d8,16,51.06,56.0,283000.0,2830000.0,10.0,low,8,0,0,8,18.5,46.25,50.0,67.75,82.0,56.92,62.4,7,87.5,1,0,6,2,0,0,8
1,652de4c5-3ffb-42af-9203-8e06a0c6411a,f3ec8fde-fe3c-43c9-aec6-6084ea0ce620,汽油骑士,True,b6ddea43-79ab-4ac6-959c-3171dbce21ff,16,57.88,63.38,467000.0,4670000.0,10.0,low,8,0,0,8,18.62,49.88,53.0,71.5,88.0,61.11,68.55,4,50.0,4,0,7,1,0,1,7
1,652de4c5-3ffb-42af-9203-8e06a0c6411a,f5fab24c-152b-4150-ae51-5faa82e9aff4,白百合热,True,b3969166-c99e-42ea-989f-ea1a807fbb29,16,65.44,74.5,464000.0,5800000.0,8.0,low,8,0,0,8,18.62,47.38,51.0,71.25,82.0,58.12,66.95,1,12.5,7,0,4,4,0,0,8
1,652de4c5-3ffb-42af-9203-8e06a0c6411a,fb87ae66-a9df-487c-ab8a-5840eeac1d07,雷霆万钧,True,21145133-3f98-4f16-a80a-28ea1a3c0858,15,49.27,56.5,622600.0,2830000.0,22.0,high,8,0,0,8,18.75,47.5,57.0,78.75,99.0,60.56,68.95,8,100.0,0,0,2,6,1,1,6
1,652de4c5-3ffb-42af-9203-8e06a0c6411a,fc06cf91-c305-493c-84ba-bd93802991fc,热带雨林,True,1e886f7d-fd94-4c98-96ea-273a8b3a6e29,16,52.56,58.12,326000.0,3260000.0,10.0,low,8,0,0,8,18.5,46.12,49.0,76.0,93.0,61.57,70.8,7,87.5,1,2,4,2,0,2,6
1,652de4c5-3ffb-42af-9203-8e06a0c6411a,fd2d0447-d660-47dd-a0dc-12f7ebfc2e65,银河战舰,True,b8d9fdd9-7a6c-43c2-910e-c0bb5fbd34fe,16,56.25,61.25,326000.0,3260000.0,10.0,low,8,0,0,8,18.5,47.38,51.0,70.25,89.0,59.17,63.9,6,75.0,2,0,7,1,0,1,7
1,652de4c5-3ffb-42af-9203-8e06a0c6411a,fd2f2ffd-b02d-4117-b2aa-f0c1c9b83553,森林之语,True,978840be-6c69-4b6c-91b2-03a6e1e7fde3,16,48.69,55.5,245000.0,2450000.0,10.0,low,8,0,0,8,18.62,45.88,48.0,65.5,81.0,55.71,63.2,6,75.0,2,0,6,2,0,0,8
1,652de4c5-3ffb-42af-9203-8e06a0c6411a,fdb06b8f-684f-4761-b62e-22e64c5971b5,波斯猫王,True,3bbbf391-d072-458c-b316-23bb079f6409,15,47.27,52.88,245000.0,2450000.0,10.0,low,8,0,0,8,18.62,46.38,49.0,63.38,84.0,54.02,62.2,7,87.5,1,1,2,5,0,0,8
1,652de4c5-3ffb-42af-9203-8e06a0c6411a,fde969e3-86ac-462d-bbc1-963eab38b504,沙漠之狐,True,b6ddea43-79ab-4ac6-959c-3171dbce21ff,17,60.24,69.12,580000.0,5800000.0,10.0,low,9,1,0,8,18.56,44.44,47.0,73.0,97.0,57.07,69.85,3,33.33,6,0,4,5,1,1,7
1,652de4c5-3ffb-42af-9203-8e06a0c6411a,fe128fb9-67f0-4d49-80e5-bb6292a71be2,铁翼飞鹰,True,80e76669-51ec-4483-90e0-04abceda5702,16,55.62,61.75,370000.0,3700000.0,10.0,low,8,0,0,8,18.75,44.75,46.0,67.0,84.0,56.26,65.1,4,50.0,4,0,7,1,0,0,8
1,652de4c5-3ffb-42af-9203-8e06a0c6411a,ff2dd69b-ac4c-4ce3-af23-521daf536eed,斑马军团,True,e223266b-c6e0-4a6a-a563-2102a14329cc,16,51.06,58.12,283000.0,2830000.0,10.0,low,9,1,0,8,18.11,47.56,52.0,67.44,86.0,59.39,68.8,7,77.78,2,3,5,1,0,1,8
1,652de4c5-3ffb-42af-9203-8e06a0c6411a,ff55cef1-9862-4d72-9ba4-3d241938741b,巴格达城,True,97f656a1-354e-476a-804e-57d7795aa34c,17,54.65,59.75,370000.0,3700000.0,10.0,low,8,1,0,7,18.75,45.75,56.0,68.75,89.0,56.1,72.85,5,62.5,3,0,4,4,0,1,7
2,2b6b23bb-e7cd-46fd-b899-a0a9e3a96237,00983e2e-e8bd-47be-a022-5774b994caa7,蓝黑战士,True,e223266b-c6e0-4a6a-a563-2102a14329cc,16,48.44,56.38,579242.95,2632922.5,22.0,high,8,0,0,8,19.62,47.0,50.0,66.62,82.0,56.83,64.05,6,75.0,2,0,6,2,0,0,8
2,2b6b23bb-e7cd-46fd-b899-a0a9e3a96237,0192de1b-b1f4-4f4b-af0f-934452bda0d1,武当太极,True,85573765-1fce-4719-b455-9bedb7fc3852,17,50.29,56.25,654857.65,2976625.7,22.0,high,8,0,0,8,19.12,45.88,50.0,71.75,86.0,59.02,67.1,7,87.5,1,1,5,2,0,1,7
2,2b6b23bb-e7cd-46fd-b899-a0a9e3a96237,02674860-147a-44e2-843a-da5f0e9f81bc,蓝宝石海,True,5a1305b1-6c9f-466f-90ba-497869aec914,17,50.24,54.75,574630.56,2611957.1,22.0,high,8,0,0,8,19.5,49.12,55.0,78.62,94.0,63.4,78.55,8,100.0,0,1,4,3,0,4,4
2,2b6b23bb-e7cd-46fd-b899-a0a9e3a96237,03832f41-a31c-4d42-a687-158df7a831d7,魔毯飞行,True,f6846932-f050-4653-9ecf-52a00fe9cb8b,17,51.59,58.75,569631.48,2589234.0,22.0,high,8,0,0,8,19.25,48.5,58.0,78.88,92.0,62.67,69.9,8,100.0,0,0,5,3,0,1,7
2,2b6b23bb-e7cd-46fd-b899-a0a9e3a96237,090b2c3b-fb42-4eaa-a978-2463ed4dc234,玄武镇海,True,80e76669-51ec-4483-90e0-04abceda5702,16,50.38,58.0,242374.88,3029686.0,8.0,low,8,0,0,8,19.25,45.12,50.0,63.5,73.0,53.39,59.65,5,62.5,3,0,4,4,0,0,8
2,2b6b23bb-e7cd-46fd-b899-a0a9e3a96237,0a5b6a82-d483-486a-9d11-592a154fbf0c,绿洲驼队,True,81e6f8c8-40b9-4a8e-a10f-70349088f131,17,55.82,61.88,386541.27,3865412.7,10.0,low,8,0,0,8,19.38,47.0,50.0,67.12,92.0,57.06,70.9,3,37.5,5,1,4,3,0,1,7
2,2b6b23bb-e7cd-46fd-b899-a0a9e3a96237,0fc36386-3ee4-4343-9c56-3b6ccc661da3,猎豹闪电,True,984e1619-0888-4e41-8645-d8265a23e11a,17,45.71,54.12,648037.36,2945624.38,22.0,high,8,0,0,8,19.5,49.5,57.0,78.38,91.0,62.99,68.95,8,100.0,0,1,3,4,0,2,6
2,2b6b23bb-e7cd-46fd-b899-a0a9e3a96237,1135d594-4576-4c49-8126-ef5d77f4c9de,烈焰狂狮,True,984e1619-0888-4e41-8645-d8265a23e11a,16,53.62,58.12,653409.7,2970044.1,22.0,high,8,0,0,8,19.25,48.25,54.0,76.62,93.0,63.52,76.2,8,100.0,0,2,5,1,0,2,6
2,2b6b23bb-e7cd-46fd-b899-a0a9e3a96237,11bbc8df-418e-40ea-a638-3ee287139ed6,雪豹冰山,True,984e1619-0888-4e41-8645-d8265a23e11a,16,52.12,59.5,297530.67,2975306.7,10.0,low,8,0,0,8,19.75,46.75,52.0,66.25,83.0,58.02,69.75,6,75.0,2,3,3,2,0,0,8
2,2b6b23bb-e7cd-46fd-b899-a0a9e3a96237,121a8ce8-a60e-4dbc-8943-f888ae0138df,波斯勇士,True,81e6f8c8-40b9-4a8e-a10f-70349088f131,16,52.75,58.88,734383.72,3338107.8,22.0,high,8,0,0,8,19.38,48.5,53.0,77.5,92.0,63.55,67.6,8,100.0,0,2,4,2,0,2,6
2,2b6b23bb-e7cd-46fd-b899-a0a9e3a96237,12b9b35d-129c-462a-b966-ec1e353e0928,苍鹰搏兔,True,80e76669-51ec-4483-90e0-04abceda5702,16,56.75,65.38,386991.72,3869917.2,10.0,low,8,0,0,8,19.38,45.25,52.0,66.38,83.0,55.76,64.1,3,37.5,5,0,6,2,0,0,8
2,2b6b23bb-e7cd-46fd-b899-a0a9e3a96237,13ff2225-f620-4205-8acb-fc3b5053862a,非洲犀牛,True,3ef58883-b984-4286-b63c-a994639b1eda,17,49.88,57.5,297339.52,2973395.2,10.0,low,8,0,0,8,19.88,47.88,52.0,68.88,88.0,58.33,70.2,7,87.5,1,1,4,3,0,1,7
2,2b6b23bb-e7cd-46fd-b899-a0a9e3a96237,163b7787-c249-4bfa-8242-a0f2b860d2cf,大地之力,True,978840be-6c69-4b6c-91b2-03a6e1e7fde3,16,51.81,59.62,259210.58,2592105.8,10.0,low,8,0,0,8,19.62,45.5,52.0,64.88,87.0,54.72,60.8,4,50.0,4,0,5,3,0,1,7
2,2b6b23bb-e7cd-46fd-b899-a0a9e3a96237,1737da78-c242-462b-8962-3694873576be,雄鹰法兰,True,4a15f14c-28e8-4c2f-90de-d5363e91566a,17,52.06,59.62,294948.93,2949489.3,10.0,low,8,0,0,8,19.25,45.62,51.0,61.25,73.0,53.66,61.8,3,37.5,5,0,6,2,0,0,8
2,2b6b23bb-e7cd-46fd-b899-a0a9e3a96237,18090434-c547-4e31-bc35-c7efb038c31d,宇宙巴萨,True,b8d9fdd9-7a6c-43c2-910e-c0bb5fbd34fe,16,57.19,65.5,346419.23,3464192.3,10.0,low,8,0,0,8,19.5,46.88,53.0,63.25,80.0,55.74,62.75,2,25.0,6,1,5,2,0,0,8
2,2b6b23bb-e7cd-46fd-b899-a0a9e3a96237,1950e07c-a077-441f-b406-16b12daa45c7,西班牙人,True,c88d210b-d92c-4ca6-b6ae-dbcbd50db99f,16,51.94,58.12,349328.44,3493284.4,10.0,low,8,0,0,8,19.75,45.12,49.0,68.5,86.0,55.64,67.15,6,75.0,2,1,2,5,0,1,7
2,2b6b23bb-e7cd-46fd-b899-a0a9e3a96237,19d4e548-1c7f-4706-a0df-f0446a99c617,金豹捕猎,True,984e1619-0888-4e41-8645-d8265a23e11a,16,50.0,56.75,297746.09,2977460.9,10.0,low,8,0,0,8,19.5,48.25,53.0,66.88,78.0,59.63,70.25,8,100.0,0,3,4,1,0,0,8
2,2b6b23bb-e7cd-46fd-b899-a0a9e3a96237,1a3f033a-4e73-46cb-8f58-d20c32e04fd2,西域雪狼,True,ed56aff1-b86b-4206-ba6f-d1c1d0ead9ca,16,56.56,65.0,432459.46,4324594.6,10.0,medium,8,0,0,8,19.62,47.0,51.0,70.0,88.0,57.85,69.65,4,50.0,4,0,5,3,0,2,6
2,2b6b23bb-e7cd-46fd-b899-a0a9e3a96237,1c91e42f-e538-4301-89c5-50c7324055dc,高乔骑士,True,29ec03d2-e39d-439b-ace6-9268533123ff,16,60.31,65.88,1081276.37,4914892.6,22.0,high,8,0,0,8,19.38,48.62,54.0,74.12,82.0,61.1,68.6,7,87.5,1,0,6,2,0,0,8
2,2b6b23bb-e7cd-46fd-b899-a0a9e3a96237,1e00f974-ec58-4b4c-be20-faf412d9027e,汉诺威红,True,c88d210b-d92c-4ca6-b6ae-dbcbd50db99f,16,51.12,59.75,261947.86,2619478.6,10.0,low,8,0,0,8,19.25,46.75,54.0,68.5,81.0,57.54,67.2,6,75.0,2,1,4,3,0,0,8
2,2b6b23bb-e7cd-46fd-b899-a0a9e3a96237,1f522e60-e720-4a28-a30d-1352879957b4,弯月之星,True,f5757d67-4592-4ae1-97d4-07b3a5db56d8,17,54.47,60.25,383844.57,3838445.7,10.0,low,8,0,0,8,19.62,46.75,51.0,71.62,76.0,57.94,64.25,7,87.5,1,0,4,4,0,0,8
2,2b6b23bb-e7cd-46fd-b899-a0a9e3a96237,1fc0382f-e8e4-4817-8a9b-86acd3f47e81,冰狼踏雪,True,21145133-3f98-4f16-a80a-28ea1a3c0858,16,56.88,65.25,756891.34,3440415.2,22.0,high,8,0,0,8,19.25,48.12,57.0,77.62,93.0,63.9,79.2,6,75.0,2,2,5,1,0,2,6
2,2b6b23bb-e7cd-46fd-b899-a0a9e3a96237,20979679-9c36-4bfc-8639-cd644706a4f1,皇家社会,True,b8d9fdd9-7a6c-43c2-910e-c0bb5fbd34fe,17,54.53,61.5,842631.39,3830142.7,22.0,high,8,0,0,8,19.38,47.5,55.0,77.38,94.0,61.94,69.55,7,87.5,1,1,4,3,0,2,6
2,2b6b23bb-e7cd-46fd-b899-a0a9e3a96237,2125a9ec-76c0-4c3f-90e8-039afd4c2e5e,山楂球西布,True,7c131cbb-9f4f-4a27-acc5-3d703d63275b,16,58.0,67.25,491325.99,4913259.9,10.0,low,8,0,0,8,19.5,46.12,55.0,63.25,83.0,54.33,69.15,2,25.0,6,0,5,3,0,0,8
2,2b6b23bb-e7cd-46fd-b899-a0a9e3a96237,225a9ffb-e671-4019-93cc-cbc6572216de,草原猎鹰,True,80e76669-51ec-4483-90e0-04abceda5702,16,54.62,62.0,389295.22,3892952.2,10.0,low,8,0,0,8,19.5,46.25,49.0,72.62,84.0,58.12,70.2,6,75.0,2,1,2,5,0,0,8
2,2b6b23bb-e7cd-46fd-b899-a0a9e3a96237,23d24ae7-74bc-4ad2-9b70-0df8e9f10c5d,威尼斯假,True,525cb008-853b-4a8e-9d81-87146fae5cde,16,59.69,67.75,284184.5,3552306.28,8.0,low,8,0,0,8,19.62,46.88,50.0,71.12,84.0,58.29,66.75,4,50.0,4,0,5,3,0,0,8
2,2b6b23bb-e7cd-46fd-b899-a0a9e3a96237,242e04d1-fbaf-4773-9832-f963bb36cdbf,贝都因骑,True,97f656a1-354e-476a-804e-57d7795aa34c,16,50.88,59.38,654371.26,2974414.8,22.0,high,8,0,0,8,19.12,47.62,56.0,81.25,85.0,63.76,71.05,8,100.0,0,0,6,2,0,1,7
2,2b6b23bb-e7cd-46fd-b899-a0a9e3a96237,2465461a-8563-46cd-873a-baaa6a467841,大流士王,True,3bbbf391-d072-458c-b316-23bb079f6409,16,51.5,60.38,296672.93,2966729.3,10.0,low,8,0,0,8,19.5,45.25,48.0,70.12,84.0,57.94,61.65,6,75.0,2,1,5,2,0,0,8
2,2b6b23bb-e7cd-46fd-b899-a0a9e3a96237,246f43f2-0e83-4eb6-8f73-abd9beda391d,蓝月亮城,True,b3969166-c99e-42ea-989f-ea1a807fbb29,17,63.94,71.62,455208.89,4552088.93,10.0,low,8,0,0,8,19.62,48.25,55.0,74.38,84.0,61.51,68.4,4,50.0,4,2,3,3,0,0,8
2,2b6b23bb-e7cd-46fd-b899-a0a9e3a96237,249c854a-a6cf-4ef6-b379-4253c33a08f4,非洲猎豹,True,3ef58883-b984-4286-b63c-a994639b1eda,17,52.06,58.62,650491.96,2956781.65,22.0,high,8,2,0,6,19.5,49.62,54.0,75.0,88.0,64.54,75.3,7,87.5,1,3,5,0,0,2,6
2,2b6b23bb-e7cd-46fd-b899-a0a9e3a96237,24ee4c01-522f-45bb-b7b2-f6a47a1598d3,罗马狼王,True,e223266b-c6e0-4a6a-a563-2102a14329cc,17,52.41,60.75,231533.98,2894174.7,8.0,low,8,0,0,8,19.38,47.5,53.0,67.88,85.0,57.17,66.15,5,62.5,3,0,5,3,0,1,7
2,2b6b23bb-e7cd-46fd-b899-a0a9e3a96237,2678b819-3da4-4304-a4fc-0973fd2f630e,塞伦盖蒂,True,1e886f7d-fd94-4c98-96ea-273a8b3a6e29,16,49.94,56.12,297055.86,2970558.6,10.0,low,8,0,0,8,19.75,46.75,51.0,70.0,84.0,58.21,66.5,6,75.0,2,1,4,3,0,0,8
2,2b6b23bb-e7cd-46fd-b899-a0a9e3a96237,274fc978-b187-40f1-ab2e-8de5ba54d181,天然气王,True,b6ddea43-79ab-4ac6-959c-3171dbce21ff,16,57.94,65.75,347798.23,4347477.9,8.0,low,8,0,0,8,19.5,45.25,50.0,68.12,90.0,56.54,67.8,3,37.5,5,1,4,3,0,2,6
2,2b6b23bb-e7cd-46fd-b899-a0a9e3a96237,27550134-d903-4055-ab54-4af1341d4314,撒哈拉驼,True,b6ddea43-79ab-4ac6-959c-3171dbce21ff,16,60.94,68.38,434621.38,5432767.2,8.0,low,8,1,0,7,19.88,51.75,57.0,75.25,88.0,63.33,72.95,4,50.0,4,1,4,3,0,1,7
2,2b6b23bb-e7cd-46fd-b899-a0a9e3a96237,278885b1-f652-4775-92de-8dcd14d9bc93,图阿雷格,True,97f656a1-354e-476a-804e-57d7795aa34c,16,51.31,60.38,664072.62,3018511.9,22.0,high,8,1,0,7,19.62,45.75,51.0,74.25,95.0,57.58,69.5,6,75.0,2,0,2,6,1,1,6
2,2b6b23bb-e7cd-46fd-b899-a0a9e3a96237,27a76999-b51f-4c41-b3d6-da7989a5c411,黑虎掏心,True,21145133-3f98-4f16-a80a-28ea1a3c0858,17,58.24,63.5,484651.5,4846515.0,10.0,low,8,0,0,8,19.5,47.5,52.0,69.88,84.0,58.57,66.15,4,50.0,4,0,6,2,0,0,8
2,2b6b23bb-e7cd-46fd-b899-a0a9e3a96237,296adf8c-b827-4c9d-8bb5-41e1f387f372,水豚憨态,True,5fde7b3c-5169-40e1-b27d-9965e3d15ab1,16,52.81,61.5,294967.61,2949676.1,10.0,low,8,0,0,8,19.38,47.12,50.0,67.62,84.0,56.85,65.1,4,50.0,4,1,3,4,0,0,8
2,2b6b23bb-e7cd-46fd-b899-a0a9e3a96237,2aab03b8-1a68-409b-b46b-324058dca0c6,科隆山羊,True,51f4a3d3-c63e-45d9-9e79-c2cad398765f,15,47.8,53.25,654034.46,2972883.9,22.0,high,8,0,0,8,19.25,48.12,53.0,74.0,88.0,60.77,66.25,8,100.0,0,0,6,2,0,1,7
2,2b6b23bb-e7cd-46fd-b899-a0a9e3a96237,2b6cd430-daf3-4110-b52c-78be813d14e5,刚果王国,True,7d8f8bff-fe71-4f21-86ef-6e8835d8653d,17,49.0,59.25,244347.39,3054342.4,8.0,low,8,0,0,8,19.75,46.0,52.0,64.0,77.0,53.6,59.4,5,62.5,3,0,3,5,0,0,8
2,2b6b23bb-e7cd-46fd-b899-a0a9e3a96237,2d385586-589a-4f5c-8534-6ff244cf310c,阿拉伯夜,True,f5757d67-4592-4ae1-97d4-07b3a5db56d8,17,56.18,65.0,537522.59,5375225.9,10.0,low,8,0,0,8,19.5,48.0,53.0,68.62,79.0,59.78,70.25,4,50.0,4,2,5,1,0,0,8
2,2b6b23bb-e7cd-46fd-b899-a0a9e3a96237,2e48ed42-88f4-4899-9cf5-ecad75931d4a,北方苍狼,True,21145133-3f98-4f16-a80a-28ea1a3c0858,16,54.12,61.25,768322.92,3492376.9,22.0,high,8,0,0,8,19.62,47.0,53.0,77.88,90.0,61.39,73.45,7,87.5,1,1,3,4,0,1,7
2,2b6b23bb-e7cd-46fd-b899-a0a9e3a96237,2e94468c-2436-4f60-80d5-78d7147a1bb6,石化巨人,True,81e6f8c8-40b9-4a8e-a10f-70349088f131,16,59.38,67.5,868606.16,3948209.8,22.0,high,8,0,0,8,19.38,47.38,50.0,74.0,85.0,59.86,62.65,4,50.0,4,0,5,3,0,1,7
2,2b6b23bb-e7cd-46fd-b899-a0a9e3a96237,2f61c6ea-7c93-4f2f-807a-9c17b26fd688,长颈鹿颈,True,f166be2f-3d1b-40e7-b136-d4736138344e,16,54.38,62.38,266660.64,3333258.0,8.0,low,8,0,0,8,19.5,47.12,56.0,67.38,73.0,57.24,63.4,6,75.0,2,1,4,3,0,0,8
2,2b6b23bb-e7cd-46fd-b899-a0a9e3a96237,2fa52165-4377-45e5-8d06-9e18100f6c99,北海苍龙,True,359be255-59cf-483b-ab1f-c339c2748d5c,17,61.82,68.12,1353051.85,6150235.7,22.0,high,8,2,0,6,19.62,52.0,56.0,82.5,96.0,66.72,76.0,7,87.5,1,1,4,3,1,2,5
2,2b6b23bb-e7cd-46fd-b899-a0a9e3a96237,317e8d83-dc2d-4179-8a43-55ef610cd565,沙滩足球,True,29ec03d2-e39d-439b-ace6-9268533123ff,16,63.25,72.25,606124.74,6061247.4,10.0,low,8,0,0,8,19.75,46.5,49.0,72.88,87.0,58.37,64.1,3,37.5,5,0,4,4,0,1,7
2,2b6b23bb-e7cd-46fd-b899-a0a9e3a96237,33e39c40-1488-4a7e-8145-00280a237aed,花车巡游,True,525cb008-853b-4a8e-9d81-87146fae5cde,16,56.5,62.88,945177.13,4296259.7,22.0,high,8,0,0,8,19.25,49.5,59.0,75.75,83.0,62.81,71.05,8,100.0,0,1,5,2,0,0,8
2,2b6b23bb-e7cd-46fd-b899-a0a9e3a96237,3616958e-ca58-4b30-91ed-d810a9409d5b,大津巴布,True,7d8f8bff-fe71-4f21-86ef-6e8835d8653d,17,47.94,58.38,566289.39,2574042.7,22.0,high,8,1,0,7,19.38,48.25,58.0,81.38,100.0,64.16,78.0,7,87.5,1,1,4,3,2,1,5
2,2b6b23bb-e7cd-46fd-b899-a0a9e3a96237,37af924e-79a8-4895-8c85-c8c3a43d0ce0,马赛马拉,True,1e886f7d-fd94-4c98-96ea-273a8b3a6e29,16,50.19,56.62,303230.96,3032309.58,10.0,medium,8,0,0,8,19.25,46.75,52.0,73.88,84.0,60.46,67.95,7,87.5,1,2,3,3,0,0,8
2,2b6b23bb-e7cd-46fd-b899-a0a9e3a96237,37d0221b-b783-41ef-ba45-4afbadfcca2e,黑金帝国,True,f5757d67-4592-4ae1-97d4-07b3a5db56d8,16,62.38,66.75,858380.31,3901728.7,22.0,high,8,1,0,7,19.38,48.25,58.0,76.25,85.0,61.85,73.0,7,87.5,1,1,4,3,0,1,7
2,2b6b23bb-e7cd-46fd-b899-a0a9e3a96237,37e823df-a354-48ba-9cb9-a5f2aa80b09e,单峰快驼,True,3bbbf391-d072-458c-b316-23bb079f6409,17,53.53,60.25,843016.86,3831894.8,22.0,high,8,1,0,7,19.25,47.0,56.0,76.25,88.0,61.66,76.4,8,100.0,0,2,3,3,0,2,6
2,2b6b23bb-e7cd-46fd-b899-a0a9e3a96237,3850a89f-9b56-43e4-886c-b239f5a141b1,喜鹊纽卡,True,7c131cbb-9f4f-4a27-acc5-3d703d63275b,17,63.53,70.25,1199042.92,5450195.1,22.0,high,8,2,0,6,19.38,51.12,60.0,80.12,91.0,65.17,74.05,6,75.0,2,0,6,2,0,5,3
2,2b6b23bb-e7cd-46fd-b899-a0a9e3a96237,3af34a43-f7c8-4a10-833e-b929ef808f8f,黄色潜水艇,True,a7b637f4-f78f-45ee-8aaf-64d9fef172ff,17,54.24,62.25,386278.96,3862789.6,10.0,low,8,0,0,8,19.75,46.25,50.0,71.25,84.0,59.0,65.1,6,75.0,2,0,7,1,0,0,8
2,2b6b23bb-e7cd-46fd-b899-a0a9e3a96237,3b81880a-c267-41f8-842f-be557a392611,累西腓鼓,True,f166be2f-3d1b-40e7-b136-d4736138344e,16,53.44,59.62,307509.35,3843866.9,8.0,low,8,0,0,8,19.75,46.38,52.0,74.25,94.0,58.92,68.35,7,87.5,1,0,4,4,0,1,7
2,2b6b23bb-e7cd-46fd-b899-a0a9e3a96237,3c35e50c-47f9-4e79-bdf1-a0368ab99700,骆驼骑士,True,3bbbf391-d072-458c-b316-23bb079f6409,17,53.65,62.25,684722.94,3112377.0,22.0,high,8,0,0,8,19.12,48.38,51.0,66.88,78.0,58.7,64.6,4,50.0,4,1,6,1,0,0,8
2,2b6b23bb-e7cd-46fd-b899-a0a9e3a96237,3cf98f89-d3ee-4eb1-add3-d165adc163da,树懒慢动,True,5fde7b3c-5169-40e1-b27d-9965e3d15ab1,16,50.12,56.38,309359.7,3093596.97,10.0,medium,8,0,0,8,19.5,45.5,49.0,76.25,83.0,60.84,68.4,8,100.0,0,1,5,2,0,0,8
2,2b6b23bb-e7cd-46fd-b899-a0a9e3a96237,3d74852b-cef9-4536-90d3-ab20c3f1d39a,青金石蓝,True,5a1305b1-6c9f-466f-90ba-497869aec914,17,49.65,55.0,649893.86,2954063.0,22.0,high,8,0,0,8,19.38,48.25,54.0,78.62,93.0,63.42,73.55,8,100.0,0,1,5,2,0,2,6
2,2b6b23bb-e7cd-46fd-b899-a0a9e3a96237,3d7c7ccd-3c62-49de-af2b-51d1b186ca84,西域猛虎,True,ed56aff1-b86b-4206-ba6f-d1c1d0ead9ca,17,60.59,69.62,870936.11,3958800.5,22.0,high,8,1,0,7,19.25,49.5,57.0,75.75,88.0,63.81,73.35,4,50.0,4,3,3,2,0,1,7
2,2b6b23bb-e7cd-46fd-b899-a0a9e3a96237,3e90263d-9aa2-495f-9391-402267f48e45,水手桑普,True,b8d9fdd9-7a6c-43c2-910e-c0bb5fbd34fe,16,52.62,58.5,753521.31,3425096.87,22.0,high,8,0,0,8,19.38,47.12,51.0,81.0,98.0,62.37,68.35,7,87.5,1,0,4,4,1,2,5
2,2b6b23bb-e7cd-46fd-b899-a0a9e3a96237,3f143543-33be-40b5-9675-d1e965a811eb,东方雄狮,True,984e1619-0888-4e41-8645-d8265a23e11a,16,50.69,56.88,565459.77,2570271.7,22.0,high,8,1,0,7,19.38,49.88,54.0,76.25,90.0,62.74,73.05,8,100.0,0,2,2,4,0,2,6
2,2b6b23bb-e7cd-46fd-b899-a0a9e3a96237,4158ea87-e495-4b6a-a108-54d8bfaaa5e3,野马奔腾,True,063f8474-c0c2-42ac-a632-72dd33d2156d,17,50.94,60.75,297448.68,2974486.8,10.0,low,8,0,0,8,19.62,46.12,50.0,64.12,74.0,54.73,61.9,4,50.0,4,2,1,5,0,0,8
2,2b6b23bb-e7cd-46fd-b899-a0a9e3a96237,417aede9-0129-47b2-937c-94eb89a7d0d8,管道巨头,True,f8c7642e-6116-431e-ab83-cd140737a4aa,16,60.25,69.25,417402.48,4174024.78,10.0,medium,8,0,0,8,19.38,46.38,54.0,72.12,92.0,59.46,74.85,4,50.0,4,1,5,2,0,2,6
2,2b6b23bb-e7cd-46fd-b899-a0a9e3a96237,438bcce8-4e5c-401e-b640-9593bfb14368,咖啡起源,True,f8c7642e-6116-431e-ab83-cd140737a4aa,16,52.25,59.25,330877.81,3308778.1,10.0,low,8,0,0,8,19.38,47.0,51.0,68.88,83.0,59.84,71.4,5,62.5,3,4,2,2,0,0,8
2,2b6b23bb-e7cd-46fd-b899-a0a9e3a96237,45ade8e1-b205-4af3-86af-8250a7841af4,麦加朝圣,True,81e6f8c8-40b9-4a8e-a10f-70349088f131,16,56.94,64.62,958743.96,4357927.1,22.0,high,8,0,0,8,19.38,50.0,57.0,78.12,93.0,63.16,68.85,7,87.5,1,1,3,4,0,2,6
2,2b6b23bb-e7cd-46fd-b899-a0a9e3a96237,45bfbd60-df67-43c9-9d4a-b721c3b9ded4,Medina之光,True,f5757d67-4592-4ae1-97d4-07b3a5db56d8,16,55.19,62.0,386539.35,3865393.5,10.0,low,8,0,0,8,19.38,45.12,51.0,72.0,100.0,57.22,67.2,6,75.0,2,1,2,5,1,0,7
2,2b6b23bb-e7cd-46fd-b899-a0a9e3a96237,45e56362-3964-4c3e-8f54-f651ae5c735a,水晶石透,True,f5757d67-4592-4ae1-97d4-07b3a5db56d8,17,50.18,58.38,660427.31,3001942.3,22.0,high,8,2,0,6,19.38,47.38,55.0,78.12,97.0,62.21,75.9,7,87.5,1,0,6,2,1,2,5
2,2b6b23bb-e7cd-46fd-b899-a0a9e3a96237,461cbc97-34f7-4cc7-98c0-f5057949a243,五人制王,True,525cb008-853b-4a8e-9d81-87146fae5cde,16,61.69,68.38,605431.24,6054312.4,10.0,low,8,0,0,8,19.62,47.88,54.0,75.62,87.0,60.86,71.25,5,62.5,3,1,3,4,0,1,7
2,2b6b23bb-e7cd-46fd-b899-a0a9e3a96237,4a8567a0-344b-4573-a764-34d83833628f,雪虎踏山,True,ed56aff1-b86b-4206-ba6f-d1c1d0ead9ca,17,56.88,66.0,486511.75,4865117.5,10.0,low,8,0,0,8,19.88,46.75,52.0,68.0,92.0,56.81,68.0,2,25.0,6,0,5,3,0,1,7
2,2b6b23bb-e7cd-46fd-b899-a0a9e3a96237,4a946e10-f770-42df-a073-e0ff24ad6c3f,烈焰红唇,True,85573765-1fce-4719-b455-9bedb7fc3852,16,51.31,55.62,229283.9,2866048.8,8.0,low,8,0,0,8,19.75,45.5,50.0,62.0,81.0,55.42,65.7,3,37.5,5,1,7,0,0,0,8
2,2b6b23bb-e7cd-46fd-b899-a0a9e3a96237,4a9502a1-912e-4f71-b915-f14f10dc76a2,安第斯山,True,525cb008-853b-4a8e-9d81-87146fae5cde,17,56.35,61.5,868661.9,3948463.2,22.0,high,8,1,0,7,19.5,47.75,55.0,77.75,97.0,62.25,70.4,7,87.5,1,1,4,3,1,0,7
2,2b6b23bb-e7cd-46fd-b899-a0a9e3a96237,4bf730ae-744d-4cf9-bfed-069e72cb7222,中原飞虎,True,359be255-59cf-483b-ab1f-c339c2748d5c,15,62.47,71.0,396393.72,4954921.5,8.0,low,8,0,0,8,19.5,45.88,50.0,73.38,88.0,57.75,65.95,4,50.0,4,0,3,5,0,1,7
2,2b6b23bb-e7cd-46fd-b899-a0a9e3a96237,4cdd75e5-7d1a-4faa-ba6e-b467d791430a,快乐足球,True,29ec03d2-e39d-439b-ace6-9268533123ff,17,56.76,67.0,600150.84,6001508.4,10.0,low,8,0,0,8,20.0,47.38,50.0,69.12,81.0,56.16,61.45,3,37.5,5,0,2,6,0,0,8
2,2b6b23bb-e7cd-46fd-b899-a0a9e3a96237,4d69f07c-49fa-4fc4-871e-38f57ee93c13,美丽游戏,True,29ec03d2-e39d-439b-ace6-9268533123ff,17,60.88,68.0,601129.53,6011295.3,10.0,low,8,0,0,8,19.62,49.0,54.0,68.25,82.0,58.66,66.95,1,12.5,7,0,6,2,0,0,8
2,2b6b23bb-e7cd-46fd-b899-a0a9e3a96237,4d8043ee-95c3-43c9-9652-ff2812f0b778,紫气东来,True,978840be-6c69-4b6c-91b2-03a6e1e7fde3,17,53.82,61.75,729597.06,3316350.27,22.0,high,8,0,0,8,19.25,47.5,53.0,75.62,84.0,61.16,69.8,7,87.5,1,1,4,3,0,0,8
2,2b6b23bb-e7cd-46fd-b899-a0a9e3a96237,4e73d656-18e4-47b7-839f-d07b94c13336,莫莫之王,True,f166be2f-3d1b-40e7-b136-d4736138344e,16,54.88,64.25,383749.66,3837496.56,10.0,medium,8,1,0,7,19.38,48.5,57.0,76.0,93.0,60.88,75.2,5,62.5,3,0,4,4,0,2,6
2,2b6b23bb-e7cd-46fd-b899-a0a9e3a96237,4eb8d514-91aa-49bb-a361-7b52f7960471,奥格斯堡,True,c88d210b-d92c-4ca6-b6ae-dbcbd50db99f,17,50.76,58.38,648470.31,2947592.3,22.0,high,8,0,0,8,19.25,46.0,48.0,77.12,92.0,60.51,68.7,7,87.5,1,0,5,3,0,3,5
2,2b6b23bb-e7cd-46fd-b899-a0a9e3a96237,4f4050d5-a81e-4f2c-9fe4-3b691e3a8bb3,床单军团,True,e223266b-c6e0-4a6a-a563-2102a14329cc,16,51.94,57.62,678397.48,3083624.9,22.0,high,8,0,0,8,19.38,46.75,49.0,77.25,94.0,60.48,69.65,8,100.0,0,1,2,5,0,1,7
2,2b6b23bb-e7cd-46fd-b899-a0a9e3a96237,52ac1303-aa48-47c0-abfc-e1565cd83a2c,小辣椒莱,True,a7b637f4-f78f-45ee-8aaf-64d9fef172ff,16,52.75,59.62,654525.5,2975115.9,22.0,high,8,0,0,8,19.25,46.0,53.0,69.5,93.0,57.58,67.15,5,62.5,3,1,4,3,0,1,7
2,2b6b23bb-e7cd-46fd-b899-a0a9e3a96237,546f1283-41ba-44fc-8ae4-c2f349eab730,铁甲战狮,True,80e76669-51ec-4483-90e0-04abceda5702,16,51.0,56.75,259714.41,2597144.1,10.0,low,8,0,0,8,19.75,45.62,50.0,67.25,80.0,56.36,64.8,6,75.0,2,2,2,4,0,0,8
2,2b6b23bb-e7cd-46fd-b899-a0a9e3a96237,55d3b2ad-6730-4fdb-9a5e-3fa20c0ee991,布宜诺斯,True,f166be2f-3d1b-40e7-b136-d4736138344e,17,55.94,63.25,493763.7,4937637.0,10.0,low,8,0,0,8,19.5,45.38,48.0,71.75,83.0,57.74,64.65,6,75.0,2,1,3,4,0,0,8
2,2b6b23bb-e7cd-46fd-b899-a0a9e3a96237,5607bb46-3924-4699-a221-28b6e75fb2ee,智利红酒,True,301a517b-11a1-45d9-81ce-e81905974e60,17,55.24,63.62,742513.98,3375063.54,22.0,high,8,0,0,8,19.25,48.25,53.0,77.0,93.0,62.69,69.65,6,75.0,2,0,7,1,0,2,6
2,2b6b23bb-e7cd-46fd-b899-a0a9e3a96237,56110445-240a-45bb-8e2f-1dee3d3e7825,金鹰破晓,True,359be255-59cf-483b-ab1f-c339c2748d5c,16,57.75,63.38,835466.87,3797576.7,22.0,high,8,2,0,6,19.62,51.0,61.0,74.5,87.0,62.58,70.2,5,62.5,3,0,6,2,0,1,7
2,2b6b23bb-e7cd-46fd-b899-a0a9e3a96237,564a5213-4a71-4545-bd52-b2958bcdcb5c,苍穹雄鹰,True,984e1619-0888-4e41-8645-d8265a23e11a,17,52.94,61.75,683616.03,3107345.6,22.0,high,8,1,0,7,19.25,49.0,55.0,74.0,89.0,62.25,76.3,8,100.0,0,2,4,2,0,1,7
2,2b6b23bb-e7cd-46fd-b899-a0a9e3a96237,56a4d6dd-79ee-4536-bf12-9873eff15482,寒冰领域,True,85573765-1fce-4719-b455-9bedb7fc3852,17,53.82,59.12,295965.41,2959654.1,10.0,low,8,1,0,7,19.38,46.25,51.0,65.62,89.0,55.97,70.1,4,50.0,4,1,4,3,0,1,7
2,2b6b23bb-e7cd-46fd-b899-a0a9e3a96237,576a1500-e80b-488e-84a4-4d30d5c9f8e2,萨尔瓦多,True,f166be2f-3d1b-40e7-b136-d4736138344e,16,61.38,68.38,309012.3,3862653.75,8.0,low,8,0,0,8,19.75,47.25,53.0,69.38,79.0,57.71,66.2,3,37.5,5,1,3,4,0,0,8
2,2b6b23bb-e7cd-46fd-b899-a0a9e3a96237,58c7685d-d70a-4db2-ba81-82ec60565630,流水无痕,True,978840be-6c69-4b6c-91b2-03a6e1e7fde3,16,52.75,61.88,297333.3,2973333.0,10.0,low,8,0,0,8,19.88,46.5,51.0,68.75,77.0,57.01,63.6,6,75.0,2,0,5,3,0,0,8
2,2b6b23bb-e7cd-46fd-b899-a0a9e3a96237,595645b3-210a-45b7-9719-8194d843afcc,桑巴学校,True,f166be2f-3d1b-40e7-b136-d4736138344e,17,57.24,63.75,310848.32,3108483.2,10.0,low,8,0,0,8,19.75,46.75,52.0,66.12,77.0,57.47,64.15,4,50.0,4,1,6,1,0,0,8
2,2b6b23bb-e7cd-46fd-b899-a0a9e3a96237,59ddcaef-f19f-464e-b647-87378c8e0340,炼油大师,True,f8c7642e-6116-431e-ab83-cd140737a4aa,17,59.47,65.88,1081690.13,4916773.3,22.0,high,8,2,0,6,19.38,48.62,54.0,79.62,94.0,62.58,74.0,5,62.5,3,0,4,4,0,3,5
2,2b6b23bb-e7cd-46fd-b899-a0a9e3a96237,5d26cab3-5840-4ddc-911e-96966cd04aed,幽冥鬼狼,True,21145133-3f98-4f16-a80a-28ea1a3c0858,16,56.44,63.5,311042.32,3110423.2,10.0,low,8,0,0,8,19.5,47.38,51.0,68.0,83.0,57.66,66.5,4,50.0,4,0,6,2,0,0,8
2,2b6b23bb-e7cd-46fd-b899-a0a9e3a96237,5d916859-a4e4-4f4e-b5f5-183e781c1b9f,云豹穿林,True,984e1619-0888-4e41-8645-d8265a23e11a,17,51.76,58.5,746515.11,3393250.5,22.0,high,8,0,0,8,19.62,47.62,54.0,71.75,84.0,59.48,70.75,6,75.0,2,1,4,3,0,0,8
2,2b6b23bb-e7cd-46fd-b899-a0a9e3a96237,5dbc0c0c-5cae-47c9-b6cb-c56edc170a86,南海蛟龙,True,ed56aff1-b86b-4206-ba6f-d1c1d0ead9ca,17,63.18,73.0,327320.03,4091500.35,8.0,low,8,0,0,8,19.75,45.62,53.0,61.62,79.0,52.83,70.15,1,12.5,7,1,2,5,0,0,8
2,2b6b23bb-e7cd-46fd-b899-a0a9e3a96237,5e79a306-a1b5-4379-a96b-59bc3b243b7f,桑巴舞者,True,29ec03d2-e39d-439b-ace6-9268533123ff,17,59.88,68.12,1334284.86,6064931.2,22.0,high,8,1,0,7,19.25,51.38,65.0,80.5,94.0,65.98,72.45,6,75.0,2,1,5,2,0,3,5
2,2b6b23bb-e7cd-46fd-b899-a0a9e3a96237,5edb33b0-4b3b-48b7-bddd-2f6b9065fd7b,金字塔尖,True,b6ddea43-79ab-4ac6-959c-3171dbce21ff,16,61.62,72.12,489947.45,6124343.1,8.0,low,8,0,0,8,19.5,46.5,52.0,69.75,84.0,57.46,69.2,3,37.5,5,2,1,5,0,0,8
2,2b6b23bb-e7cd-46fd-b899-a0a9e3a96237,6060f7cb-6bbf-4c2f-b3fc-230422f4ac95,清真美食,True,5a1305b1-6c9f-466f-90ba-497869aec914,17,54.18,59.38,683856.04,3108436.55,22.0,high,8,0,0,8,19.5,46.75,53.0,71.5,87.0,58.39,67.6,6,75.0,2,0,5,3,0,1,7
2,2b6b23bb-e7cd-46fd-b899-a0a9e3a96237,60a04a4b-6df1-4e32-a7bc-68776a385a86,设拉子酒,True,3bbbf391-d072-458c-b316-23bb079f6409,16,49.69,55.25,654619.45,2975542.95,22.0,high,8,0,0,8,19.25,48.12,54.0,73.75,81.0,61.66,67.7,8,100.0,0,2,4,2,0,0,8
2,2b6b23bb-e7cd-46fd-b899-a0a9e3a96237,61ab2691-a159-4e1a-a1d7-4a16c903ab94,沙漠玫瑰,True,f6846932-f050-4653-9ecf-52a00fe9cb8b,17,47.76,56.38,648744.05,2948836.6,22.0,high,8,0,0,8,19.62,46.88,55.0,67.38,82.0,57.1,73.15,6,75.0,2,1,4,3,0,0,8
2,2b6b23bb-e7cd-46fd-b899-a0a9e3a96237,620ab27f-f4c9-484d-ad85-b88180b2bf58,马里帝国,True,7d8f8bff-fe71-4f21-86ef-6e8835d8653d,17,50.59,57.12,649221.21,2951005.5,22.0,high,8,0,0,8,19.38,48.12,53.0,73.88,81.0,61.71,71.15,8,100.0,0,1,6,1,0,0,8
2,2b6b23bb-e7cd-46fd-b899-a0a9e3a96237,623c06a9-a30a-4bd4-8e29-48f10df92c69,那不勒斯,True,e223266b-c6e0-4a6a-a563-2102a14329cc,16,49.12,55.0,748684.68,3403112.2,22.0,high,8,1,0,7,19.62,46.0,55.0,72.0,95.0,56.7,64.95,7,87.5,1,0,2,6,1,1,6
2,2b6b23bb-e7cd-46fd-b899-a0a9e3a96237,6389f794-4ebc-4cd5-a507-216bfbad5745,马丘比丘,True,301a517b-11a1-45d9-81ce-e81905974e60,16,52.69,59.88,761064.85,3459385.7,22.0,high,8,0,0,8,19.25,47.75,55.0,77.38,94.0,61.08,69.6,8,100.0,0,1,2,5,0,1,7
2,2b6b23bb-e7cd-46fd-b899-a0a9e3a96237,6493de21-509e-4109-afcf-ce60120ae37d,里约狂欢,True,3ef58883-b984-4286-b63c-a994639b1eda,17,52.82,60.62,850551.86,3866144.8,22.0,high,8,2,0,6,19.25,47.62,54.0,81.5,99.0,64.87,76.25,7,87.5,1,2,4,2,2,1,5
2,2b6b23bb-e7cd-46fd-b899-a0a9e3a96237,676a5416-929a-4ae2-aaea-2adafe7e7f70,丝路驼铃,True,f8c7642e-6116-431e-ab83-cd140737a4aa,17,56.47,61.88,965669.94,4389408.8,22.0,high,8,1,0,7,19.25,49.62,57.0,76.12,97.0,63.05,72.6,6,75.0,2,0,7,1,1,0,7
2,2b6b23bb-e7cd-46fd-b899-a0a9e3a96237,68694a58-7731-42d2-8dcf-c6f25948a2af,马穆鲁克,True,97f656a1-354e-476a-804e-57d7795aa34c,17,53.35,59.0,653516.58,2970529.9,22.0,high,8,2,0,6,19.25,47.12,55.0,79.38,92.0,63.64,73.8,8,100.0,0,2,4,2,0,2,6
2,2b6b23bb-e7cd-46fd-b899-a0a9e3a96237,68bf5a52-1c38-4b6c-b3e4-4ab1b7c50cfe,东北虎啸,True,063f8474-c0c2-42ac-a632-72dd33d2156d,17,56.88,66.88,958069.41,4354860.96,22.0,high,8,0,0,8,19.38,46.62,51.0,75.25,85.0,59.01,65.15,6,75.0,2,0,3,5,0,1,7
2,2b6b23bb-e7cd-46fd-b899-a0a9e3a96237,6907c429-2dbb-4fbc-9055-1164a7af9ffa,银龙出海,True,359be255-59cf-483b-ab1f-c339c2748d5c,17,57.65,66.88,1191581.38,5416279.0,22.0,high,8,1,0,7,19.25,50.0,56.0,75.0,90.0,62.75,73.7,6,75.0,2,1,5,2,0,1,7
2,2b6b23bb-e7cd-46fd-b899-a0a9e3a96237,694d2373-8e8d-498c-a51f-90db06f1ff51,蓝衣军团,True,b8d9fdd9-7a6c-43c2-910e-c0bb5fbd34fe,16,49.88,59.5,569252.82,2587512.8,22.0,high,8,0,0,8,19.75,46.0,53.0,77.75,89.0,60.79,72.95,8,100.0,0,1,3,4,0,1,7
2,2b6b23bb-e7cd-46fd-b899-a0a9e3a96237,6a5387c1-7798-4d0b-aef5-87865e2df24f,伊斯法罕,True,3bbbf391-d072-458c-b316-23bb079f6409,17,51.29,60.25,297434.81,2974348.1,10.0,low,8,0,0,8,19.38,47.88,52.0,73.0,84.0,62.18,69.65,7,87.5,1,3,4,1,0,0,8
2,2b6b23bb-e7cd-46fd-b899-a0a9e3a96237,6b4393e6-c532-409b-be86-40c3930ee94b,红宝石矿,True,5a1305b1-6c9f-466f-90ba-497869aec914,17,51.65,56.25,653954.25,2972519.3,22.0,high,8,2,0,6,19.12,48.25,51.0,77.75,93.0,63.52,71.9,7,87.5,1,1,6,1,0,3,5
2,2b6b23bb-e7cd-46fd-b899-a0a9e3a96237,6cce5283-6611-4cb8-8b9d-a747fb9a7b5d,华南虎威,True,ed56aff1-b86b-4206-ba6f-d1c1d0ead9ca,16,59.56,66.5,971881.39,4417642.7,22.0,high,8,0,0,8,19.5,50.88,58.0,78.25,87.0,65.19,71.25,7,87.5,1,2,4,2,0,1,7
2,2b6b23bb-e7cd-46fd-b899-a0a9e3a96237,6e4c18ef-22ee-42dc-996a-5d28e2e51aed,大马士革,True,f5757d67-4592-4ae1-97d4-07b3a5db56d8,16,54.0,62.75,446002.9,5575036.31,8.0,low,8,0,0,8,19.75,47.62,52.0,64.62,72.0,56.27,64.1,4,50.0,4,1,4,3,0,0,8
2,2b6b23bb-e7cd-46fd-b899-a0a9e3a96237,6faf8572-3a96-4145-b8f5-3b8304fc486f,白虎啸天,True,21145133-3f98-4f16-a80a-28ea1a3c0858,16,55.62,63.5,863569.92,3925317.8,22.0,high,8,0,0,8,19.38,47.38,53.0,78.38,87.0,61.83,65.9,8,100.0,0,0,5,3,0,1,7
2,2b6b23bb-e7cd-46fd-b899-a0a9e3a96237,71c88dd9-84d5-4415-8a2e-0393e0a55b8d,铁锤帮西汉,True,51f4a3d3-c63e-45d9-9e79-c2cad398765f,17,54.47,61.75,862842.18,3922009.9,22.0,high,8,1,0,7,19.75,48.88,56.0,77.88,99.0,62.43,76.65,5,62.5,3,1,3,4,1,2,5
2,2b6b23bb-e7cd-46fd-b899-a0a9e3a96237,727ee9ce-e0e3-48c4-95a3-c8c8e3976150,金刚鹦鹉,True,5fde7b3c-5169-40e1-b27d-9965e3d15ab1,16,51.25,57.0,238361.97,2979524.6,8.0,low,8,0,0,8,20.0,44.88,51.0,64.12,80.0,54.04,61.75,5,62.5,3,0,5,3,0,0,8
2,2b6b23bb-e7cd-46fd-b899-a0a9e3a96237,7362d4e1-093b-469d-b35c-3b9df1e7f633,斗牛士团,True,7c131cbb-9f4f-4a27-acc5-3d703d63275b,16,59.81,65.75,309504.75,3868809.4,8.0,low,8,0,0,8,19.88,46.38,51.0,72.0,90.0,58.41,67.8,4,50.0,4,0,5,3,0,1,7
2,2b6b23bb-e7cd-46fd-b899-a0a9e3a96237,73ad676d-fae2-4a8a-b69d-06d881cb694c,撒哈拉南,True,1e886f7d-fd94-4c98-96ea-273a8b3a6e29,17,50.18,59.0,569472.18,2588509.9,22.0,high,8,0,0,8,19.38,48.25,56.0,73.88,85.0,61.78,68.0,8,100.0,0,2,4,2,0,1,7
2,2b6b23bb-e7cd-46fd-b899-a0a9e3a96237,76ea894a-a987-4cc7-84b6-efbaa896d142,维多利亚,True,1e886f7d-fd94-4c98-96ea-273a8b3a6e29,16,50.81,57.25,301596.1,3015961.0,10.0,low,8,0,0,8,19.5,46.38,55.0,69.5,79.0,56.28,65.5,7,87.5,1,1,1,6,0,0,8
2,2b6b23bb-e7cd-46fd-b899-a0a9e3a96237,77c184eb-17cd-4a60-b1ef-d2d25d067708,绿松石绿,True,5a1305b1-6c9f-466f-90ba-497869aec914,15,50.67,54.12,237153.94,2964424.3,8.0,low,8,0,0,8,19.5,46.5,51.0,66.62,74.0,56.56,62.45,7,87.5,1,0,6,2,0,0,8
2,2b6b23bb-e7cd-46fd-b899-a0a9e3a96237,7987e549-b84a-4aa9-9c81-9eb88cd8e9ab,萨拉丁军,True,f5757d67-4592-4ae1-97d4-07b3a5db56d8,16,51.5,58.62,565864.31,2572110.5,22.0,high,8,0,0,8,19.12,46.38,53.0,77.12,85.0,61.21,71.15,8,100.0,0,1,4,3,0,1,7
2,2b6b23bb-e7cd-46fd-b899-a0a9e3a96237,79ff5611-2f63-4a90-9948-420586063a5f,白虹贯日,True,978840be-6c69-4b6c-91b2-03a6e1e7fde3,17,48.35,57.12,653716.73,2971439.7,22.0,high,8,1,0,7,19.75,48.62,56.0,79.0,93.0,62.29,71.35,8,100.0,0,0,4,4,0,3,5
2,2b6b23bb-e7cd-46fd-b899-a0a9e3a96237,7afb3a3e-6663-4edc-b70c-e13ed8981547,金虎啸月,True,80e76669-51ec-4483-90e0-04abceda5702,16,55.5,62.62,441035.2,4410352.0,10.0,low,8,0,0,8,19.12,46.88,53.0,68.88,89.0,58.77,66.8,4,50.0,4,1,6,1,0,1,7
2,2b6b23bb-e7cd-46fd-b899-a0a9e3a96237,7b0ab1d7-80c9-4fc1-a7d0-99de970e3d88,星月传奇,True,f5757d67-4592-4ae1-97d4-07b3a5db56d8,17,55.06,62.38,348774.84,3487748.4,10.0,low,8,0,0,8,19.5,47.25,52.0,70.62,83.0,60.77,66.85,6,75.0,2,2,6,0,0,0,8
2,2b6b23bb-e7cd-46fd-b899-a0a9e3a96237,7d71e69b-29f1-4c7d-8de4-bc6a2dccf449,朱雀焚霞,True,063f8474-c0c2-42ac-a632-72dd33d2156d,17,49.47,56.5,656906.21,2985937.3,22.0,high,8,0,0,8,19.25,47.88,52.0,73.62,90.0,60.96,66.9,7,87.5,1,2,3,3,0,3,5
2,2b6b23bb-e7cd-46fd-b899-a0a9e3a96237,7dc1a3a9-470b-4a15-af2b-fed9f7ca88a6,十字军东,True,5a1305b1-6c9f-466f-90ba-497869aec914,17,50.71,58.12,637840.92,2899276.9,22.0,high,8,0,0,8,19.38,49.38,56.0,78.12,84.0,64.31,73.25,8,100.0,0,2,4,2,0,0,8
2,2b6b23bb-e7cd-46fd-b899-a0a9e3a96237,7dc3c021-193d-416e-bc57-45e6d3ed8e01,非洲雄狮,True,3ef58883-b984-4286-b63c-a994639b1eda,16,49.81,56.88,654562.26,2975283.0,22.0,high,8,0,0,8,19.62,50.62,57.0,69.88,75.0,60.29,66.15,8,100.0,0,1,4,3,0,0,8
2,2b6b23bb-e7cd-46fd-b899-a0a9e3a96237,7fb53f55-06b4-4131-a874-be848d281649,峨眉女侠,True,85573765-1fce-4719-b455-9bedb7fc3852,17,51.88,59.75,258053.41,2580534.14,10.0,low,8,0,0,8,19.38,47.25,53.0,71.12,90.0,59.49,68.9,6,75.0,2,2,3,3,0,1,7
2,2b6b23bb-e7cd-46fd-b899-a0a9e3a96237,80130085-d12e-47ab-81f1-c0b8fa674a06,街球之王,True,525cb008-853b-4a8e-9d81-87146fae5cde,17,63.53,71.62,1070688.21,4866764.6,22.0,high,8,0,0,8,19.75,50.88,59.0,77.0,93.0,62.63,67.9,4,50.0,4,0,4,4,0,1,7
2,2b6b23bb-e7cd-46fd-b899-a0a9e3a96237,8346aebc-cac4-49bf-a1e2-6fdf6fdc9a60,飓风之眼,True,85573765-1fce-4719-b455-9bedb7fc3852,17,52.35,60.75,260275.09,2602750.93,10.0,low,8,0,0,8,19.62,46.62,50.0,72.5,92.0,59.77,70.3,7,87.5,1,2,3,3,0,1,7
2,2b6b23bb-e7cd-46fd-b899-a0a9e3a96237,84567e7d-096b-4367-b958-4abdbaecad31,乞力马扎,True,5fde7b3c-5169-40e1-b27d-9965e3d15ab1,16,52.88,58.5,734189.37,3337224.4,22.0,high,8,1,0,7,19.62,49.88,55.0,72.5,85.0,61.06,70.5,7,87.5,1,0,6,2,0,1,7
2,2b6b23bb-e7cd-46fd-b899-a0a9e3a96237,86036b21-4fa9-47dc-a2fd-9728e0e18feb,红黑恶魔,True,e223266b-c6e0-4a6a-a563-2102a14329cc,17,51.82,61.25,207406.01,2592575.1,8.0,low,8,0,0,8,19.62,46.5,52.0,72.0,92.0,59.98,68.35,7,87.5,1,2,4,2,0,1,7
2,2b6b23bb-e7cd-46fd-b899-a0a9e3a96237,8698b7c7-8ee5-457a-beff-b198b61d6c98,南部之星,True,4a15f14c-28e8-4c2f-90de-d5363e91566a,16,48.69,56.62,655471.1,2979414.1,22.0,high,8,0,0,8,19.38,47.0,54.0,79.0,91.0,62.9,67.95,8,100.0,0,0,7,1,0,2,6
2,2b6b23bb-e7cd-46fd-b899-a0a9e3a96237,8705046a-c699-4ed3-a2a3-bbb9e40e06b3,双峰巨驼,True,f6846932-f050-4653-9ecf-52a00fe9cb8b,16,53.12,61.38,386869.27,3868692.7,10.0,low,8,0,0,8,19.75,44.62,50.0,61.0,71.0,51.49,58.35,2,25.0,6,0,3,5,0,0,8
2,2b6b23bb-e7cd-46fd-b899-a0a9e3a96237,8900177a-c5ca-40ad-bc40-e240fd6f2d9e,巨象踏天,True,063f8474-c0c2-42ac-a632-72dd33d2156d,17,50.18,58.38,261543.44,2615434.4,10.0,low,8,0,0,8,19.38,47.25,51.0,67.25,82.0,57.75,65.7,6,75.0,2,1,5,2,0,0,8
2,2b6b23bb-e7cd-46fd-b899-a0a9e3a96237,89bd5a4e-fd08-4203-b76e-a76e5e40e750,驼峰运输,True,f6846932-f050-4653-9ecf-52a00fe9cb8b,17,54.59,61.38,765502.78,3479558.1,22.0,high,9,1,0,8,19.33,47.0,51.0,79.22,98.0,64.83,76.5,9,100.0,0,3,6,0,1,0,8
2,2b6b23bb-e7cd-46fd-b899-a0a9e3a96237,8be9eaf8-038f-4155-ab53-13acbff4a34e,凤凰涅槃,True,ed56aff1-b86b-4206-ba6f-d1c1d0ead9ca,16,54.69,63.0,742001.5,3372734.1,22.0,high,9,1,0,8,19.44,48.22,54.0,74.89,94.0,60.44,74.0,7,77.78,2,0,5,4,0,1,8
2,2b6b23bb-e7cd-46fd-b899-a0a9e3a96237,8c09e83c-4838-4d81-ac1d-2fc8970b5996,华山剑客,True,85573765-1fce-4719-b455-9bedb7fc3852,17,52.24,58.62,565591.07,2570868.5,22.0,high,8,2,0,6,19.12,48.25,56.0,72.38,94.0,61.11,75.1,7,87.5,1,1,6,1,0,2,6
2,2b6b23bb-e7cd-46fd-b899-a0a9e3a96237,8c4bd183-3537-499a-a857-36da5ee3fcb8,天方夜谭,True,f6846932-f050-4653-9ecf-52a00fe9cb8b,16,52.06,59.25,259270.51,2592705.1,10.0,low,8,0,0,8,19.5,45.62,48.0,71.62,80.0,59.33,67.3,6,75.0,2,2,4,2,0,0,8
2,2b6b23bb-e7cd-46fd-b899-a0a9e3a96237,8d55034d-d964-4216-a678-6b492b254d3a,金狼逐日,True,21145133-3f98-4f16-a80a-28ea1a3c0858,16,57.25,62.88,390082.38,3900823.8,10.0,low,8,0,0,8,19.5,46.12,50.0,74.0,83.0,59.67,63.7,7,87.5,1,0,6,2,0,0,8
2,2b6b23bb-e7cd-46fd-b899-a0a9e3a96237,90127a81-e457-4c9d-9981-9a1d54ee9dc9,石油大亨,True,f8c7642e-6116-431e-ab83-cd140737a4aa,17,59.71,66.62,866556.81,3938894.6,22.0,high,8,0,0,8,19.38,48.12,56.0,78.75,90.0,63.41,70.6,7,87.5,1,1,5,2,0,1,7
2,2b6b23bb-e7cd-46fd-b899-a0a9e3a96237,902585f2-0a29-457b-a8a7-6231e080c089,辛巴达航,True,b6ddea43-79ab-4ac6-959c-3171dbce21ff,16,59.5,69.62,482949.33,4829493.35,10.0,low,8,0,0,8,19.88,48.62,55.0,67.75,82.0,58.73,69.15,2,25.0,6,1,5,2,0,0,8
2,2b6b23bb-e7cd-46fd-b899-a0a9e3a96237,9192b63a-62eb-41f8-8294-4e8ed7b21cc4,银狼啸天,True,978840be-6c69-4b6c-91b2-03a6e1e7fde3,17,55.94,62.25,684297.39,3110442.7,22.0,high,8,0,0,8,19.25,48.75,56.0,80.12,92.0,64.37,74.2,8,100.0,0,0,7,1,0,3,5
2,2b6b23bb-e7cd-46fd-b899-a0a9e3a96237,93d4a341-f696-4847-9963-39f49030f4c9,太妃糖埃弗,True,b8d9fdd9-7a6c-43c2-910e-c0bb5fbd34fe,17,57.06,65.25,964977.46,4386261.2,22.0,high,8,2,0,6,19.38,49.5,60.0,79.38,93.0,64.94,76.8,8,100.0,0,2,4,2,0,1,7
2,2b6b23bb-e7cd-46fd-b899-a0a9e3a96237,93f33371-f5bd-4f80-8652-b48419599822,雪山神鹰,True,063f8474-c0c2-42ac-a632-72dd33d2156d,17,57.76,64.25,680156.29,3091619.5,22.0,high,8,0,0,8,19.25,48.75,59.0,88.75,100.0,67.25,76.3,8,100.0,0,0,5,3,1,5,2
2,2b6b23bb-e7cd-46fd-b899-a0a9e3a96237,95d02f9a-0c37-49b7-9a61-518ac5f7ef2c,复活节岛,True,301a517b-11a1-45d9-81ce-e81905974e60,16,53.75,59.75,754221.56,3428279.8,22.0,high,8,0,0,8,19.5,50.25,57.0,76.75,84.0,63.17,70.2,8,100.0,0,1,4,3,0,0,8
2,2b6b23bb-e7cd-46fd-b899-a0a9e3a96237,95e4042e-52de-4df6-b5c9-7bc15fe0e2c6,库尔德勇,True,97f656a1-354e-476a-804e-57d7795aa34c,16,52.25,60.62,265262.5,2652624.97,10.0,medium,8,0,0,8,19.38,46.38,49.0,74.62,84.0,58.59,66.05,7,87.5,1,1,1,6,0,0,8
2,2b6b23bb-e7cd-46fd-b899-a0a9e3a96237,97bd3ccc-820c-47fd-8ff0-1acbd2dd5b90,水蟒巨蛇,True,5fde7b3c-5169-40e1-b27d-9965e3d15ab1,17,48.53,58.75,718668.96,3266677.09,22.0,high,9,1,0,8,19.44,49.11,58.0,81.67,94.0,65.32,70.95,9,100.0,0,3,2,4,0,3,6
2,2b6b23bb-e7cd-46fd-b899-a0a9e3a96237,985d0af0-92b6-4101-a859-b4b3ade0c9c4,少林武僧,True,85573765-1fce-4719-b455-9bedb7fc3852,17,48.88,57.75,640313.12,2910514.19,22.0,high,8,0,0,8,19.25,46.38,53.0,76.12,88.0,61.76,70.75,7,87.5,1,1,6,1,0,2,6
2,2b6b23bb-e7cd-46fd-b899-a0a9e3a96237,98d30838-3492-4b0c-8322-4314995bd393,一千零一夜,True,b6ddea43-79ab-4ac6-959c-3171dbce21ff,17,59.29,67.25,1323888.61,6017675.5,22.0,high,8,2,0,6,19.38,50.75,62.0,77.62,85.0,63.84,76.8,6,75.0,2,2,2,4,0,1,7
2,2b6b23bb-e7cd-46fd-b899-a0a9e3a96237,99300516-f774-4dff-8748-c4f8fa826f46,阿根廷梦,True,f166be2f-3d1b-40e7-b136-d4736138344e,16,54.31,59.38,870191.3,3955415.0,22.0,high,8,0,0,8,19.25,48.62,55.0,77.25,92.0,64.01,70.35,7,87.5,1,1,7,0,0,2,6
2,2b6b23bb-e7cd-46fd-b899-a0a9e3a96237,998ee0cd-7f64-4845-9225-151320635338,赫塔菲蓝,True,51f4a3d3-c63e-45d9-9e79-c2cad398765f,17,56.82,65.25,317953.55,3974419.37,8.0,low,8,0,0,8,19.62,45.62,48.0,66.75,81.0,57.13,64.8,4,50.0,4,2,4,2,0,0,8
2,2b6b23bb-e7cd-46fd-b899-a0a9e3a96237,99b60819-3bb0-4ea6-a313-e0e25f54fe6b,沙漠商队,True,81e6f8c8-40b9-4a8e-a10f-70349088f131,16,54.25,61.12,274315.1,3428938.7,8.0,low,8,0,0,8,19.62,47.75,53.0,75.88,93.0,61.41,68.45,6,75.0,2,1,4,3,0,1,7
2,2b6b23bb-e7cd-46fd-b899-a0a9e3a96237,9a5d0d3c-b55b-4916-a8b2-f1259690c986,祖鲁战士,True,7d8f8bff-fe71-4f21-86ef-6e8835d8653d,17,51.47,57.75,570249.22,2592041.9,22.0,high,8,2,0,6,19.38,47.5,50.0,78.5,89.0,62.45,70.1,8,100.0,0,1,4,3,0,3,5
2,2b6b23bb-e7cd-46fd-b899-a0a9e3a96237,9b967cfb-d53b-40d1-bafa-aa907b8d0163,凯门鳄凶,True,5fde7b3c-5169-40e1-b27d-9965e3d15ab1,16,49.38,55.38,653675.57,2971252.57,22.0,high,8,0,0,8,19.12,49.62,58.0,78.75,94.0,64.73,72.6,8,100.0,0,1,6,1,0,3,5
2,2b6b23bb-e7cd-46fd-b899-a0a9e3a96237,9bbd18bf-ab3c-443c-9ff6-e552d4f5fef6,蓝军切尔西,True,b3969166-c99e-42ea-989f-ea1a807fbb29,17,64.35,72.38,605896.45,6058964.5,10.0,low,8,0,0,8,19.25,47.75,55.0,67.12,76.0,57.47,63.25,0,0.0,8,1,4,3,0,0,8
2,2b6b23bb-e7cd-46fd-b899-a0a9e3a96237,9c415d32-dffa-4665-a9dd-71efc490b763,清真寺塔,True,f8c7642e-6116-431e-ab83-cd140737a4aa,16,57.56,65.75,764924.27,3476928.5,22.0,high,8,0,0,8,19.38,46.38,51.0,71.38,92.0,59.12,67.45,5,62.5,3,2,3,3,0,1,7
2,2b6b23bb-e7cd-46fd-b899-a0a9e3a96237,9cd1ad3c-d8fb-4218-a634-2488d4756d21,尼罗河神,True,b6ddea43-79ab-4ac6-959c-3171dbce21ff,16,59.06,69.75,615921.9,6159219.0,10.0,low,8,1,0,7,19.62,49.38,55.0,78.62,94.0,64.04,71.8,5,62.5,3,0,7,1,0,1,7
2,2b6b23bb-e7cd-46fd-b899-a0a9e3a96237,9d7bbfa0-9c00-41c4-a6a5-846ae2fdfac4,阿拉伯舞,True,81e6f8c8-40b9-4a8e-a10f-70349088f131,16,51.31,60.12,260186.54,2601865.4,10.0,low,8,0,0,8,19.62,46.12,50.0,66.88,76.0,56.96,62.8,4,50.0,4,0,7,1,0,0,8
2,2b6b23bb-e7cd-46fd-b899-a0a9e3a96237,9d8b1cbe-4b94-4e17-9c47-a4a902b851d7,非洲大象,True,3ef58883-b984-4286-b63c-a994639b1eda,16,50.56,55.75,297318.91,2973189.1,10.0,low,8,1,0,7,19.75,44.0,46.0,66.0,92.0,53.9,68.7,4,50.0,4,0,4,4,0,1,7
2,2b6b23bb-e7cd-46fd-b899-a0a9e3a96237,9df8fe36-708a-48f0-907f-d29e4b838083,足球精灵,True,29ec03d2-e39d-439b-ace6-9268533123ff,16,63.75,71.5,349872.35,4373404.32,8.0,low,8,0,0,8,19.25,45.75,50.0,70.12,84.0,57.72,65.1,3,37.5,5,0,6,2,0,0,8
2,2b6b23bb-e7cd-46fd-b899-a0a9e3a96237,a0a40c58-92e7-4ee8-a1bd-d2ea7bfe8908,薛西斯军,True,3bbbf391-d072-458c-b316-23bb079f6409,17,48.94,54.62,237623.18,2970289.7,8.0,low,8,0,0,8,19.88,45.38,49.0,69.5,83.0,55.73,62.3,7,87.5,1,1,1,6,0,0,8
2,2b6b23bb-e7cd-46fd-b899-a0a9e3a96237,a0c9921b-5fca-46a9-9356-3fc9360e0253,祖母绿光,True,97f656a1-354e-476a-804e-57d7795aa34c,17,48.0,58.12,649432.94,2951967.9,22.0,high,8,1,0,7,19.25,46.88,51.0,79.62,98.0,62.61,77.6,7,87.5,1,1,4,3,1,2,5
2,2b6b23bb-e7cd-46fd-b899-a0a9e3a96237,a2332c17-c381-4780-b589-94c4f12f1991,克鲁格园,True,1e886f7d-fd94-4c98-96ea-273a8b3a6e29,16,49.62,57.62,647833.57,2944698.03,22.0,high,8,0,0,8,19.5,48.38,53.0,75.62,97.0,61.14,68.6,8,100.0,0,1,3,4,1,1,6
2,2b6b23bb-e7cd-46fd-b899-a0a9e3a96237,a28c9ba2-440b-487e-bbf2-ccc2d2cfb323,飞驴切沃,True,a7b637f4-f78f-45ee-8aaf-64d9fef172ff,16,50.31,57.0,296790.45,2967904.5,10.0,low,8,0,0,8,19.62,46.12,51.0,64.12,80.0,55.23,65.5,5,62.5,3,1,4,3,0,0,8
2,2b6b23bb-e7cd-46fd-b899-a0a9e3a96237,a4bd10dd-8eb2-4436-af34-ca71729a7606,美因茨红,True,51f4a3d3-c63e-45d9-9e79-c2cad398765f,16,50.75,56.5,736792.24,3349055.62,22.0,high,8,2,0,6,19.25,49.38,55.0,78.75,86.0,65.59,68.7,8,100.0,0,3,4,1,0,1,7
2,2b6b23bb-e7cd-46fd-b899-a0a9e3a96237,a4c7a0b3-a574-48a6-8f5b-e87bf47b17bd,药厂勒沃,True,51f4a3d3-c63e-45d9-9e79-c2cad398765f,16,53.19,60.75,654339.69,2974271.3,22.0,high,8,1,0,7,19.38,48.62,54.0,76.62,90.0,62.73,70.1,7,87.5,1,1,5,2,0,2,6
2,2b6b23bb-e7cd-46fd-b899-a0a9e3a96237,a513e312-2947-41ac-8191-76c13178ef90,沙漠孤鹰,True,80e76669-51ec-4483-90e0-04abceda5702,16,55.19,60.75,314427.82,3930347.8,8.0,low,8,0,0,8,19.12,47.12,49.0,70.5,90.0,60.64,69.45,5,62.5,3,2,6,0,0,1,7
2,2b6b23bb-e7cd-46fd-b899-a0a9e3a96237,a5671302-f5d6-497a-ae3f-c39c2f4eead3,日耳曼战,True,4a15f14c-28e8-4c2f-90de-d5363e91566a,16,51.94,59.25,233704.87,2921310.83,8.0,low,8,0,0,8,19.75,46.12,51.0,70.88,88.0,57.76,66.9,7,87.5,1,0,5,3,0,1,7
2,2b6b23bb-e7cd-46fd-b899-a0a9e3a96237,a729c9b9-d105-471a-bb71-ffd3bf626fbf,麒麟踏云,True,063f8474-c0c2-42ac-a632-72dd33d2156d,17,52.18,58.38,655360.18,2978909.9,22.0,high,8,0,0,8,19.25,48.12,60.0,78.0,90.0,64.07,68.7,8,100.0,0,3,3,2,0,2,6
2,2b6b23bb-e7cd-46fd-b899-a0a9e3a96237,a77b1305-eb69-4e84-a3b0-a68c1ed073e5,红魔曼联,True,b3969166-c99e-42ea-989f-ea1a807fbb29,17,60.12,70.38,1181567.09,5370759.5,22.0,high,8,0,0,8,19.5,56.12,65.0,82.62,98.0,69.55,82.55,8,100.0,0,2,3,3,1,2,5
2,2b6b23bb-e7cd-46fd-b899-a0a9e3a96237,a7997283-358e-4c86-bb5c-1bbe865b736a,农场主富勒,True,b3969166-c99e-42ea-989f-ea1a807fbb29,17,61.94,71.0,435732.78,5446659.7,8.0,low,8,0,0,8,19.5,46.5,51.0,69.38,83.0,57.79,63.35,1,12.5,7,1,4,3,0,0,8
2,2b6b23bb-e7cd-46fd-b899-a0a9e3a96237,a8b4d912-316d-4247-a375-5237b6dd9517,青龙偃月,True,359be255-59cf-483b-ab1f-c339c2748d5c,16,60.69,69.38,1327045.04,6032022.9,22.0,high,8,0,0,8,19.12,47.5,55.0,77.0,83.0,61.27,67.8,7,87.5,1,0,5,3,0,0,8
2,2b6b23bb-e7cd-46fd-b899-a0a9e3a96237,a8daeebf-77a6-467b-af74-82520b31d1df,食蚁兽长,True,301a517b-11a1-45d9-81ce-e81905974e60,16,53.25,59.25,266434.08,3330426.0,8.0,low,8,0,0,8,19.88,46.0,50.0,67.25,76.0,55.56,61.1,7,87.5,1,1,2,5,0,0,8
2,2b6b23bb-e7cd-46fd-b899-a0a9e3a96237,a8f5236d-ed25-4d79-9fbc-2a6e237590f4,阿里巴巴,True,f6846932-f050-4653-9ecf-52a00fe9cb8b,16,47.75,57.25,236720.2,2959002.5,8.0,low,8,0,0,8,19.88,48.0,52.0,65.5,80.0,56.38,63.85,7,87.5,1,0,5,3,0,0,8
2,2b6b23bb-e7cd-46fd-b899-a0a9e3a96237,a9abf299-7238-49ce-9147-f3a64cc2ce1b,公牛都灵,True,a7b637f4-f78f-45ee-8aaf-64d9fef172ff,16,51.44,56.75,295170.53,2951705.3,10.0,medium,8,0,0,8,19.62,45.62,48.0,64.0,73.0,54.89,59.4,6,75.0,2,1,4,3,0,0,8
2,2b6b23bb-e7cd-46fd-b899-a0a9e3a96237,a9b5b0e7-7b38-4883-8a10-f08b6e204fd0,狼堡沃尔夫,True,4a15f14c-28e8-4c2f-90de-d5363e91566a,17,49.71,57.12,261303.51,2613035.1,10.0,low,8,1,0,7,19.5,46.62,57.0,69.12,83.0,57.75,73.35,7,87.5,1,1,4,3,0,0,8
2,2b6b23bb-e7cd-46fd-b899-a0a9e3a96237,a9e2ee7c-196e-406b-8a61-7a12de641391,猫眼石闪,True,5a1305b1-6c9f-466f-90ba-497869aec914,17,51.65,59.25,261112.62,2611126.2,10.0,low,8,0,0,8,19.5,46.75,49.0,69.12,93.0,59.32,68.6,6,75.0,2,2,5,1,0,1,7
2,2b6b23bb-e7cd-46fd-b899-a0a9e3a96237,aac28b58-decc-4ebb-b817-1a1b4b7ed73a,阿拉维斯,True,4a15f14c-28e8-4c2f-90de-d5363e91566a,17,57.71,63.62,278045.63,3475570.4,8.0,low,8,0,0,8,19.62,45.38,50.0,59.62,78.0,53.29,61.85,2,25.0,6,1,5,2,0,0,8
2,2b6b23bb-e7cd-46fd-b899-a0a9e3a96237,aadbd3a9-b5b8-40b3-bc10-fa7795c32060,蜜蜂布伦特,True,7c131cbb-9f4f-4a27-acc5-3d703d63275b,16,62.62,68.25,484697.86,4846978.6,10.0,low,8,0,0,8,19.5,49.0,53.0,74.12,83.0,62.81,69.15,6,75.0,2,1,7,0,0,0,8
2,2b6b23bb-e7cd-46fd-b899-a0a9e3a96237,ad25703e-0053-415e-8523-0d2730ac9365,狼队伍尔弗,True,7c131cbb-9f4f-4a27-acc5-3d703d63275b,17,59.29,65.12,1066812.41,4849147.3,22.0,high,8,2,0,6,19.38,51.88,58.0,81.62,90.0,66.76,71.65,8,100.0,0,0,7,1,0,2,6
2,2b6b23bb-e7cd-46fd-b899-a0a9e3a96237,ad44aa92-5680-4336-b85b-25d37bcc796f,大黄蜂多,True,4a15f14c-28e8-4c2f-90de-d5363e91566a,16,52.56,58.38,240987.7,3012346.3,8.0,low,8,0,0,8,19.38,47.25,54.0,59.12,72.0,54.59,68.1,3,37.5,5,3,2,3,0,0,8
2,2b6b23bb-e7cd-46fd-b899-a0a9e3a96237,ae6dc05a-edf4-460a-8f15-00a7210e38db,老鹰水晶宫,True,b3969166-c99e-42ea-989f-ea1a807fbb29,16,60.88,69.12,601273.76,6012737.59,10.0,medium,8,0,0,8,19.38,44.12,48.0,70.25,84.0,55.88,65.3,4,50.0,4,0,4,4,0,0,8
2,2b6b23bb-e7cd-46fd-b899-a0a9e3a96237,ae87bcfc-d77a-4910-8d64-9fc17100da25,角马迁徙,True,3ef58883-b984-4286-b63c-a994639b1eda,16,50.31,57.38,297622.04,2976220.4,10.0,low,8,0,0,8,19.5,46.12,51.0,70.88,90.0,58.26,67.25,7,87.5,1,0,6,2,0,1,7
2,2b6b23bb-e7cd-46fd-b899-a0a9e3a96237,af0a19de-6d42-4cff-8708-16eb0a12603c,马略卡岛,True,c88d210b-d92c-4ca6-b6ae-dbcbd50db99f,17,51.06,57.5,277802.38,3472529.7,8.0,low,8,0,0,8,19.62,45.12,47.0,65.25,75.0,55.18,65.6,5,62.5,3,1,4,3,0,0,8
2,2b6b23bb-e7cd-46fd-b899-a0a9e3a96237,b04ea948-66e6-4998-863f-bcbc9927f0c7,食人鱼群,True,5fde7b3c-5169-40e1-b27d-9965e3d15ab1,17,49.76,56.88,648021.7,2945553.2,22.0,high,8,0,0,8,19.5,46.62,52.0,74.12,93.0,59.0,68.4,7,87.5,1,0,4,4,0,1,7
2,2b6b23bb-e7cd-46fd-b899-a0a9e3a96237,b324d8ce-d613-460e-87db-74ad94d92d35,枪手兵工厂,True,b3969166-c99e-42ea-989f-ea1a807fbb29,17,59.18,69.38,1348821.5,6131006.8,22.0,high,8,0,0,8,19.38,50.88,60.0,76.38,95.0,64.85,75.05,6,75.0,2,1,7,0,1,2,5
2,2b6b23bb-e7cd-46fd-b899-a0a9e3a96237,b4107dca-e269-4f3a-8ab1-a36b3e309113,红军利物浦,True,7c131cbb-9f4f-4a27-acc5-3d703d63275b,16,63.62,68.25,544706.69,5447066.9,10.0,low,8,0,0,8,19.5,47.88,51.0,77.38,87.0,63.15,65.95,6,75.0,2,0,8,0,0,1,7
2,2b6b23bb-e7cd-46fd-b899-a0a9e3a96237,b4921016-e7cb-4a6a-b6b1-be4c5a053f7b,青云直上,True,978840be-6c69-4b6c-91b2-03a6e1e7fde3,17,50.29,58.5,648875.59,2949434.5,22.0,high,8,1,0,7,19.38,48.12,56.0,71.25,87.0,60.03,71.95,6,75.0,2,2,3,3,0,1,7
2,2b6b23bb-e7cd-46fd-b899-a0a9e3a96237,b60163ef-97d5-4976-8fed-85ae5dfc5b3f,塞尔塔天,True,51f4a3d3-c63e-45d9-9e79-c2cad398765f,16,58.0,66.38,759591.89,3452690.4,22.0,high,8,0,0,8,19.5,48.88,53.0,72.25,82.0,61.39,64.2,4,50.0,4,1,6,1,0,0,8
2,2b6b23bb-e7cd-46fd-b899-a0a9e3a96237,b6d8396d-19f1-4386-88e0-93a3818eef4a,斑马条纹,True,3ef58883-b984-4286-b63c-a994639b1eda,17,49.71,56.62,648510.6,2947775.48,22.0,high,8,0,0,8,19.12,50.12,61.0,71.88,92.0,62.41,72.9,8,100.0,0,1,7,0,0,1,7
2,2b6b23bb-e7cd-46fd-b899-a0a9e3a96237,b6dd5442-7f02-480a-9abd-e47600d0cfe6,金石为开,True,85573765-1fce-4719-b455-9bedb7fc3852,17,52.88,59.88,291405.46,2914054.6,10.0,low,8,0,0,8,19.62,45.0,52.0,71.62,92.0,56.48,63.05,6,75.0,2,0,3,5,0,1,7
2,2b6b23bb-e7cd-46fd-b899-a0a9e3a96237,b757ce5d-d52d-4f60-93fe-8f5613340a47,乌拉圭牛,True,525cb008-853b-4a8e-9d81-87146fae5cde,16,55.56,60.75,963901.77,4381371.7,22.0,high,8,0,0,8,19.5,48.0,55.0,79.88,91.0,62.34,71.0,8,100.0,0,1,2,5,0,2,6
2,2b6b23bb-e7cd-46fd-b899-a0a9e3a96237,b77ab317-4751-4e3a-aca1-21cad5ef5341,狂熊撼地,True,063f8474-c0c2-42ac-a632-72dd33d2156d,17,52.0,60.0,207157.77,2589472.1,8.0,low,8,0,0,8,19.75,45.0,53.0,66.62,81.0,55.23,67.55,5,62.5,3,1,3,4,0,0,8
2,2b6b23bb-e7cd-46fd-b899-a0a9e3a96237,b9010125-c177-46f0-ac56-eda4ec51d4f8,红尘滚滚,True,978840be-6c69-4b6c-91b2-03a6e1e7fde3,17,50.59,60.75,570761.14,2594368.8,22.0,high,8,0,0,8,19.38,47.12,53.0,75.5,88.0,61.39,66.3,7,87.5,1,1,5,2,0,1,7
2,2b6b23bb-e7cd-46fd-b899-a0a9e3a96237,b9155ad9-e3b9-436a-af60-85e08ee184d9,钢铁柏林,True,7c131cbb-9f4f-4a27-acc5-3d703d63275b,16,52.56,61.25,271386.37,3392329.6,8.0,low,8,0,0,8,19.38,45.75,49.0,66.75,79.0,56.7,62.3,5,62.5,3,0,7,1,0,0,8
2,2b6b23bb-e7cd-46fd-b899-a0a9e3a96237,bc4fdf86-d4fc-406e-b527-32b06cd5f360,印加帝国,True,301a517b-11a1-45d9-81ce-e81905974e60,17,55.0,61.38,349419.07,3494190.7,10.0,low,8,0,0,8,19.38,46.12,50.0,71.88,79.0,59.21,64.6,7,87.5,1,1,5,2,0,0,8
2,2b6b23bb-e7cd-46fd-b899-a0a9e3a96237,bca64a9c-5aa4-4b59-a840-dccca22ca4ec,美洲豹王,True,5fde7b3c-5169-40e1-b27d-9965e3d15ab1,16,53.62,60.5,650736.28,2957892.2,22.0,high,8,0,0,8,19.38,47.5,53.0,75.5,94.0,60.1,71.25,7,87.5,1,0,4,4,0,2,6
2,2b6b23bb-e7cd-46fd-b899-a0a9e3a96237,be2cac80-28c9-42b2-b208-fe897bc8bf38,紫电鹰扬,True,80e76669-51ec-4483-90e0-04abceda5702,16,56.56,64.0,344084.33,3440843.3,10.0,low,8,0,0,8,19.5,47.12,52.0,66.5,77.0,56.84,65.65,5,62.5,3,2,2,4,0,0,8
2,2b6b23bb-e7cd-46fd-b899-a0a9e3a96237,bff686b7-f43b-4ee6-ab47-65f08e42f3e7,闪电杰尼,False,359be255-59cf-483b-ab1f-c339c2748d5c,15,56.53,65.0,605262.42,6052624.2,10.0,low,8,0,0,8,19.62,46.25,54.0,63.88,81.0,55.68,72.15,2,25.0,6,1,5,2,0,0,8
2,2b6b23bb-e7cd-46fd-b899-a0a9e3a96237,c2e849d6-e49c-42a2-aded-da25324efa95,潘帕斯草,True,525cb008-853b-4a8e-9d81-87146fae5cde,16,61.0,67.88,486274.23,4862742.3,10.0,low,8,0,0,8,19.75,46.12,50.0,69.62,89.0,57.7,66.8,3,37.5,5,0,6,2,0,1,7
2,2b6b23bb-e7cd-46fd-b899-a0a9e3a96237,c3a306c8-0370-4557-b17a-8cdc9b246873,金毛狮王,True,984e1619-0888-4e41-8645-d8265a23e11a,16,48.62,57.62,775655.13,3525705.14,22.0,high,9,1,0,8,19.44,47.89,51.0,78.33,99.0,63.14,70.75,9,100.0,0,1,6,2,1,0,8
2,2b6b23bb-e7cd-46fd-b899-a0a9e3a96237,c567348e-56d2-41b5-b3bf-f12c1877cf25,绿茵魔术师,True,29ec03d2-e39d-439b-ace6-9268533123ff,16,61.44,71.12,552893.68,5528936.8,10.0,medium,8,0,0,8,19.62,47.25,54.0,68.62,81.0,56.87,72.15,3,37.5,5,1,2,5,0,0,8
2,2b6b23bb-e7cd-46fd-b899-a0a9e3a96237,c5695aa8-498f-413e-b73b-3d10e4c4ffff,蝙蝠军团,True,7c131cbb-9f4f-4a27-acc5-3d703d63275b,16,58.81,65.0,345558.27,4319478.4,8.0,low,8,0,0,8,19.88,46.0,51.0,66.38,85.0,55.17,61.3,3,37.5,5,0,4,4,0,1,7
2,2b6b23bb-e7cd-46fd-b899-a0a9e3a96237,c866a5c5-bf7f-4657-927d-b32818896bd3,马赛勇士,True,7d8f8bff-fe71-4f21-86ef-6e8835d8653d,17,53.0,60.38,665875.85,3026708.4,22.0,high,8,0,0,8,19.38,49.88,56.0,82.38,93.0,65.0,70.6,8,100.0,0,0,5,3,0,1,7
2,2b6b23bb-e7cd-46fd-b899-a0a9e3a96237,c8c72df5-e356-4b13-8e8f-ec88b7674dd2,紫百合佛,True,e223266b-c6e0-4a6a-a563-2102a14329cc,15,51.8,57.5,237689.45,2971118.1,8.0,low,8,1,0,7,19.62,46.0,51.0,69.62,88.0,57.63,66.9,7,87.5,1,1,4,3,0,1,7
2,2b6b23bb-e7cd-46fd-b899-a0a9e3a96237,c9103d51-f0d0-4508-bbbc-cd0e215b80cb,三狮军团,True,b3969166-c99e-42ea-989f-ea1a807fbb29,17,60.76,72.25,546432.79,5464327.9,10.0,low,8,0,0,8,19.75,47.62,53.0,73.75,91.0,60.38,69.45,3,37.5,5,1,4,3,0,2,6
2,2b6b23bb-e7cd-46fd-b899-a0a9e3a96237,c94a55b6-39c8-4129-81c7-f3b325e407be,沙漠之舟,True,81e6f8c8-40b9-4a8e-a10f-70349088f131,16,54.25,60.62,342973.08,3429730.8,10.0,low,8,0,0,8,19.75,45.75,50.0,72.5,91.0,57.29,65.9,6,75.0,2,0,3,5,0,1,7
2,2b6b23bb-e7cd-46fd-b899-a0a9e3a96237,c9dd425d-59a1-4fa5-83c9-4b7ce2f7f429,巴塔哥尼,True,29ec03d2-e39d-439b-ace6-9268533123ff,16,58.75,65.62,1219606.26,5543664.8,22.0,high,8,0,0,8,19.25,51.5,55.0,76.62,85.0,64.81,69.3,6,75.0,2,1,6,1,0,1,7
2,2b6b23bb-e7cd-46fd-b899-a0a9e3a96237,cce953b5-24b2-4111-b169-c7ee24250baa,塞维利业,True,a7b637f4-f78f-45ee-8aaf-64d9fef172ff,17,53.82,61.88,684338.89,3110631.3,22.0,high,8,1,0,7,19.75,49.12,55.0,70.88,89.0,59.41,71.2,5,62.5,3,0,5,3,0,1,7
2,2b6b23bb-e7cd-46fd-b899-a0a9e3a96237,ced36a6a-ff76-4d6e-b530-155bef975c6f,纳斯卡线,True,1e886f7d-fd94-4c98-96ea-273a8b3a6e29,17,55.82,62.88,852111.11,3873232.3,22.0,high,8,0,0,8,19.62,46.75,50.0,81.12,98.0,64.22,73.35,7,87.5,1,3,2,3,1,2,5
2,2b6b23bb-e7cd-46fd-b899-a0a9e3a96237,cf38b978-2024-45a7-8f20-99dfe99fa0b8,格拉纳达,True,51f4a3d3-c63e-45d9-9e79-c2cad398765f,16,54.81,62.38,849434.08,3861064.0,22.0,high,8,1,0,7,19.25,47.0,56.0,76.25,90.0,60.16,68.35,8,100.0,0,0,4,4,0,1,7
2,2b6b23bb-e7cd-46fd-b899-a0a9e3a96237,cfbaab7e-1b94-4a03-b11d-ffe126ca94ae,刚果雨林,True,1e886f7d-fd94-4c98-96ea-273a8b3a6e29,17,47.35,56.5,300030.97,3000309.7,10.0,low,8,0,0,8,19.88,43.38,49.0,67.12,90.0,52.56,62.75,4,50.0,4,0,1,7,0,1,7
2,2b6b23bb-e7cd-46fd-b899-a0a9e3a96237,d05a7cac-77cc-4fa9-8eba-d3db36881a4f,矿工沙尔,True,c88d210b-d92c-4ca6-b6ae-dbcbd50db99f,16,49.0,56.25,260607.29,2606072.9,10.0,low,8,0,0,8,19.75,46.25,50.0,66.38,84.0,56.31,65.1,6,75.0,2,0,6,2,0,0,8
2,2b6b23bb-e7cd-46fd-b899-a0a9e3a96237,d1528662-c97b-4af7-ab2f-e98b795cdda4,斯图加特,True,c88d210b-d92c-4ca6-b6ae-dbcbd50db99f,16,49.69,58.25,259424.66,2594246.6,10.0,low,8,0,0,8,19.38,46.88,51.0,71.25,84.0,59.34,67.3,7,87.5,1,1,5,2,0,0,8
2,2b6b23bb-e7cd-46fd-b899-a0a9e3a96237,d1c0d939-c777-4a8e-b87d-ede88c6e6abe,火狼焚原,True,21145133-3f98-4f16-a80a-28ea1a3c0858,16,55.81,62.5,385439.37,3854393.7,10.0,low,8,0,0,8,19.5,44.12,47.0,66.38,82.0,54.14,63.4,4,50.0,4,0,4,4,0,0,8
2,2b6b23bb-e7cd-46fd-b899-a0a9e3a96237,d20dd201-3871-43d1-afee-f407f87659b4,居鲁士帝,True,3bbbf391-d072-458c-b316-23bb079f6409,16,49.81,56.38,658771.48,2994415.8,22.0,high,8,0,0,8,19.75,49.25,57.0,82.38,94.0,66.66,70.7,8,100.0,0,1,7,0,0,3,5
2,2b6b23bb-e7cd-46fd-b899-a0a9e3a96237,d3286bd6-52f2-4571-afb5-cd2c361ab8ab,阿拉丁灯,True,f6846932-f050-4653-9ecf-52a00fe9cb8b,16,54.0,64.38,314228.52,3142285.19,10.0,medium,8,0,0,8,19.75,45.38,49.0,74.12,90.0,58.31,69.45,6,75.0,2,0,4,4,0,2,6
2,2b6b23bb-e7cd-46fd-b899-a0a9e3a96237,d3b66902-aa7c-408c-a3a8-2343ebc9cbe0,犀牛冲撞,True,063f8474-c0c2-42ac-a632-72dd33d2156d,16,47.25,54.62,665094.98,3023159.02,22.0,high,8,1,0,7,19.25,48.38,53.0,78.0,89.0,63.21,70.75,8,100.0,0,0,7,1,0,2,6
2,2b6b23bb-e7cd-46fd-b899-a0a9e3a96237,d4b06680-c802-4b4f-8fd1-33bea289ade2,西海金龙,True,ed56aff1-b86b-4206-ba6f-d1c1d0ead9ca,17,62.35,70.38,533625.58,5336255.75,10.0,medium,8,0,0,8,19.75,47.88,53.0,73.12,84.0,60.74,72.95,4,50.0,4,1,5,2,0,0,8
2,2b6b23bb-e7cd-46fd-b899-a0a9e3a96237,d69d7488-960a-4778-a79c-a0330172ef4a,绿白贝蒂,True,51f4a3d3-c63e-45d9-9e79-c2cad398765f,16,55.5,63.25,760581.49,3457188.6,22.0,high,9,1,0,8,19.44,46.67,53.0,79.44,97.0,62.08,67.65,9,100.0,0,1,4,4,1,2,6
2,2b6b23bb-e7cd-46fd-b899-a0a9e3a96237,d871b731-c80d-4872-b5b2-59a8a7b126ee,圣保罗彩,True,f166be2f-3d1b-40e7-b136-d4736138344e,17,55.65,63.25,310158.5,3101585.0,10.0,low,8,0,0,8,19.62,45.62,51.0,73.25,92.0,57.06,65.25,5,62.5,3,0,2,6,0,1,7
2,2b6b23bb-e7cd-46fd-b899-a0a9e3a96237,d89a5197-5cc5-4e06-971e-c198e16e5d18,桑布露族,True,7d8f8bff-fe71-4f21-86ef-6e8835d8653d,17,50.53,56.25,569159.46,2587088.48,22.0,high,8,0,0,8,19.25,48.88,57.0,79.75,94.0,64.27,74.55,7,87.5,1,1,5,2,0,3,5
2,2b6b23bb-e7cd-46fd-b899-a0a9e3a96237,da33e4ad-66d5-433e-93ba-366a9c2daf3f,非洲野牛,True,3ef58883-b984-4286-b63c-a994639b1eda,17,48.53,56.5,651642.13,2962009.7,22.0,high,8,0,0,8,19.38,48.38,54.0,75.25,81.0,62.97,67.85,7,87.5,1,2,5,1,0,0,8
2,2b6b23bb-e7cd-46fd-b899-a0a9e3a96237,da7e1fb6-644f-4f12-ac90-d8a9cf2d9645,真蓝黑亚,True,a7b637f4-f78f-45ee-8aaf-64d9fef172ff,16,53.44,61.12,296884.58,2968845.8,10.0,low,8,0,0,8,19.38,45.5,48.0,62.5,73.0,54.15,58.7,3,37.5,5,0,6,2,0,0,8
2,2b6b23bb-e7cd-46fd-b899-a0a9e3a96237,de554813-103d-4ab7-a7b0-030d80a26303,阿拉伯军,True,97f656a1-354e-476a-804e-57d7795aa34c,17,51.0,56.25,653530.81,2970594.6,22.0,high,8,0,0,8,19.38,46.25,49.0,73.38,94.0,57.96,65.1,7,87.5,1,0,3,5,0,1,7
2,2b6b23bb-e7cd-46fd-b899-a0a9e3a96237,de838a52-9057-4623-a707-fd29fd23e02c,霍村霍芬,True,c88d210b-d92c-4ca6-b6ae-dbcbd50db99f,16,48.06,54.62,297784.93,2977849.3,10.0,low,8,0,0,8,19.75,47.12,51.0,69.88,84.0,57.86,66.2,6,75.0,2,0,5,3,0,0,8
2,2b6b23bb-e7cd-46fd-b899-a0a9e3a96237,df0c3811-9f00-451e-bd0a-4d22f839f910,红狼罗马,True,a7b637f4-f78f-45ee-8aaf-64d9fef172ff,16,50.25,55.38,656051.0,2982050.0,22.0,high,8,0,0,8,19.5,46.5,50.0,72.0,90.0,58.48,67.25,7,87.5,1,1,3,4,0,1,7
2,2b6b23bb-e7cd-46fd-b899-a0a9e3a96237,df0cf5b2-3259-4822-b945-261c54e430ba,红牛莱比,True,4a15f14c-28e8-4c2f-90de-d5363e91566a,16,53.94,60.5,259191.62,2591916.2,10.0,low,8,0,0,8,19.75,46.38,53.0,66.62,84.0,55.99,64.0,5,62.5,3,0,5,3,0,0,8
2,2b6b23bb-e7cd-46fd-b899-a0a9e3a96237,df29d5d7-141c-470c-b226-c2c18994aa4b,蓝鹰拉齐,True,e223266b-c6e0-4a6a-a563-2102a14329cc,17,52.06,57.62,317358.76,3173587.59,10.0,medium,8,0,0,8,19.5,46.88,54.0,70.5,91.0,58.01,71.55,6,75.0,2,1,3,4,0,1,7
2,2b6b23bb-e7cd-46fd-b899-a0a9e3a96237,e0c9eea6-67ef-4e89-adff-55007cad963b,撒丁岛卡,True,a7b637f4-f78f-45ee-8aaf-64d9fef172ff,16,49.81,58.62,237528.94,2969111.8,8.0,low,8,0,0,8,19.62,46.5,56.0,69.88,77.0,58.52,66.1,7,87.5,1,0,7,1,0,0,8
2,2b6b23bb-e7cd-46fd-b899-a0a9e3a96237,e1027b61-123f-401b-b628-e0b3a79eaea6,阿散蒂金,True,7d8f8bff-fe71-4f21-86ef-6e8835d8653d,17,51.82,61.62,570734.82,2594249.2,22.0,high,8,0,0,8,19.25,50.75,56.0,75.75,87.0,64.0,69.3,7,87.5,1,1,6,1,0,2,6
2,2b6b23bb-e7cd-46fd-b899-a0a9e3a96237,e1c28409-400e-4cae-b1a2-bf81ab44ac90,拉普拉塔,True,525cb008-853b-4a8e-9d81-87146fae5cde,16,56.75,64.62,352486.58,4406082.2,8.0,low,8,0,0,8,19.75,45.0,51.0,66.25,83.0,54.06,64.1,2,25.0,6,0,3,5,0,0,8
2,2b6b23bb-e7cd-46fd-b899-a0a9e3a96237,e1ee3921-d9a9-48ce-a389-3fa4d0dcbf50,草原战狼,True,ed56aff1-b86b-4206-ba6f-d1c1d0ead9ca,16,58.19,64.5,345388.67,4317358.4,8.0,low,8,0,0,8,19.25,46.0,51.0,62.88,82.0,55.09,65.1,2,25.0,6,2,3,3,0,0,8
2,2b6b23bb-e7cd-46fd-b899-a0a9e3a96237,e5e69a4d-63f0-4e62-addb-b51923c6289b,巴斯克雄,True,4a15f14c-28e8-4c2f-90de-d5363e91566a,16,56.75,63.0,342830.6,3428306.0,10.0,low,8,0,0,8,20.0,47.12,53.0,73.75,83.0,60.11,65.3,7,87.5,1,1,4,3,0,0,8
2,2b6b23bb-e7cd-46fd-b899-a0a9e3a96237,e5f8b687-80b4-4e5b-9398-0f67c674604a,绿洲明珠,True,b6ddea43-79ab-4ac6-959c-3171dbce21ff,17,58.65,64.88,1191168.22,5414401.0,22.0,high,8,0,0,8,19.25,53.12,58.0,82.5,93.0,67.34,74.5,7,87.5,1,1,4,3,0,3,5
2,2b6b23bb-e7cd-46fd-b899-a0a9e3a96237,e6003d82-a938-4dc4-864c-b63501f2ae70,尼罗河源,True,301a517b-11a1-45d9-81ce-e81905974e60,16,53.56,61.38,238459.45,2980743.1,8.0,low,8,0,0,8,19.5,46.38,51.0,66.88,72.0,55.6,61.35,5,62.5,3,0,4,4,0,0,8
2,2b6b23bb-e7cd-46fd-b899-a0a9e3a96237,e8069429-7f4a-4735-a309-c9f73c6a9942,能源霸主,True,f8c7642e-6116-431e-ab83-cd140737a4aa,16,60.0,67.62,488828.02,4888280.2,10.0,low,8,0,0,8,19.62,44.88,51.0,62.38,80.0,52.75,58.2,1,12.5,7,0,4,4,0,0,8
2,2b6b23bb-e7cd-46fd-b899-a0a9e3a96237,e87b425e-c078-458e-8712-5812eb2007cd,赤龙焚天,True,359be255-59cf-483b-ab1f-c339c2748d5c,16,63.25,73.38,606146.63,6061466.3,10.0,low,8,1,0,7,19.62,46.75,54.0,77.62,92.0,61.64,72.65,4,50.0,4,0,6,2,0,3,5
2,2b6b23bb-e7cd-46fd-b899-a0a9e3a96237,e94e5257-ab68-4ad7-847b-1173ce6578be,图西胡图,True,7d8f8bff-fe71-4f21-86ef-6e8835d8653d,17,49.0,56.88,746743.12,3394286.9,22.0,high,8,0,0,8,19.5,47.25,55.0,78.0,94.0,61.59,70.55,7,87.5,1,0,5,3,0,2,6
2,2b6b23bb-e7cd-46fd-b899-a0a9e3a96237,e9dd35ad-da38-4f78-8495-797e678b3c20,香料之路,True,f6846932-f050-4653-9ecf-52a00fe9cb8b,15,50.93,57.12,296871.25,2968712.5,10.0,low,8,0,0,8,19.75,48.38,52.0,69.62,84.0,57.94,67.3,8,100.0,0,0,4,4,0,0,8
2,2b6b23bb-e7cd-46fd-b899-a0a9e3a96237,eb2f1e87-4901-4c3f-93e5-4bc8a6a03f06,土耳其近,True,97f656a1-354e-476a-804e-57d7795aa34c,17,47.59,54.75,294836.17,2948361.7,10.0,low,8,0,0,8,19.62,46.5,50.0,73.0,80.0,58.93,63.7,8,100.0,0,1,3,4,0,0,8
2,2b6b23bb-e7cd-46fd-b899-a0a9e3a96237,ed5c6eb4-7eaa-4484-8711-9333b2d11b16,波斯地毯,True,3bbbf391-d072-458c-b316-23bb079f6409,16,52.31,59.38,735308.28,3342310.36,22.0,high,9,1,0,8,19.44,47.33,51.0,75.0,97.0,60.01,69.7,7,77.78,2,0,5,4,1,1,7
2,2b6b23bb-e7cd-46fd-b899-a0a9e3a96237,eeb45694-9f5a-4bb9-ab06-6b9b79d06670,紫电龙骑,True,359be255-59cf-483b-ab1f-c339c2748d5c,16,60.06,67.25,541946.34,5419463.4,10.0,low,8,0,0,8,19.5,46.88,48.0,71.88,76.0,59.62,65.15,5,62.5,3,2,3,3,0,0,8
2,2b6b23bb-e7cd-46fd-b899-a0a9e3a96237,f040b65b-6bca-4d22-8209-5db13b34e775,探戈情人,True,301a517b-11a1-45d9-81ce-e81905974e60,16,59.31,64.62,485267.3,4852673.0,10.0,low,8,0,0,8,19.5,46.25,51.0,70.0,84.0,57.44,63.3,4,50.0,4,0,5,3,0,0,8
2,2b6b23bb-e7cd-46fd-b899-a0a9e3a96237,f0be488b-4f4e-4f97-9eb1-8868116d7b93,小海马萨,True,b8d9fdd9-7a6c-43c2-910e-c0bb5fbd34fe,16,50.25,58.38,564136.73,2564257.85,22.0,high,8,0,0,8,19.5,48.62,54.0,85.25,99.0,67.11,74.45,8,100.0,0,2,4,2,1,4,3
2,2b6b23bb-e7cd-46fd-b899-a0a9e3a96237,f0c2b81f-e7a2-4001-8b08-d92dea47338f,不来梅绿,True,c88d210b-d92c-4ca6-b6ae-dbcbd50db99f,17,51.71,60.0,647951.6,2945234.52,22.0,high,8,1,0,7,19.12,46.88,57.0,75.5,90.0,60.76,72.0,7,87.5,1,2,2,4,0,2,6
2,2b6b23bb-e7cd-46fd-b899-a0a9e3a96237,f13044b1-6e84-4b16-8f06-e695944e0bb7,亚马逊河,True,301a517b-11a1-45d9-81ce-e81905974e60,16,56.31,62.88,274920.6,3436507.5,8.0,low,8,0,0,8,19.38,48.75,52.0,73.75,99.0,60.0,69.5,6,75.0,2,0,4,4,1,0,7
2,2b6b23bb-e7cd-46fd-b899-a0a9e3a96237,f239bd15-2cb8-4f6d-9d6f-5adea01696ff,圣徒南安普,True,b8d9fdd9-7a6c-43c2-910e-c0bb5fbd34fe,17,59.06,69.88,1077828.66,4899221.2,22.0,high,8,1,0,7,19.38,49.0,60.0,78.75,86.0,63.89,73.2,7,87.5,1,1,5,2,0,1,7
2,2b6b23bb-e7cd-46fd-b899-a0a9e3a96237,f37aae86-41db-49a2-be9f-d239ed67a9d7,玛瑙石红,True,5a1305b1-6c9f-466f-90ba-497869aec914,16,52.44,59.12,733574.67,3334430.3,22.0,high,8,0,0,8,19.5,50.25,55.0,74.38,85.0,61.61,68.85,8,100.0,0,0,5,3,0,1,7
2,2b6b23bb-e7cd-46fd-b899-a0a9e3a96237,f3ec8fde-fe3c-43c9-aec6-6084ea0ce620,汽油骑士,True,f8c7642e-6116-431e-ab83-cd140737a4aa,17,57.06,61.5,1205566.58,5479848.1,22.0,high,8,2,0,6,19.12,53.25,61.0,78.25,86.0,67.0,74.4,8,100.0,0,2,5,1,0,1,7
2,2b6b23bb-e7cd-46fd-b899-a0a9e3a96237,f5fab24c-152b-4150-ae51-5faa82e9aff4,白百合热,True,b3969166-c99e-42ea-989f-ea1a807fbb29,16,64.19,74.25,481111.12,6013889.0,8.0,low,8,1,0,7,19.88,50.12,57.0,80.25,89.0,63.68,71.75,4,50.0,4,0,4,4,0,1,7
2,2b6b23bb-e7cd-46fd-b899-a0a9e3a96237,fb87ae66-a9df-487c-ab8a-5840eeac1d07,雷霆万钧,True,21145133-3f98-4f16-a80a-28ea1a3c0858,16,50.75,59.88,728083.75,3309471.6,22.0,high,9,1,0,8,19.56,48.89,56.0,80.33,99.0,63.71,72.8,7,77.78,2,0,6,3,1,2,6
2,2b6b23bb-e7cd-46fd-b899-a0a9e3a96237,fc06cf91-c305-493c-84ba-bd93802991fc,热带雨林,True,1e886f7d-fd94-4c98-96ea-273a8b3a6e29,17,51.82,59.12,249917.8,3123972.5,8.0,low,8,0,0,8,19.5,45.38,51.0,68.62,88.0,56.84,67.3,5,62.5,3,1,4,3,0,1,7
2,2b6b23bb-e7cd-46fd-b899-a0a9e3a96237,fd2d0447-d660-47dd-a0dc-12f7ebfc2e65,银河战舰,True,b8d9fdd9-7a6c-43c2-910e-c0bb5fbd34fe,16,56.5,63.0,389832.13,3898321.3,10.0,low,8,0,0,8,19.75,46.5,49.0,65.25,75.0,54.44,58.15,4,50.0,4,1,1,6,0,0,8
2,2b6b23bb-e7cd-46fd-b899-a0a9e3a96237,fd2f2ffd-b02d-4117-b2aa-f0c1c9b83553,森林之语,True,978840be-6c69-4b6c-91b2-03a6e1e7fde3,16,49.62,58.5,298315.09,2983150.9,10.0,low,8,0,0,8,19.5,47.62,52.0,64.25,82.0,57.11,67.5,5,62.5,3,1,6,1,0,0,8
2,2b6b23bb-e7cd-46fd-b899-a0a9e3a96237,fdb06b8f-684f-4761-b62e-22e64c5971b5,波斯猫王,True,81e6f8c8-40b9-4a8e-a10f-70349088f131,16,49.56,57.0,300829.43,3008294.3,10.0,low,8,0,0,8,19.88,46.88,52.0,64.75,73.0,54.92,61.2,6,75.0,2,0,4,4,0,0,8
2,2b6b23bb-e7cd-46fd-b899-a0a9e3a96237,fde969e3-86ac-462d-bbc1-963eab38b504,沙漠之狐,True,b6ddea43-79ab-4ac6-959c-3171dbce21ff,17,59.94,71.5,541789.87,5417898.7,10.0,low,8,0,0,8,19.5,47.5,53.0,69.0,84.0,58.17,66.2,2,25.0,6,1,4,3,0,0,8
2,2b6b23bb-e7cd-46fd-b899-a0a9e3a96237,fe128fb9-67f0-4d49-80e5-bb6292a71be2,铁翼飞鹰,True,80e76669-51ec-4483-90e0-04abceda5702,17,55.06,62.38,386262.51,3862625.1,10.0,low,8,0,0,8,19.88,44.75,49.0,66.12,72.0,54.87,64.9,5,62.5,3,1,3,4,0,0,8
2,2b6b23bb-e7cd-46fd-b899-a0a9e3a96237,ff2dd69b-ac4c-4ce3-af23-521daf536eed,斑马军团,True,e223266b-c6e0-4a6a-a563-2102a14329cc,16,51.62,60.0,259077.53,2590775.25,10.0,medium,8,0,0,8,19.25,45.75,52.0,69.75,80.0,57.55,62.75,6,75.0,2,0,6,2,0,0,8
2,2b6b23bb-e7cd-46fd-b899-a0a9e3a96237,ff55cef1-9862-4d72-9ba4-3d241938741b,巴格达城,True,97f656a1-354e-476a-804e-57d7795aa34c,17,55.41,61.5,682657.12,3102986.9,22.0,high,8,0,0,8,19.5,46.75,52.0,72.5,92.0,59.34,66.6,6,75.0,2,0,6,2,0,1,7
3,cb06dd19-381c-4513-8a9b-17b6e349adde,00983e2e-e8bd-47be-a022-5774b994caa7,蓝黑战士,True,e223266b-c6e0-4a6a-a563-2102a14329cc,17,48.94,59.5,607466.69,2761212.24,22.0,high,8,0,0,8,20.38,48.88,54.0,79.62,94.0,64.21,68.9,8,100.0,0,1,5,2,0,1,7
3,cb06dd19-381c-4513-8a9b-17b6e349adde,0192de1b-b1f4-4f4b-af0f-934452bda0d1,武当太极,True,85573765-1fce-4719-b455-9bedb7fc3852,17,52.24,60.75,681500.34,3097728.8,22.0,high,8,0,0,8,20.25,46.62,52.0,74.12,91.0,61.5,71.95,8,100.0,0,1,7,0,0,1,7
3,cb06dd19-381c-4513-8a9b-17b6e349adde,02674860-147a-44e2-843a-da5f0e9f81bc,蓝宝石海,True,5a1305b1-6c9f-466f-90ba-497869aec914,17,50.65,59.0,685948.82,3117949.2,22.0,high,8,0,0,8,20.25,49.38,59.0,77.12,85.0,62.36,68.7,8,100.0,0,0,5,3,0,2,6
3,cb06dd19-381c-4513-8a9b-17b6e349adde,03832f41-a31c-4d42-a687-158df7a831d7,魔毯飞行,True,f6846932-f050-4653-9ecf-52a00fe9cb8b,17,53.24,62.12,681815.77,3099162.57,22.0,high,8,0,0,8,20.5,51.75,57.0,77.0,98.0,65.11,73.6,6,75.0,2,1,6,1,1,0,7
3,cb06dd19-381c-4513-8a9b-17b6e349adde,090b2c3b-fb42-4eaa-a978-2463ed4dc234,玄武镇海,True,80e76669-51ec-4483-90e0-04abceda5702,16,50.81,61.62,776721.99,3530554.52,22.0,high,8,2,0,6,20.38,47.88,53.0,78.5,94.0,62.66,72.9,7,87.5,1,2,2,4,0,3,5
3,cb06dd19-381c-4513-8a9b-17b6e349adde,0a5b6a82-d483-486a-9d11-592a154fbf0c,绿洲驼队,True,81e6f8c8-40b9-4a8e-a10f-70349088f131,17,57.24,63.62,885988.06,4027218.46,22.0,high,8,0,0,8,20.25,50.25,56.0,83.38,97.0,67.16,73.45,7,87.5,1,2,4,2,2,2,4
3,cb06dd19-381c-4513-8a9b-17b6e349adde,0fc36386-3ee4-4343-9c56-3b6ccc661da3,猎豹闪电,True,984e1619-0888-4e41-8645-d8265a23e11a,17,46.35,59.12,673651.92,3062054.2,22.0,high,8,0,0,8,20.38,48.5,62.0,78.0,93.0,65.28,78.35,8,100.0,0,3,5,0,0,2,6
3,cb06dd19-381c-4513-8a9b-17b6e349adde,1135d594-4576-4c49-8126-ef5d77f4c9de,烈焰狂狮,True,984e1619-0888-4e41-8645-d8265a23e11a,16,55.38,61.25,270698.68,2706986.8,10.0,low,8,0,0,8,20.88,44.62,48.0,68.12,90.0,54.7,64.9,5,62.5,3,0,3,5,0,1,7
3,cb06dd19-381c-4513-8a9b-17b6e349adde,11bbc8df-418e-40ea-a638-3ee287139ed6,雪豹冰山,True,984e1619-0888-4e41-8645-d8265a23e11a,17,55.59,65.75,312520.06,3125200.58,10.0,medium,8,0,0,8,20.5,46.12,53.0,69.75,91.0,58.26,68.25,4,50.0,4,1,5,2,0,1,7
3,cb06dd19-381c-4513-8a9b-17b6e349adde,121a8ce8-a60e-4dbc-8943-f888ae0138df,波斯勇士,True,81e6f8c8-40b9-4a8e-a10f-70349088f131,16,54.81,63.38,349709.65,3497096.51,10.0,low,8,0,0,8,20.62,46.88,51.0,66.5,75.0,56.21,66.45,4,50.0,4,1,3,4,0,0,8
3,cb06dd19-381c-4513-8a9b-17b6e349adde,12b9b35d-129c-462a-b966-ec1e353e0928,苍鹰搏兔,True,ed56aff1-b86b-4206-ba6f-d1c1d0ead9ca,16,57.38,67.5,790342.77,3592467.15,22.0,high,8,0,0,8,20.5,49.62,57.0,79.12,92.0,65.9,69.35,6,75.0,2,2,6,0,0,2,6
3,cb06dd19-381c-4513-8a9b-17b6e349adde,13ff2225-f620-4205-8acb-fc3b5053862a,非洲犀牛,True,3ef58883-b984-4286-b63c-a994639b1eda,17,52.0,62.25,249287.53,3116094.11,8.0,low,8,0,0,8,20.5,46.12,51.0,74.0,87.0,60.17,66.45,6,75.0,2,0,7,1,0,1,7
3,cb06dd19-381c-4513-8a9b-17b6e349adde,163b7787-c249-4bfa-8242-a0f2b860d2cf,大地之力,True,978840be-6c69-4b6c-91b2-03a6e1e7fde3,16,50.06,61.0,695529.09,3161495.88,22.0,high,8,1,0,7,20.5,47.25,50.0,72.75,87.0,59.73,68.65,6,75.0,2,1,4,3,0,1,7
3,cb06dd19-381c-4513-8a9b-17b6e349adde,1737da78-c242-462b-8962-3694873576be,雄鹰法兰,True,4a15f14c-28e8-4c2f-90de-d5363e91566a,17,53.59,62.62,309332.45,3093324.53,10.0,low,8,0,0,8,20.5,49.0,54.0,68.0,91.0,60.05,70.45,5,62.5,3,2,5,1,0,1,7
3,cb06dd19-381c-4513-8a9b-17b6e349adde,18090434-c547-4e31-bc35-c7efb038c31d,宇宙巴萨,True,7c131cbb-9f4f-4a27-acc5-3d703d63275b,16,57.62,68.62,807918.79,3672358.12,22.0,high,8,0,0,8,20.62,47.38,52.0,77.12,94.0,61.26,70.15,7,87.5,1,1,3,4,0,1,7
3,cb06dd19-381c-4513-8a9b-17b6e349adde,1950e07c-a077-441f-b406-16b12daa45c7,西班牙人,True,c88d210b-d92c-4ca6-b6ae-dbcbd50db99f,17,54.82,62.0,797236.91,3623804.15,22.0,high,8,0,0,8,20.0,47.38,51.0,68.88,82.0,59.05,66.95,4,50.0,4,1,6,1,0,0,8
3,cb06dd19-381c-4513-8a9b-17b6e349adde,19d4e548-1c7f-4706-a0df-f0446a99c617,金豹捕猎,True,984e1619-0888-4e41-8645-d8265a23e11a,17,49.71,61.38,686168.98,3118949.92,22.0,high,8,0,0,8,20.62,47.75,50.0,69.88,78.0,57.71,64.6,7,87.5,1,0,4,4,0,0,8
3,cb06dd19-381c-4513-8a9b-17b6e349adde,1a3f033a-4e73-46cb-8f58-d20c32e04fd2,西域雪狼,True,ed56aff1-b86b-4206-ba6f-d1c1d0ead9ca,17,56.59,65.62,455942.02,4559420.17,10.0,medium,8,0,0,8,20.62,47.25,51.0,67.75,81.0,57.48,66.5,2,25.0,6,0,6,2,0,0,8
3,cb06dd19-381c-4513-8a9b-17b6e349adde,1c91e42f-e538-4301-89c5-50c7324055dc,高乔骑士,True,29ec03d2-e39d-439b-ace6-9268533123ff,17,60.41,66.88,405730.44,5071630.56,8.0,low,8,0,0,8,21.0,45.5,54.0,60.88,73.0,52.92,64.55,2,25.0,6,0,5,3,0,0,8
3,cb06dd19-381c-4513-8a9b-17b6e349adde,1e00f974-ec58-4b4c-be20-faf412d9027e,汉诺威红,True,51f4a3d3-c63e-45d9-9e79-c2cad398765f,16,51.88,62.12,257122.39,3214029.93,8.0,low,8,0,0,8,20.62,45.88,51.0,68.88,83.0,57.23,66.5,4,50.0,4,1,4,3,0,0,8
3,cb06dd19-381c-4513-8a9b-17b6e349adde,1f522e60-e720-4a28-a30d-1352879957b4,弯月之星,True,5a1305b1-6c9f-466f-90ba-497869aec914,17,55.12,63.38,355864.68,3558646.76,10.0,medium,8,0,0,8,20.38,49.0,55.0,72.0,79.0,61.85,67.8,6,75.0,2,2,5,1,0,0,8
3,cb06dd19-381c-4513-8a9b-17b6e349adde,1fc0382f-e8e4-4817-8a9b-86acd3f47e81,冰狼踏雪,True,21145133-3f98-4f16-a80a-28ea1a3c0858,16,56.88,67.88,796807.2,3621850.9,22.0,high,8,0,0,8,20.0,49.25,57.0,75.25,84.0,62.95,67.1,5,62.5,3,1,6,1,0,0,8
3,cb06dd19-381c-4513-8a9b-17b6e349adde,20979679-9c36-4bfc-8639-cd644706a4f1,皇家社会,True,a7b637f4-f78f-45ee-8aaf-64d9fef172ff,17,55.12,62.5,396066.95,3960669.46,10.0,medium,8,1,0,7,20.5,46.5,52.0,77.5,92.0,59.95,69.75,7,87.5,1,0,3,5,0,2,6
3,cb06dd19-381c-4513-8a9b-17b6e349adde,2125a9ec-76c0-4c3f-90e8-039afd4c2e5e,山楂球西布,True,b3969166-c99e-42ea-989f-ea1a807fbb29,17,56.88,69.62,512275.78,5122757.82,10.0,low,8,0,0,8,20.5,46.0,50.0,65.38,82.0,55.72,64.2,2,25.0,6,0,6,2,0,0,8
3,cb06dd19-381c-4513-8a9b-17b6e349adde,225a9ffb-e671-4019-93cc-cbc6572216de,草原猎鹰,True,80e76669-51ec-4483-90e0-04abceda5702,16,53.56,63.5,405663.89,4056638.94,10.0,low,8,0,0,8,20.62,46.0,51.0,69.5,84.0,57.08,66.75,5,62.5,3,0,5,3,0,0,8
3,cb06dd19-381c-4513-8a9b-17b6e349adde,23d24ae7-74bc-4ad2-9b70-0df8e9f10c5d,威尼斯假,True,525cb008-853b-4a8e-9d81-87146fae5cde,17,59.47,70.0,333583.03,4169787.87,8.0,low,8,0,0,8,20.25,46.75,52.0,64.88,78.0,56.41,69.7,3,37.5,5,1,5,2,0,0,8
3,cb06dd19-381c-4513-8a9b-17b6e349adde,242e04d1-fbaf-4773-9832-f963bb36cdbf,贝都因骑,True,97f656a1-354e-476a-804e-57d7795aa34c,16,52.06,60.62,309367.94,3093679.44,10.0,low,8,0,0,8,20.75,45.25,51.0,69.0,77.0,56.44,67.6,6,75.0,2,1,3,4,0,0,8
3,cb06dd19-381c-4513-8a9b-17b6e349adde,2465461a-8563-46cd-873a-baaa6a467841,大流士王,True,3bbbf391-d072-458c-b316-23bb079f6409,16,51.88,63.12,311099.39,3110993.91,10.0,low,8,0,0,8,20.75,45.5,50.0,65.12,87.0,54.83,66.45,2,25.0,6,0,5,3,0,1,7
3,cb06dd19-381c-4513-8a9b-17b6e349adde,246f43f2-0e83-4eb6-8f73-abd9beda391d,蓝月亮城,True,b3969166-c99e-42ea-989f-ea1a807fbb29,17,63.71,72.12,543306.55,5433065.46,10.0,medium,8,0,0,8,20.38,47.5,53.0,73.62,89.0,59.76,62.7,3,37.5,5,1,3,4,0,1,7
3,cb06dd19-381c-4513-8a9b-17b6e349adde,249c854a-a6cf-4ef6-b379-4253c33a08f4,非洲猎豹,True,3ef58883-b984-4286-b63c-a994639b1eda,17,53.29,61.38,268974.14,2689741.41,10.0,low,8,0,0,8,20.5,45.88,50.0,70.0,91.0,57.23,67.7,6,75.0,2,1,3,4,0,1,7
3,cb06dd19-381c-4513-8a9b-17b6e349adde,24ee4c01-522f-45bb-b7b2-f6a47a1598d3,罗马狼王,True,b8d9fdd9-7a6c-43c2-910e-c0bb5fbd34fe,17,53.65,63.25,687516.07,3125073.03,22.0,high,8,0,0,8,20.75,48.88,55.0,77.88,90.0,62.42,67.8,7,87.5,1,1,3,4,0,3,5
3,cb06dd19-381c-4513-8a9b-17b6e349adde,2678b819-3da4-4304-a4fc-0973fd2f630e,塞伦盖蒂,True,1e886f7d-fd94-4c98-96ea-273a8b3a6e29,17,52.06,58.62,687053.71,3122971.42,22.0,high,8,0,0,8,20.5,49.0,57.0,76.88,93.0,62.54,69.0,7,87.5,1,1,4,3,0,3,5
3,cb06dd19-381c-4513-8a9b-17b6e349adde,274fc978-b187-40f1-ab2e-8de5ba54d181,天然气王,True,b6ddea43-79ab-4ac6-959c-3171dbce21ff,16,55.0,64.38,461606.66,5770083.22,8.0,low,8,0,0,8,20.5,46.38,52.0,70.12,84.0,58.56,72.4,5,62.5,3,1,5,2,0,0,8
3,cb06dd19-381c-4513-8a9b-17b6e349adde,27550134-d903-4055-ab54-4af1341d4314,撒哈拉驼,True,f8c7642e-6116-431e-ab83-cd140737a4aa,16,58.81,66.75,1390215.32,6319160.55,22.0,high,8,1,0,7,20.38,51.75,58.0,76.5,91.0,63.89,73.75,6,75.0,2,1,4,3,0,1,7
3,cb06dd19-381c-4513-8a9b-17b6e349adde,278885b1-f652-4775-92de-8dcd14d9bc93,图阿雷格,True,f5757d67-4592-4ae1-97d4-07b3a5db56d8,16,51.69,63.88,607501.23,2761369.23,22.0,high,8,0,0,8,20.38,47.62,52.0,78.25,87.0,63.91,73.2,7,87.5,1,1,7,0,0,1,7
3,cb06dd19-381c-4513-8a9b-17b6e349adde,27a76999-b51f-4c41-b3d6-da7989a5c411,黑虎掏心,True,85573765-1fce-4719-b455-9bedb7fc3852,17,59.65,66.12,365838.92,4572986.56,8.0,low,8,0,0,8,20.75,46.62,52.0,70.25,85.0,57.76,67.95,3,37.5,5,0,5,3,0,1,7
3,cb06dd19-381c-4513-8a9b-17b6e349adde,296adf8c-b827-4c9d-8bb5-41e1f387f372,水豚憨态,True,301a517b-11a1-45d9-81ce-e81905974e60,16,53.44,64.88,247881.29,3098516.17,8.0,low,8,0,0,8,20.5,45.5,48.0,63.75,81.0,55.71,63.75,2,25.0,6,1,6,1,0,0,8
3,cb06dd19-381c-4513-8a9b-17b6e349adde,2aab03b8-1a68-409b-b46b-324058dca0c6,科隆山羊,True,4a15f14c-28e8-4c2f-90de-d5363e91566a,17,49.18,57.12,761494.74,3461339.72,22.0,high,8,0,0,8,20.25,49.88,59.0,71.38,84.0,60.05,66.45,7,87.5,1,0,5,3,0,0,8
3,cb06dd19-381c-4513-8a9b-17b6e349adde,2b6cd430-daf3-4110-b52c-78be813d14e5,刚果王国,True,f166be2f-3d1b-40e7-b136-d4736138344e,17,50.59,63.25,225685.84,2821073.06,8.0,low,8,0,0,8,20.25,45.38,47.0,68.5,81.0,57.78,63.2,5,62.5,3,0,8,0,0,0,8
3,cb06dd19-381c-4513-8a9b-17b6e349adde,2d385586-589a-4f5c-8534-6ff244cf310c,阿拉伯夜,True,f5757d67-4592-4ae1-97d4-07b3a5db56d8,17,58.0,67.88,1021231.01,4641959.15,22.0,high,8,0,0,8,20.38,49.0,52.0,78.12,88.0,63.61,68.4,7,87.5,1,0,7,1,0,1,7
3,cb06dd19-381c-4513-8a9b-17b6e349adde,2e48ed42-88f4-4899-9cf5-ecad75931d4a,北方苍狼,True,21145133-3f98-4f16-a80a-28ea1a3c0858,16,56.81,63.62,316916.3,3961453.79,8.0,low,8,0,0,8,20.75,45.25,52.0,73.12,92.0,58.29,68.15,6,75.0,2,0,5,3,0,1,7
3,cb06dd19-381c-4513-8a9b-17b6e349adde,2e94468c-2436-4f60-80d5-78d7147a1bb6,石化巨人,True,f8c7642e-6116-431e-ab83-cd140737a4aa,16,56.0,65.25,327804.14,4097551.72,8.0,low,8,0,0,8,20.25,44.75,48.0,68.12,82.0,56.77,63.65,3,37.5,5,1,5,2,0,0,8
3,cb06dd19-381c-4513-8a9b-17b6e349adde,2f61c6ea-7c93-4f2f-807a-9c17b26fd688,长颈鹿颈,True,525cb008-853b-4a8e-9d81-87146fae5cde,16,55.06,65.38,244842.91,3060536.34,8.0,low,8,0,0,8,20.38,46.12,53.0,72.5,89.0,58.99,65.45,5,62.5,3,1,4,3,0,2,6
3,cb06dd19-381c-4513-8a9b-17b6e349adde,2fa52165-4377-45e5-8d06-9e18100f6c99,北海苍龙,True,359be255-59cf-483b-ab1f-c339c2748d5c,17,60.76,66.62,459055.23,5738190.35,8.0,low,8,0,0,8,20.62,47.88,55.0,68.0,86.0,58.93,64.2,2,25.0,6,1,6,1,0,1,7
3,cb06dd19-381c-4513-8a9b-17b6e349adde,317e8d83-dc2d-4179-8a43-55ef610cd565,沙滩足球,True,29ec03d2-e39d-439b-ace6-9268533123ff,16,62.5,73.0,454637.5,5682968.76,8.0,low,8,0,0,8,20.62,46.12,50.0,66.62,79.0,55.85,63.4,2,25.0,6,0,5,3,0,0,8
3,cb06dd19-381c-4513-8a9b-17b6e349adde,33e39c40-1488-4a7e-8145-00280a237aed,花车巡游,True,525cb008-853b-4a8e-9d81-87146fae5cde,16,55.88,63.88,358805.65,4485070.58,8.0,low,8,0,0,8,20.75,47.88,53.0,70.0,85.0,57.83,68.3,4,50.0,4,0,4,4,0,1,7
3,cb06dd19-381c-4513-8a9b-17b6e349adde,3616958e-ca58-4b30-91ed-d810a9409d5b,大津巴布,True,7d8f8bff-fe71-4f21-86ef-6e8835d8653d,16,52.0,61.62,267848.12,2678481.17,10.0,medium,8,1,0,7,20.62,46.25,50.0,74.62,84.0,60.52,68.4,8,100.0,0,2,3,3,0,0,8
3,cb06dd19-381c-4513-8a9b-17b6e349adde,37af924e-79a8-4895-8c85-c8c3a43d0ce0,马赛马拉,True,1e886f7d-fd94-4c98-96ea-273a8b3a6e29,16,51.62,59.88,700359.14,3183450.65,22.0,high,8,0,0,8,20.5,46.5,50.0,72.88,88.0,58.87,66.9,8,100.0,0,0,5,3,0,1,7
3,cb06dd19-381c-4513-8a9b-17b6e349adde,37d0221b-b783-41ef-ba45-4afbadfcca2e,黑金帝国,True,f8c7642e-6116-431e-ab83-cd140737a4aa,17,60.41,68.25,402828.46,4028284.65,10.0,low,8,1,0,7,20.62,46.75,51.0,71.5,91.0,58.89,69.55,3,37.5,5,0,6,2,0,2,6
3,cb06dd19-381c-4513-8a9b-17b6e349adde,37e823df-a354-48ba-9cb9-a5f2aa80b09e,单峰快驼,True,3bbbf391-d072-458c-b316-23bb079f6409,17,55.06,62.88,320912.04,3209120.41,10.0,low,8,0,0,8,20.75,47.38,52.0,67.5,76.0,56.43,64.8,4,50.0,4,0,4,4,0,0,8
3,cb06dd19-381c-4513-8a9b-17b6e349adde,3850a89f-9b56-43e4-886c-b239f5a141b1,喜鹊纽卡,True,51f4a3d3-c63e-45d9-9e79-c2cad398765f,17,65.35,73.62,446406.66,5580083.26,8.0,low,8,0,0,8,20.62,45.5,49.0,68.88,81.0,56.02,64.5,2,25.0,6,0,4,4,0,0,8
3,cb06dd19-381c-4513-8a9b-17b6e349adde,3af34a43-f7c8-4a10-833e-b929ef808f8f,黄色潜水艇,True,a7b637f4-f78f-45ee-8aaf-64d9fef172ff,17,56.12,64.38,261865.55,3273319.33,8.0,low,8,0,0,8,20.75,46.88,51.0,69.0,80.0,58.33,65.5,3,37.5,5,1,5,2,0,0,8
3,cb06dd19-381c-4513-8a9b-17b6e349adde,3b81880a-c267-41f8-842f-be557a392611,累西腓鼓,True,f166be2f-3d1b-40e7-b136-d4736138344e,16,51.81,59.88,879028.37,3995583.49,22.0,high,8,0,0,8,20.5,52.0,61.0,80.62,93.0,64.88,70.6,8,100.0,0,2,0,6,0,2,6
3,cb06dd19-381c-4513-8a9b-17b6e349adde,3c35e50c-47f9-4e79-bdf1-a0368ab99700,骆驼骑士,True,3bbbf391-d072-458c-b316-23bb079f6409,17,53.06,63.5,708539.44,3220633.83,22.0,high,8,0,0,8,20.38,47.88,55.0,75.0,93.0,60.08,70.1,6,75.0,2,0,4,4,0,2,6
3,cb06dd19-381c-4513-8a9b-17b6e349adde,3cf98f89-d3ee-4eb1-add3-d165adc163da,树懒慢动,True,5fde7b3c-5169-40e1-b27d-9965e3d15ab1,16,52.62,60.5,712175.32,3237160.55,22.0,high,8,2,0,6,20.25,47.5,60.0,78.75,88.0,62.06,74.6,7,87.5,1,0,5,3,0,3,5
3,cb06dd19-381c-4513-8a9b-17b6e349adde,3d74852b-cef9-4536-90d3-ab20c3f1d39a,青金石蓝,True,5a1305b1-6c9f-466f-90ba-497869aec914,17,50.41,58.62,307796.56,3077965.57,10.0,medium,8,0,0,8,20.38,46.38,48.0,70.38,87.0,60.68,70.2,6,75.0,2,3,5,0,0,1,7
3,cb06dd19-381c-4513-8a9b-17b6e349adde,3d7c7ccd-3c62-49de-af2b-51d1b186ca84,西域猛虎,True,ed56aff1-b86b-4206-ba6f-d1c1d0ead9ca,17,60.35,70.0,405575.63,5069695.36,8.0,low,8,0,0,8,20.62,47.12,53.0,69.62,82.0,58.75,68.15,2,25.0,6,2,3,3,0,0,8
3,cb06dd19-381c-4513-8a9b-17b6e349adde,3e90263d-9aa2-495f-9391-402267f48e45,水手桑普,True,b8d9fdd9-7a6c-43c2-910e-c0bb5fbd34fe,17,53.24,60.38,788362.09,3583464.06,22.0,high,8,0,0,8,20.38,46.62,51.0,70.38,94.0,59.31,69.6,5,62.5,3,2,4,2,0,1,7
3,cb06dd19-381c-4513-8a9b-17b6e349adde,3f143543-33be-40b5-9675-d1e965a811eb,东方雄狮,True,984e1619-0888-4e41-8645-d8265a23e11a,16,50.88,60.88,273966.44,2739664.38,10.0,medium,8,0,0,8,20.38,47.38,53.0,69.5,84.0,58.83,72.95,6,75.0,2,1,5,2,0,0,8
3,cb06dd19-381c-4513-8a9b-17b6e349adde,4158ea87-e495-4b6a-a108-54d8bfaaa5e3,野马奔腾,True,063f8474-c0c2-42ac-a632-72dd33d2156d,16,47.31,57.25,684553.88,3111608.54,22.0,high,8,0,0,8,20.12,47.5,54.0,80.88,89.0,63.52,69.45,8,100.0,0,2,2,4,0,3,5
3,cb06dd19-381c-4513-8a9b-17b6e349adde,417aede9-0129-47b2-937c-94eb89a7d0d8,管道巨头,True,f8c7642e-6116-431e-ab83-cd140737a4aa,16,58.0,68.62,353900.32,4423754.03,8.0,low,8,0,0,8,20.5,47.12,51.0,70.62,84.0,58.7,68.25,3,37.5,5,1,4,3,0,0,8
3,cb06dd19-381c-4513-8a9b-17b6e349adde,438bcce8-4e5c-401e-b640-9593bfb14368,咖啡起源,True,81e6f8c8-40b9-4a8e-a10f-70349088f131,17,52.35,63.12,869299.85,3951362.96,22.0,high,8,0,0,8,20.62,50.0,57.0,75.88,93.0,62.64,70.65,6,75.0,2,0,6,2,0,1,7
3,cb06dd19-381c-4513-8a9b-17b6e349adde,45ade8e1-b205-4af3-86af-8250a7841af4,麦加朝圣,True,81e6f8c8-40b9-4a8e-a10f-70349088f131,17,55.41,66.12,361959.52,3619595.19,10.0,medium,8,1,0,7,20.5,46.88,52.0,75.12,92.0,60.09,70.65,4,50.0,4,0,5,3,0,2,6
3,cb06dd19-381c-4513-8a9b-17b6e349adde,45bfbd60-df67-43c9-9d4a-b721c3b9ded4,Medina之光,True,97f656a1-354e-476a-804e-57d7795aa34c,17,54.29,62.5,403071.8,4030718.02,10.0,low,8,0,0,8,20.62,46.0,48.0,72.38,89.0,59.37,66.05,6,75.0,2,2,3,3,0,1,7
3,cb06dd19-381c-4513-8a9b-17b6e349adde,45e56362-3964-4c3e-8f54-f651ae5c735a,水晶石透,True,f5757d67-4592-4ae1-97d4-07b3a5db56d8,17,52.53,63.88,767843.35,3490197.04,22.0,high,8,1,0,7,20.38,48.25,58.0,79.62,93.0,63.37,75.75,6,75.0,2,0,6,2,0,2,6
3,cb06dd19-381c-4513-8a9b-17b6e349adde,461cbc97-34f7-4cc7-98c0-f5057949a243,五人制王,True,29ec03d2-e39d-439b-ace6-9268533123ff,17,62.0,69.5,1245302.53,5660466.07,22.0,high,8,2,0,6,20.25,51.88,62.0,82.38,93.0,67.1,80.3,7,87.5,1,2,3,3,0,4,4
3,cb06dd19-381c-4513-8a9b-17b6e349adde,4a8567a0-344b-4573-a764-34d83833628f,雪虎踏山,True,80e76669-51ec-4483-90e0-04abceda5702,17,58.24,67.0,1113170.57,5059866.24,22.0,high,8,1,0,7,20.75,51.12,58.0,77.62,88.0,63.55,73.5,7,87.5,1,0,5,3,0,1,7
3,cb06dd19-381c-4513-8a9b-17b6e349adde,4a946e10-f770-42df-a073-e0ff24ad6c3f,烈焰红唇,True,85573765-1fce-4719-b455-9bedb7fc3852,17,52.94,59.0,659945.15,2999750.68,22.0,high,8,0,0,8,20.12,47.25,53.0,80.5,93.0,63.71,72.5,8,100.0,0,1,5,2,0,1,7
3,cb06dd19-381c-4513-8a9b-17b6e349adde,4a9502a1-912e-4f71-b915-f14f10dc76a2,安第斯山,True,301a517b-11a1-45d9-81ce-e81905974e60,17,55.76,61.25,1106500.54,5029547.92,22.0,high,8,1,0,7,20.75,49.0,53.0,82.38,95.0,63.52,70.45,7,87.5,1,0,3,5,1,2,5
3,cb06dd19-381c-4513-8a9b-17b6e349adde,4bf730ae-744d-4cf9-bfed-069e72cb7222,中原飞虎,True,359be255-59cf-483b-ab1f-c339c2748d5c,16,61.69,71.12,427327.61,5341595.18,8.0,low,8,1,0,7,20.5,49.62,57.0,72.25,84.0,59.81,67.3,2,25.0,6,0,4,4,0,0,8
3,cb06dd19-381c-4513-8a9b-17b6e349adde,4cdd75e5-7d1a-4faa-ba6e-b467d791430a,快乐足球,True,29ec03d2-e39d-439b-ace6-9268533123ff,16,56.56,66.25,625302.98,6253029.77,10.0,medium,8,0,0,8,20.12,49.12,60.0,68.62,80.0,58.9,72.3,2,25.0,6,1,4,3,0,0,8
3,cb06dd19-381c-4513-8a9b-17b6e349adde,4d69f07c-49fa-4fc4-871e-38f57ee93c13,美丽游戏,True,29ec03d2-e39d-439b-ace6-9268533123ff,16,59.12,68.0,500483.26,6256040.71,8.0,low,8,0,0,8,20.62,48.75,55.0,70.88,84.0,60.21,69.15,4,50.0,4,0,7,1,0,0,8
3,cb06dd19-381c-4513-8a9b-17b6e349adde,4d8043ee-95c3-43c9-9652-ff2812f0b778,紫气东来,True,978840be-6c69-4b6c-91b2-03a6e1e7fde3,17,56.53,67.38,248277.35,3103466.92,8.0,low,8,0,0,8,20.62,47.12,53.0,70.75,83.0,58.76,62.15,4,50.0,4,2,2,4,0,0,8
3,cb06dd19-381c-4513-8a9b-17b6e349adde,4e73d656-18e4-47b7-839f-d07b94c13336,莫莫之王,True,f166be2f-3d1b-40e7-b136-d4736138344e,16,57.5,65.62,987860.25,4490273.87,22.0,high,8,0,0,8,20.5,50.38,56.0,78.38,93.0,65.47,71.0,7,87.5,1,2,5,1,0,2,6
3,cb06dd19-381c-4513-8a9b-17b6e349adde,4eb8d514-91aa-49bb-a361-7b52f7960471,奥格斯堡,True,c88d210b-d92c-4ca6-b6ae-dbcbd50db99f,17,51.53,61.0,307383.58,3073835.82,10.0,low,8,1,0,7,20.88,44.75,50.0,68.75,87.0,55.55,68.65,6,75.0,2,0,4,4,0,1,7
3,cb06dd19-381c-4513-8a9b-17b6e349adde,4f4050d5-a81e-4f2c-9fe4-3b691e3a8bb3,床单军团,True,e223266b-c6e0-4a6a-a563-2102a14329cc,17,56.0,62.38,360579.02,3605790.15,10.0,medium,8,0,0,8,20.62,47.5,52.0,70.25,77.0,59.74,69.25,4,50.0,4,2,4,2,0,0,8
3,cb06dd19-381c-4513-8a9b-17b6e349adde,52ac1303-aa48-47c0-abfc-e1565cd83a2c,小辣椒莱,True,a7b637f4-f78f-45ee-8aaf-64d9fef172ff,16,53.69,61.88,678768.3,3085310.47,22.0,high,8,0,0,8,20.5,47.38,57.0,75.38,84.0,60.48,69.8,8,100.0,0,0,5,3,0,0,8
3,cb06dd19-381c-4513-8a9b-17b6e349adde,546f1283-41ba-44fc-8ae4-c2f349eab730,铁甲战狮,True,80e76669-51ec-4483-90e0-04abceda5702,16,53.69,62.0,681827.18,3099214.47,22.0,high,8,0,0,8,20.25,48.88,53.0,74.5,83.0,61.91,71.15,7,87.5,1,2,3,3,0,0,8
3,cb06dd19-381c-4513-8a9b-17b6e349adde,55d3b2ad-6730-4fdb-9a5e-3fa20c0ee991,布宜诺斯,True,3ef58883-b984-4286-b63c-a994639b1eda,17,54.82,62.88,336841.55,4210519.39,8.0,low,8,0,0,8,21.0,45.12,51.0,63.75,84.0,54.51,67.8,4,50.0,4,1,4,3,0,0,8
3,cb06dd19-381c-4513-8a9b-17b6e349adde,5607bb46-3924-4699-a221-28b6e75fb2ee,智利红酒,True,301a517b-11a1-45d9-81ce-e81905974e60,17,55.0,63.75,351158.35,3511583.48,10.0,medium,8,0,0,8,20.5,49.38,58.0,74.0,92.0,62.46,73.05,5,62.5,3,2,4,2,0,1,7
3,cb06dd19-381c-4513-8a9b-17b6e349adde,56110445-240a-45bb-8e2f-1dee3d3e7825,金鹰破晓,True,359be255-59cf-483b-ab1f-c339c2748d5c,16,56.19,62.5,1137572.19,5170782.69,22.0,high,8,2,0,6,20.5,53.0,60.0,79.38,92.0,66.37,76.4,7,87.5,1,1,5,2,0,2,6
3,cb06dd19-381c-4513-8a9b-17b6e349adde,564a5213-4a71-4545-bd52-b2958bcdcb5c,苍穹雄鹰,True,984e1619-0888-4e41-8645-d8265a23e11a,17,53.76,62.25,357509.5,3575094.97,10.0,medium,8,1,0,7,20.62,46.38,51.0,74.25,87.0,59.42,68.65,5,62.5,3,0,5,3,0,1,7
3,cb06dd19-381c-4513-8a9b-17b6e349adde,56a4d6dd-79ee-4536-bf12-9873eff15482,寒冰领域,True,85573765-1fce-4719-b455-9bedb7fc3852,17,55.82,62.5,683289.96,3105863.44,22.0,high,8,0,0,8,20.5,48.88,58.0,77.75,93.0,61.87,75.75,6,75.0,2,0,4,4,0,3,5
3,cb06dd19-381c-4513-8a9b-17b6e349adde,576a1500-e80b-488e-84a4-4d30d5c9f8e2,萨尔瓦多,True,f166be2f-3d1b-40e7-b136-d4736138344e,16,63.06,71.25,285680.64,3571007.95,8.0,low,8,0,0,8,20.62,47.62,50.0,74.38,99.0,61.66,70.05,3,37.5,5,3,2,3,1,0,7
3,cb06dd19-381c-4513-8a9b-17b6e349adde,58c7685d-d70a-4db2-ba81-82ec60565630,流水无痕,True,978840be-6c69-4b6c-91b2-03a6e1e7fde3,16,53.38,64.88,250050.14,3125626.7,8.0,low,8,0,0,8,20.62,47.0,51.0,68.38,77.0,58.62,67.15,6,75.0,2,3,2,3,0,0,8
3,cb06dd19-381c-4513-8a9b-17b6e349adde,595645b3-210a-45b7-9719-8194d843afcc,桑巴学校,True,f166be2f-3d1b-40e7-b136-d4736138344e,17,58.35,66.25,323934.24,4049178.04,8.0,low,8,0,0,8,20.5,46.75,52.0,66.62,78.0,56.69,65.7,3,37.5,5,0,6,2,0,0,8
3,cb06dd19-381c-4513-8a9b-17b6e349adde,59ddcaef-f19f-464e-b647-87378c8e0340,炼油大师,True,b6ddea43-79ab-4ac6-959c-3171dbce21ff,16,59.88,65.0,507519.16,5075191.63,10.0,low,8,0,0,8,20.62,45.75,48.0,64.38,82.0,53.13,59.65,1,12.5,7,0,2,6,0,0,8
3,cb06dd19-381c-4513-8a9b-17b6e349adde,5d26cab3-5840-4ddc-911e-96966cd04aed,幽冥鬼狼,True,ed56aff1-b86b-4206-ba6f-d1c1d0ead9ca,16,56.0,64.38,789242.77,3587467.13,22.0,high,8,0,0,8,20.5,50.62,61.0,81.25,90.0,64.41,72.0,7,87.5,1,0,4,4,0,3,5
3,cb06dd19-381c-4513-8a9b-17b6e349adde,5d916859-a4e4-4f4e-b5f5-183e781c1b9f,云豹穿林,True,80e76669-51ec-4483-90e0-04abceda5702,17,52.88,61.75,616530.37,2802410.77,22.0,high,8,0,0,8,20.12,49.88,54.0,75.5,93.0,62.91,72.45,5,62.5,3,1,5,2,0,3,5
3,cb06dd19-381c-4513-8a9b-17b6e349adde,5dbc0c0c-5cae-47c9-b6cb-c56edc170a86,南海蛟龙,True,359be255-59cf-483b-ab1f-c339c2748d5c,17,63.12,72.75,301298.38,3766229.75,8.0,low,8,0,0,8,20.5,46.25,51.0,69.0,84.0,57.49,65.65,1,12.5,7,1,4,3,0,0,8
3,cb06dd19-381c-4513-8a9b-17b6e349adde,5e79a306-a1b5-4379-a96b-59bc3b243b7f,桑巴舞者,True,525cb008-853b-4a8e-9d81-87146fae5cde,17,59.12,67.5,1374475.66,6247616.64,22.0,high,8,1,0,7,20.38,48.12,58.0,74.75,91.0,61.61,74.85,5,62.5,3,2,3,3,0,1,7
3,cb06dd19-381c-4513-8a9b-17b6e349adde,5edb33b0-4b3b-48b7-bddd-2f6b9065fd7b,金字塔尖,True,b6ddea43-79ab-4ac6-959c-3171dbce21ff,16,62.12,73.25,460487.35,5756091.88,8.0,low,8,0,0,8,20.75,46.75,50.0,68.88,93.0,56.71,66.25,1,12.5,7,0,4,4,0,1,7
3,cb06dd19-381c-4513-8a9b-17b6e349adde,6060f7cb-6bbf-4c2f-b3fc-230422f4ac95,清真美食,True,5a1305b1-6c9f-466f-90ba-497869aec914,17,55.0,63.0,360075.67,3600756.74,10.0,low,8,0,0,8,20.38,47.0,52.0,71.88,93.0,60.19,72.45,5,62.5,3,3,2,3,0,1,7
3,cb06dd19-381c-4513-8a9b-17b6e349adde,60a04a4b-6df1-4e32-a7bc-68776a385a86,设拉子酒,True,3bbbf391-d072-458c-b316-23bb079f6409,16,51.12,57.25,682254.51,3101156.89,22.0,high,8,0,0,8,20.38,47.62,54.0,86.5,93.0,65.12,70.85,8,100.0,0,0,4,4,0,5,3
3,cb06dd19-381c-4513-8a9b-17b6e349adde,61ab2691-a159-4e1a-a1d7-4a16c903ab94,沙漠玫瑰,True,f6846932-f050-4653-9ecf-52a00fe9cb8b,17,48.12,60.12,306659.74,3066597.4,10.0,low,8,0,0,8,20.62,47.88,51.0,70.0,84.0,58.83,64.25,7,87.5,1,1,4,3,0,0,8
3,cb06dd19-381c-4513-8a9b-17b6e349adde,620ab27f-f4c9-484d-ad85-b88180b2bf58,马里帝国,True,7d8f8bff-fe71-4f21-86ef-6e8835d8653d,16,51.0,58.0,307867.02,3078670.23,10.0,low,8,0,0,8,21.0,46.5,50.0,68.25,96.0,57.29,68.15,6,75.0,2,1,4,3,1,0,7
3,cb06dd19-381c-4513-8a9b-17b6e349adde,623c06a9-a30a-4bd4-8e29-48f10df92c69,那不勒斯,True,e223266b-c6e0-4a6a-a563-2102a14329cc,17,50.53,58.88,777403.83,3533653.77,22.0,high,8,1,0,7,20.38,47.5,50.0,78.5,92.0,61.45,68.65,8,100.0,0,0,4,4,0,3,5
3,cb06dd19-381c-4513-8a9b-17b6e349adde,6389f794-4ebc-4cd5-a507-216bfbad5745,马丘比丘,True,5fde7b3c-5169-40e1-b27d-9965e3d15ab1,17,52.41,59.5,893137.31,4059715.07,22.0,high,8,1,0,7,20.12,49.0,56.0,79.12,89.0,63.56,72.4,8,100.0,0,1,4,3,0,2,6
3,cb06dd19-381c-4513-8a9b-17b6e349adde,6493de21-509e-4109-afcf-ce60120ae37d,里约狂欢,True,3ef58883-b984-4286-b63c-a994639b1eda,17,53.82,64.75,362903.73,3629037.33,10.0,low,8,0,0,8,20.5,46.12,52.0,69.88,81.0,57.81,68.35,4,50.0,4,2,2,4,0,0,8
3,cb06dd19-381c-4513-8a9b-17b6e349adde,676a5416-929a-4ae2-aaea-2adafe7e7f70,丝路驼铃,True,f5757d67-4592-4ae1-97d4-07b3a5db56d8,17,56.94,63.38,455661.96,4556619.59,10.0,medium,8,0,0,8,20.5,51.12,60.0,72.88,92.0,62.91,76.4,5,62.5,3,1,6,1,0,2,6
3,cb06dd19-381c-4513-8a9b-17b6e349adde,68694a58-7731-42d2-8dcf-c6f25948a2af,马穆鲁克,True,f5757d67-4592-4ae1-97d4-07b3a5db56d8,17,56.47,63.62,678536.88,3084258.53,22.0,high,8,0,0,8,20.25,49.38,57.0,74.38,86.0,62.12,74.25,7,87.5,1,2,3,3,0,1,7
3,cb06dd19-381c-4513-8a9b-17b6e349adde,68bf5a52-1c38-4b6c-b3e4-4ab1b7c50cfe,东北虎啸,True,063f8474-c0c2-42ac-a632-72dd33d2156d,17,58.12,69.0,902183.96,4100836.17,22.0,high,8,0,0,8,20.12,48.5,53.0,75.88,94.0,60.32,69.45,5,62.5,3,0,3,5,0,1,7
3,cb06dd19-381c-4513-8a9b-17b6e349adde,6907c429-2dbb-4fbc-9055-1164a7af9ffa,银龙出海,True,359be255-59cf-483b-ab1f-c339c2748d5c,17,59.12,68.88,1229637.68,5589262.19,22.0,high,8,0,0,8,20.5,52.88,62.0,82.0,95.0,66.98,76.1,7,87.5,1,2,2,4,1,0,7
3,cb06dd19-381c-4513-8a9b-17b6e349adde,694d2373-8e8d-498c-a51f-90db06f1ff51,蓝衣军团,True,b8d9fdd9-7a6c-43c2-910e-c0bb5fbd34fe,16,52.0,63.0,305704.93,3057049.28,10.0,medium,8,1,0,7,20.5,46.5,50.0,74.62,94.0,60.16,71.8,6,75.0,2,0,6,2,0,2,6
3,cb06dd19-381c-4513-8a9b-17b6e349adde,6a5387c1-7798-4d0b-aef5-87865e2df24f,伊斯法罕,True,3bbbf391-d072-458c-b316-23bb079f6409,16,55.12,63.62,685846.6,3117484.55,22.0,high,8,0,0,8,20.5,47.38,58.0,75.62,80.0,60.59,69.45,7,87.5,1,1,3,4,0,0,8
3,cb06dd19-381c-4513-8a9b-17b6e349adde,6b4393e6-c532-409b-be86-40c3930ee94b,红宝石矿,True,5a1305b1-6c9f-466f-90ba-497869aec914,17,53.0,59.75,309018.74,3090187.37,10.0,medium,8,0,0,8,20.38,45.12,50.0,69.38,93.0,56.54,64.6,5,62.5,3,0,5,3,0,1,7
3,cb06dd19-381c-4513-8a9b-17b6e349adde,6cce5283-6611-4cb8-8b9d-a747fb9a7b5d,华南虎威,True,ed56aff1-b86b-4206-ba6f-d1c1d0ead9ca,16,58.69,66.25,514878.87,5148788.66,10.0,medium,8,0,0,8,20.38,48.12,51.0,78.38,83.0,63.74,68.3,7,87.5,1,1,6,1,0,0,8
3,cb06dd19-381c-4513-8a9b-17b6e349adde,6e4c18ef-22ee-42dc-996a-5d28e2e51aed,大马士革,True,f5757d67-4592-4ae1-97d4-07b3a5db56d8,16,55.69,66.25,534092.1,5340921.0,10.0,low,8,0,0,8,20.5,46.38,51.0,62.88,78.0,54.3,62.4,1,12.5,7,1,3,4,0,0,8
3,cb06dd19-381c-4513-8a9b-17b6e349adde,6faf8572-3a96-4145-b8f5-3b8304fc486f,白虎啸天,True,978840be-6c69-4b6c-91b2-03a6e1e7fde3,17,55.35,65.0,998465.78,4538480.83,22.0,high,8,0,0,8,20.75,49.38,54.0,76.38,94.0,61.02,67.8,6,75.0,2,0,3,5,0,2,6
3,cb06dd19-381c-4513-8a9b-17b6e349adde,71c88dd9-84d5-4415-8a2e-0393e0a55b8d,铁锤帮西汉,True,c88d210b-d92c-4ca6-b6ae-dbcbd50db99f,17,54.76,63.62,991809.45,4508224.79,22.0,high,8,0,0,8,20.38,47.62,56.0,79.62,100.0,61.02,73.8,7,87.5,1,0,2,6,1,2,5
3,cb06dd19-381c-4513-8a9b-17b6e349adde,727ee9ce-e0e3-48c4-95a3-c8c8e3976150,金刚鹦鹉,True,5fde7b3c-5169-40e1-b27d-9965e3d15ab1,16,52.38,58.88,600235.91,2728345.04,22.0,high,8,0,0,8,20.5,49.38,54.0,74.12,84.0,63.01,68.95,7,87.5,1,3,3,2,0,0,8
3,cb06dd19-381c-4513-8a9b-17b6e349adde,7362d4e1-093b-469d-b35c-3b9df1e7f633,斗牛士团,True,7c131cbb-9f4f-4a27-acc5-3d703d63275b,17,60.24,67.75,358045.83,4475572.92,8.0,low,8,0,0,8,20.38,47.5,59.0,74.62,94.0,58.71,75.85,5,62.5,3,0,2,6,0,2,6
3,cb06dd19-381c-4513-8a9b-17b6e349adde,73ad676d-fae2-4a8a-b69d-06d881cb694c,撒哈拉南,True,1e886f7d-fd94-4c98-96ea-273a8b3a6e29,17,50.47,61.12,680478.54,3093084.3,22.0,high,8,2,0,6,20.5,49.12,54.0,77.38,89.0,64.34,74.1,8,100.0,0,2,5,1,0,3,5
3,cb06dd19-381c-4513-8a9b-17b6e349adde,76ea894a-a987-4cc7-84b6-efbaa896d142,维多利亚,True,1e886f7d-fd94-4c98-96ea-273a8b3a6e29,17,52.65,63.38,611131.51,2777870.52,22.0,high,8,0,0,8,20.12,48.12,52.0,67.75,78.0,58.96,67.45,4,50.0,4,2,4,2,0,0,8
3,cb06dd19-381c-4513-8a9b-17b6e349adde,77c184eb-17cd-4a60-b1ef-d2d25d067708,绿松石绿,True,5a1305b1-6c9f-466f-90ba-497869aec914,17,51.59,57.5,684770.83,3112594.67,22.0,high,8,0,0,8,20.12,45.62,47.0,78.25,93.0,62.81,69.15,8,100.0,0,1,7,0,0,2,6
3,cb06dd19-381c-4513-8a9b-17b6e349adde,7987e549-b84a-4aa9-9c81-9eb88cd8e9ab,萨拉丁军,True,f5757d67-4592-4ae1-97d4-07b3a5db56d8,17,54.53,63.5,766585.05,3484477.51,22.0,high,8,1,0,7,20.25,50.0,58.0,78.5,94.0,64.83,79.65,7,87.5,1,1,6,1,0,2,6
3,cb06dd19-381c-4513-8a9b-17b6e349adde,79ff5611-2f63-4a90-9948-420586063a5f,白虹贯日,True,978840be-6c69-4b6c-91b2-03a6e1e7fde3,17,49.12,61.62,679926.16,3090573.46,22.0,high,8,0,0,8,20.12,45.88,54.0,68.25,88.0,57.44,65.9,5,62.5,3,0,7,1,0,1,7
3,cb06dd19-381c-4513-8a9b-17b6e349adde,7afb3a3e-6663-4edc-b70c-e13ed8981547,金虎啸月,True,063f8474-c0c2-42ac-a632-72dd33d2156d,17,56.12,61.75,1031431.4,4688324.55,22.0,high,8,1,0,7,20.38,47.0,55.0,67.12,92.0,57.06,73.65,4,50.0,4,0,6,2,0,1,7
3,cb06dd19-381c-4513-8a9b-17b6e349adde,7b0ab1d7-80c9-4fc1-a7d0-99de970e3d88,星月传奇,True,97f656a1-354e-476a-804e-57d7795aa34c,17,55.47,65.38,283865.95,3548324.43,8.0,low,8,0,0,8,20.25,47.25,52.0,73.62,84.0,60.62,65.1,7,87.5,1,1,5,2,0,0,8
3,cb06dd19-381c-4513-8a9b-17b6e349adde,7d71e69b-29f1-4c7d-8de4-bc6a2dccf449,朱雀焚霞,True,063f8474-c0c2-42ac-a632-72dd33d2156d,17,49.53,58.38,684659.7,3112089.53,22.0,high,8,0,0,8,20.62,48.25,55.0,71.25,90.0,59.1,68.35,7,87.5,1,0,5,3,0,1,7
3,cb06dd19-381c-4513-8a9b-17b6e349adde,7dc1a3a9-470b-4a15-af2b-fed9f7ca88a6,十字军东,True,5a1305b1-6c9f-466f-90ba-497869aec914,17,52.12,62.75,686665.89,3121208.59,22.0,high,8,0,0,8,20.5,48.5,51.0,77.12,87.0,65.38,69.15,7,87.5,1,4,4,0,0,1,7
3,cb06dd19-381c-4513-8a9b-17b6e349adde,7dc3c021-193d-416e-bc57-45e6d3ed8e01,非洲雄狮,True,3ef58883-b984-4286-b63c-a994639b1eda,17,50.35,60.25,309807.36,3098073.64,10.0,low,8,0,0,8,20.75,46.25,50.0,61.12,75.0,54.44,61.85,5,62.5,3,1,5,2,0,0,8
3,cb06dd19-381c-4513-8a9b-17b6e349adde,7fb53f55-06b4-4131-a874-be848d281649,峨眉女侠,True,21145133-3f98-4f16-a80a-28ea1a3c0858,16,54.31,64.12,234901.44,2349014.44,10.0,low,8,0,0,8,20.38,48.25,52.0,69.88,84.0,60.48,67.85,4,50.0,4,1,7,0,0,0,8
3,cb06dd19-381c-4513-8a9b-17b6e349adde,80130085-d12e-47ab-81f1-c0b8fa674a06,街球之王,True,525cb008-853b-4a8e-9d81-87146fae5cde,17,63.41,72.62,404122.59,5051532.35,8.0,low,8,0,0,8,20.62,47.25,53.0,71.0,87.0,58.44,69.2,2,25.0,6,2,1,5,0,1,7
3,cb06dd19-381c-4513-8a9b-17b6e349adde,8346aebc-cac4-49bf-a1e2-6fdf6fdc9a60,飓风之眼,True,85573765-1fce-4719-b455-9bedb7fc3852,17,55.53,64.25,277461.72,2774617.18,10.0,medium,8,0,0,8,20.12,47.38,54.0,71.12,97.0,60.06,70.95,4,50.0,4,1,6,1,1,0,7
3,cb06dd19-381c-4513-8a9b-17b6e349adde,84567e7d-096b-4367-b958-4abdbaecad31,乞力马扎,True,5fde7b3c-5169-40e1-b27d-9965e3d15ab1,17,54.47,62.88,686643.9,3121108.63,22.0,high,8,0,0,8,20.25,46.75,49.0,77.25,88.0,62.48,71.55,6,75.0,2,3,2,3,0,2,6
3,cb06dd19-381c-4513-8a9b-17b6e349adde,86036b21-4fa9-47dc-a2fd-9728e0e18feb,红黑恶魔,True,e223266b-c6e0-4a6a-a563-2102a14329cc,17,53.41,63.5,315662.91,3156629.13,10.0,low,8,0,0,8,20.75,45.62,49.0,63.62,89.0,54.23,73.0,3,37.5,5,2,1,5,0,1,7
3,cb06dd19-381c-4513-8a9b-17b6e349adde,8698b7c7-8ee5-457a-beff-b198b61d6c98,南部之星,True,51f4a3d3-c63e-45d9-9e79-c2cad398765f,17,49.0,61.25,682260.29,3101183.15,22.0,high,8,0,0,8,20.62,47.75,51.0,78.38,94.0,62.03,67.6,8,100.0,0,1,3,4,0,1,7
3,cb06dd19-381c-4513-8a9b-17b6e349adde,8705046a-c699-4ed3-a2a3-bbb9e40e06b3,双峰巨驼,True,81e6f8c8-40b9-4a8e-a10f-70349088f131,16,53.06,63.38,262349.99,3279374.92,8.0,low,8,0,0,8,20.5,46.25,51.0,68.62,75.0,57.32,62.15,5,62.5,3,1,4,3,0,0,8
3,cb06dd19-381c-4513-8a9b-17b6e349adde,8900177a-c5ca-40ad-bc40-e240fd6f2d9e,巨象踏天,True,063f8474-c0c2-42ac-a632-72dd33d2156d,16,50.12,60.25,278556.05,2785560.5,10.0,low,8,0,0,8,20.88,46.75,53.0,65.5,78.0,55.19,65.75,4,50.0,4,1,2,5,0,0,8
3,cb06dd19-381c-4513-8a9b-17b6e349adde,89bd5a4e-fd08-4203-b76e-a76e5e40e750,驼峰运输,True,f6846932-f050-4653-9ecf-52a00fe9cb8b,17,58.18,65.38,358876.72,3588767.15,10.0,medium,8,1,0,7,20.75,47.88,57.0,77.75,100.0,62.32,78.35,5,62.5,3,1,4,3,1,1,6
3,cb06dd19-381c-4513-8a9b-17b6e349adde,8be9eaf8-038f-4155-ab53-13acbff4a34e,凤凰涅槃,True,ed56aff1-b86b-4206-ba6f-d1c1d0ead9ca,16,56.38,66.75,878407.81,3992762.79,22.0,high,8,1,0,7,20.25,50.0,58.0,72.62,90.0,61.68,72.2,4,50.0,4,0,7,1,0,2,6
3,cb06dd19-381c-4513-8a9b-17b6e349adde,8c09e83c-4838-4d81-ac1d-2fc8970b5996,华山剑客,True,85573765-1fce-4719-b455-9bedb7fc3852,16,53.81,62.75,250217.63,3127720.41,8.0,low,8,0,0,8,20.5,45.88,50.0,66.75,83.0,57.27,66.85,4,50.0,4,1,6,1,0,0,8
3,cb06dd19-381c-4513-8a9b-17b6e349adde,8c4bd183-3537-499a-a857-36da5ee3fcb8,天方夜谭,True,f6846932-f050-4653-9ecf-52a00fe9cb8b,16,54.38,62.62,314305.39,3143053.89,10.0,medium,8,0,0,8,20.5,46.5,51.0,77.88,91.0,61.62,69.9,7,87.5,1,0,6,2,0,1,7
3,cb06dd19-381c-4513-8a9b-17b6e349adde,8d55034d-d964-4216-a678-6b492b254d3a,金狼逐日,True,ed56aff1-b86b-4206-ba6f-d1c1d0ead9ca,16,57.25,65.38,795308.26,3615037.53,22.0,high,8,0,0,8,20.62,47.0,58.0,75.38,87.0,61.27,71.55,5,62.5,3,2,3,3,0,2,6
3,cb06dd19-381c-4513-8a9b-17b6e349adde,90127a81-e457-4c9d-9981-9a1d54ee9dc9,石油大亨,True,f8c7642e-6116-431e-ab83-cd140737a4aa,17,60.47,68.0,361978.21,4524727.67,8.0,low,8,0,0,8,20.62,47.0,51.0,68.88,79.0,58.34,64.7,2,25.0,6,1,5,2,0,0,8
3,cb06dd19-381c-4513-8a9b-17b6e349adde,902585f2-0a29-457b-a8a7-6231e080c089,辛巴达航,True,b6ddea43-79ab-4ac6-959c-3171dbce21ff,16,60.5,71.12,1268546.13,5766118.77,22.0,high,8,0,0,8,20.25,51.88,57.0,80.5,94.0,67.26,78.55,5,62.5,3,2,5,1,0,2,6
3,cb06dd19-381c-4513-8a9b-17b6e349adde,9192b63a-62eb-41f8-8294-4e8ed7b21cc4,银狼啸天,True,978840be-6c69-4b6c-91b2-03a6e1e7fde3,17,56.41,63.38,363297.79,3632977.86,10.0,medium,8,0,0,8,20.62,44.62,53.0,67.0,90.0,54.69,65.3,3,37.5,5,1,2,5,0,1,7
3,cb06dd19-381c-4513-8a9b-17b6e349adde,93d4a341-f696-4847-9963-39f49030f4c9,太妃糖埃弗,True,e223266b-c6e0-4a6a-a563-2102a14329cc,17,58.29,67.25,994307.63,4519580.13,22.0,high,8,0,0,8,20.25,47.62,55.0,75.75,85.0,60.28,69.6,5,62.5,3,0,4,4,0,1,7
3,cb06dd19-381c-4513-8a9b-17b6e349adde,93f33371-f5bd-4f80-8652-b48419599822,雪山神鹰,True,80e76669-51ec-4483-90e0-04abceda5702,17,59.59,67.75,261150.42,3264380.21,8.0,low,8,0,0,8,20.5,45.25,48.0,68.5,91.0,56.21,69.65,3,37.5,5,1,3,4,0,1,7
3,cb06dd19-381c-4513-8a9b-17b6e349adde,95d02f9a-0c37-49b7-9a61-518ac5f7ef2c,复活节岛,True,301a517b-11a1-45d9-81ce-e81905974e60,16,54.88,62.88,404033.78,4040337.78,10.0,medium,8,0,0,8,20.38,47.88,51.0,73.62,87.0,60.96,68.1,6,75.0,2,1,5,2,0,1,7
3,cb06dd19-381c-4513-8a9b-17b6e349adde,95e4042e-52de-4df6-b5c9-7bc15fe0e2c6,库尔德勇,True,97f656a1-354e-476a-804e-57d7795aa34c,17,50.35,59.62,625895.76,2844980.71,22.0,high,8,2,0,6,20.62,48.25,59.0,73.25,93.0,60.0,72.25,6,75.0,2,0,5,3,0,2,6
3,cb06dd19-381c-4513-8a9b-17b6e349adde,97bd3ccc-820c-47fd-8ff0-1acbd2dd5b90,水蟒巨蛇,True,5fde7b3c-5169-40e1-b27d-9965e3d15ab1,17,51.06,61.88,338589.1,3385890.95,10.0,medium,8,0,0,8,20.75,46.38,49.0,69.38,82.0,57.23,63.45,6,75.0,2,1,3,4,0,0,8
3,cb06dd19-381c-4513-8a9b-17b6e349adde,985d0af0-92b6-4101-a859-b4b3ade0c9c4,少林武僧,True,85573765-1fce-4719-b455-9bedb7fc3852,17,49.29,60.5,582465.13,2647568.75,22.0,high,8,0,0,8,20.5,46.88,52.0,78.88,91.0,62.28,74.45,8,100.0,0,1,4,3,0,3,5
3,cb06dd19-381c-4513-8a9b-17b6e349adde,98d30838-3492-4b0c-8322-4314995bd393,一千零一夜,True,b6ddea43-79ab-4ac6-959c-3171dbce21ff,17,59.41,70.25,1363965.48,6199843.08,22.0,high,8,1,0,7,20.25,51.38,56.0,80.25,91.0,66.37,72.85,6,75.0,2,2,4,2,0,2,6
3,cb06dd19-381c-4513-8a9b-17b6e349adde,99300516-f774-4dff-8748-c4f8fa826f46,阿根廷梦,True,7d8f8bff-fe71-4f21-86ef-6e8835d8653d,16,54.25,59.88,998455.92,4538436.02,22.0,high,8,1,0,7,20.25,48.5,52.0,76.62,99.0,63.66,72.95,7,87.5,1,1,7,0,1,0,7
3,cb06dd19-381c-4513-8a9b-17b6e349adde,998ee0cd-7f64-4845-9225-151320635338,赫塔菲蓝,True,7c131cbb-9f4f-4a27-acc5-3d703d63275b,17,55.88,63.38,293321.1,3666513.8,8.0,low,8,0,0,8,20.75,44.38,48.0,66.62,80.0,54.39,63.3,4,50.0,4,1,2,5,0,0,8
3,cb06dd19-381c-4513-8a9b-17b6e349adde,99b60819-3bb0-4ea6-a313-e0e25f54fe6b,沙漠商队,True,81e6f8c8-40b9-4a8e-a10f-70349088f131,16,54.81,60.5,404670.18,4046701.8,10.0,low,8,1,0,7,20.75,47.62,51.0,71.88,81.0,58.54,68.7,7,87.5,1,2,0,6,0,0,8
3,cb06dd19-381c-4513-8a9b-17b6e349adde,9a5d0d3c-b55b-4916-a8b2-f1259690c986,祖鲁战士,True,7d8f8bff-fe71-4f21-86ef-6e8835d8653d,16,52.69,59.38,313476.59,3134765.95,10.0,low,8,0,0,8,20.5,47.12,52.0,67.5,82.0,55.79,61.3,6,75.0,2,0,3,5,0,0,8
3,cb06dd19-381c-4513-8a9b-17b6e349adde,9b967cfb-d53b-40d1-bafa-aa907b8d0163,凯门鳄凶,True,5fde7b3c-5169-40e1-b27d-9965e3d15ab1,17,49.06,57.75,308681.05,3086810.49,10.0,medium,8,0,0,8,20.25,47.12,52.0,71.75,83.0,60.71,70.95,6,75.0,2,3,3,2,0,0,8
3,cb06dd19-381c-4513-8a9b-17b6e349adde,9bbd18bf-ab3c-443c-9ff6-e552d4f5fef6,蓝军切尔西,True,b3969166-c99e-42ea-989f-ea1a807fbb29,16,63.75,70.62,453385.54,5667319.21,8.0,low,8,0,0,8,20.62,46.75,52.0,63.0,76.0,55.56,62.6,1,12.5,7,1,5,2,0,0,8
3,cb06dd19-381c-4513-8a9b-17b6e349adde,9c415d32-dffa-4665-a9dd-71efc490b763,清真寺塔,True,f8c7642e-6116-431e-ab83-cd140737a4aa,16,57.0,67.25,893399.45,4060906.57,22.0,high,8,0,0,8,20.38,49.75,56.0,74.0,90.0,61.66,68.35,6,75.0,2,0,6,2,0,1,7
3,cb06dd19-381c-4513-8a9b-17b6e349adde,9cd1ad3c-d8fb-4218-a634-2488d4756d21,尼罗河神,True,b6ddea43-79ab-4ac6-959c-3171dbce21ff,16,57.31,69.12,640476.41,6404764.15,10.0,low,8,0,0,8,20.88,48.0,55.0,73.62,83.0,61.03,68.25,5,62.5,3,1,5,2,0,0,8
3,cb06dd19-381c-4513-8a9b-17b6e349adde,9d7bbfa0-9c00-41c4-a6a5-846ae2fdfac4,阿拉伯舞,True,81e6f8c8-40b9-4a8e-a10f-70349088f131,17,53.06,64.0,282159.47,3526993.4,8.0,low,8,1,0,7,20.88,47.5,55.0,66.5,94.0,57.05,74.55,3,37.5,5,1,4,3,0,1,7
3,cb06dd19-381c-4513-8a9b-17b6e349adde,9d8b1cbe-4b94-4e17-9c47-a4a902b851d7,非洲大象,True,3ef58883-b984-4286-b63c-a994639b1eda,16,52.56,60.0,312346.7,3123467.04,10.0,low,8,0,0,8,20.75,45.38,50.0,69.25,94.0,56.12,65.9,4,50.0,4,0,4,4,0,2,6
3,cb06dd19-381c-4513-8a9b-17b6e349adde,9df8fe36-708a-48f0-907f-d29e4b838083,足球精灵,True,29ec03d2-e39d-439b-ace6-9268533123ff,17,62.59,72.0,369237.12,4615463.95,8.0,low,8,1,0,7,20.62,47.75,56.0,74.12,89.0,60.12,71.5,4,50.0,4,0,5,3,0,2,6
3,cb06dd19-381c-4513-8a9b-17b6e349adde,a0a40c58-92e7-4ee8-a1bd-d2ea7bfe8908,薛西斯军,True,3bbbf391-d072-458c-b316-23bb079f6409,17,49.76,56.88,312225.69,3122256.92,10.0,low,8,0,0,8,20.5,46.12,52.0,64.5,73.0,55.39,61.65,5,62.5,3,0,6,2,0,0,8
3,cb06dd19-381c-4513-8a9b-17b6e349adde,a0c9921b-5fca-46a9-9356-3fc9360e0253,祖母绿光,True,97f656a1-354e-476a-804e-57d7795aa34c,17,48.29,60.5,697207.51,3169125.03,22.0,high,8,0,0,8,20.5,47.25,53.0,80.38,91.0,62.16,67.8,8,100.0,0,1,2,5,0,3,5
3,cb06dd19-381c-4513-8a9b-17b6e349adde,a2332c17-c381-4780-b589-94c4f12f1991,克鲁格园,True,1e886f7d-fd94-4c98-96ea-273a8b3a6e29,17,50.12,60.62,268505.33,2685053.31,10.0,low,8,0,0,8,20.62,45.75,50.0,63.25,81.0,55.12,69.95,3,37.5,5,1,5,2,0,0,8
3,cb06dd19-381c-4513-8a9b-17b6e349adde,a28c9ba2-440b-487e-bbf2-ccc2d2cfb323,飞驴切沃,True,a7b637f4-f78f-45ee-8aaf-64d9fef172ff,16,51.88,60.75,248192.8,3102409.98,8.0,low,8,0,0,8,20.38,46.0,54.0,65.62,82.0,55.83,69.3,3,37.5,5,1,4,3,0,0,8
3,cb06dd19-381c-4513-8a9b-17b6e349adde,a4bd10dd-8eb2-4436-af34-ca71729a7606,美因茨红,True,7c131cbb-9f4f-4a27-acc5-3d703d63275b,16,52.69,60.38,782879.27,3558542.13,22.0,high,8,1,0,7,20.38,51.88,58.0,77.75,99.0,64.52,77.9,7,87.5,1,1,4,3,1,0,7
3,cb06dd19-381c-4513-8a9b-17b6e349adde,a4c7a0b3-a574-48a6-8f5b-e87bf47b17bd,药厂勒沃,True,4a15f14c-28e8-4c2f-90de-d5363e91566a,17,55.18,64.0,276668.94,3458361.77,8.0,low,8,0,0,8,20.88,47.38,53.0,68.5,90.0,58.38,62.45,4,50.0,4,1,5,2,0,1,7
3,cb06dd19-381c-4513-8a9b-17b6e349adde,a513e312-2947-41ac-8191-76c13178ef90,沙漠孤鹰,True,984e1619-0888-4e41-8645-d8265a23e11a,16,55.94,61.62,327369.1,4092113.74,8.0,low,8,0,0,8,20.38,47.38,52.0,73.5,84.0,59.63,66.5,7,87.5,1,0,5,3,0,0,8
3,cb06dd19-381c-4513-8a9b-17b6e349adde,a5671302-f5d6-497a-ae3f-c39c2f4eead3,日耳曼战,True,4a15f14c-28e8-4c2f-90de-d5363e91566a,17,53.18,62.5,675844.02,3072018.26,22.0,high,8,0,0,8,20.38,46.5,50.0,72.75,91.0,59.31,72.8,6,75.0,2,1,4,3,0,1,7
3,cb06dd19-381c-4513-8a9b-17b6e349adde,a729c9b9-d105-471a-bb71-ffd3bf626fbf,麒麟踏云,True,063f8474-c0c2-42ac-a632-72dd33d2156d,17,53.29,62.0,217289.17,2716114.61,8.0,low,8,0,0,8,20.38,46.25,52.0,67.88,74.0,57.48,67.45,6,75.0,2,1,5,2,0,0,8
3,cb06dd19-381c-4513-8a9b-17b6e349adde,a77b1305-eb69-4e84-a3b0-a68c1ed073e5,红魔曼联,True,b3969166-c99e-42ea-989f-ea1a807fbb29,17,60.18,72.0,625587.86,6255878.63,10.0,low,8,0,0,8,20.5,47.12,55.0,70.25,84.0,59.03,66.9,4,50.0,4,0,7,1,0,0,8
3,cb06dd19-381c-4513-8a9b-17b6e349adde,a7997283-358e-4c86-bb5c-1bbe865b736a,农场主富勒,True,b3969166-c99e-42ea-989f-ea1a807fbb29,16,61.19,70.5,1105986.88,5027213.08,22.0,high,8,1,0,7,20.5,49.75,53.0,81.75,94.0,65.65,69.1,7,87.5,1,1,5,2,0,2,6
3,cb06dd19-381c-4513-8a9b-17b6e349adde,a8b4d912-316d-4247-a375-5237b6dd9517,青龙偃月,True,359be255-59cf-483b-ab1f-c339c2748d5c,17,61.71,69.75,1232661.72,5603007.82,22.0,high,8,1,0,7,20.75,49.62,58.0,75.62,94.0,61.33,76.2,4,50.0,4,0,4,4,0,1,7
3,cb06dd19-381c-4513-8a9b-17b6e349adde,a8daeebf-77a6-467b-af74-82520b31d1df,食蚁兽长,True,301a517b-11a1-45d9-81ce-e81905974e60,16,54.56,61.12,244544.32,3056803.99,8.0,low,8,0,0,8,20.25,46.62,51.0,76.88,94.0,62.24,69.6,7,87.5,1,1,6,1,0,1,7
3,cb06dd19-381c-4513-8a9b-17b6e349adde,a8f5236d-ed25-4d79-9fbc-2a6e237590f4,阿里巴巴,True,f6846932-f050-4653-9ecf-52a00fe9cb8b,16,47.19,59.12,247891.31,3098641.39,8.0,low,8,0,0,8,20.5,46.12,52.0,64.38,79.0,55.84,60.15,6,75.0,2,0,7,1,0,0,8
3,cb06dd19-381c-4513-8a9b-17b6e349adde,a9abf299-7238-49ce-9147-f3a64cc2ce1b,公牛都灵,True,a7b637f4-f78f-45ee-8aaf-64d9fef172ff,16,52.5,59.75,680216.98,3091895.39,22.0,high,8,1,0,7,20.38,44.88,49.0,67.88,94.0,55.23,67.6,5,62.5,3,1,2,5,0,1,7
3,cb06dd19-381c-4513-8a9b-17b6e349adde,a9b5b0e7-7b38-4883-8a10-f08b6e204fd0,狼堡沃尔夫,True,4a15f14c-28e8-4c2f-90de-d5363e91566a,17,49.82,60.12,687351.59,3124325.4,22.0,high,8,0,0,8,20.38,46.62,54.0,77.12,89.0,61.85,69.5,8,100.0,0,1,5,2,0,1,7
3,cb06dd19-381c-4513-8a9b-17b6e349adde,a9e2ee7c-196e-406b-8a61-7a12de641391,猫眼石闪,True,f5757d67-4592-4ae1-97d4-07b3a5db56d8,17,53.59,63.38,317848.53,3178485.32,10.0,low,8,0,0,8,20.5,44.62,49.0,65.25,83.0,54.91,64.1,2,25.0,6,0,6,2,0,0,8
3,cb06dd19-381c-4513-8a9b-17b6e349adde,aac28b58-decc-4ebb-b817-1a1b4b7ed73a,阿拉维斯,True,4a15f14c-28e8-4c2f-90de-d5363e91566a,17,58.41,65.75,260256.72,3253209.03,8.0,low,8,0,0,8,20.38,47.0,50.0,69.0,88.0,57.9,66.9,2,25.0,6,0,6,2,0,1,7
3,cb06dd19-381c-4513-8a9b-17b6e349adde,aadbd3a9-b5b8-40b3-bc10-fa7795c32060,蜜蜂布伦特,True,51f4a3d3-c63e-45d9-9e79-c2cad398765f,17,61.65,67.88,361325.34,4516566.76,8.0,low,8,0,0,8,20.25,46.0,51.0,70.25,86.0,57.91,69.15,3,37.5,5,1,4,3,0,1,7
3,cb06dd19-381c-4513-8a9b-17b6e349adde,ad25703e-0053-415e-8523-0d2730ac9365,狼队伍尔弗,True,7c131cbb-9f4f-4a27-acc5-3d703d63275b,17,60.59,67.88,1104083.95,5018563.41,22.0,high,8,2,0,6,20.12,47.88,54.0,80.88,91.0,63.73,72.65,6,75.0,2,0,6,2,0,4,4
3,cb06dd19-381c-4513-8a9b-17b6e349adde,ad44aa92-5680-4336-b85b-25d37bcc796f,大黄蜂多,True,4a15f14c-28e8-4c2f-90de-d5363e91566a,16,53.62,61.5,276575.34,2765753.37,10.0,medium,8,0,0,8,20.62,46.25,55.0,72.88,79.0,58.23,71.8,7,87.5,1,1,2,5,0,0,8
3,cb06dd19-381c-4513-8a9b-17b6e349adde,ae6dc05a-edf4-460a-8f15-00a7210e38db,老鹰水晶宫,True,7c131cbb-9f4f-4a27-acc5-3d703d63275b,16,62.31,69.62,594620.76,7432759.53,8.0,low,8,1,0,7,20.38,47.25,52.0,71.25,86.0,58.05,68.85,3,37.5,5,0,4,4,0,2,6
3,cb06dd19-381c-4513-8a9b-17b6e349adde,ae87bcfc-d77a-4910-8d64-9fc17100da25,角马迁徙,True,3ef58883-b984-4286-b63c-a994639b1eda,16,49.69,58.25,249875.58,3123444.74,8.0,low,8,0,0,8,20.62,45.75,54.0,66.75,74.0,55.7,64.95,5,62.5,3,2,1,5,0,0,8
3,cb06dd19-381c-4513-8a9b-17b6e349adde,af0a19de-6d42-4cff-8708-16eb0a12603c,马略卡岛,True,c88d210b-d92c-4ca6-b6ae-dbcbd50db99f,17,49.29,57.25,809760.04,3680727.46,22.0,high,8,1,0,7,20.38,48.12,53.0,82.5,95.0,65.59,69.5,8,100.0,0,2,4,2,1,4,3
3,cb06dd19-381c-4513-8a9b-17b6e349adde,b04ea948-66e6-4998-863f-bcbc9927f0c7,食人鱼群,True,5fde7b3c-5169-40e1-b27d-9965e3d15ab1,17,51.35,60.62,591151.62,2687052.81,22.0,high,8,0,0,8,20.5,47.62,56.0,75.38,92.0,61.11,69.25,7,87.5,1,1,4,3,0,1,7
3,cb06dd19-381c-4513-8a9b-17b6e349adde,b324d8ce-d613-460e-87db-74ad94d92d35,枪手兵工厂,True,b3969166-c99e-42ea-989f-ea1a807fbb29,16,60.56,70.25,1394785.47,6339933.95,22.0,high,8,0,0,8,20.5,52.38,60.0,75.0,84.0,63.06,68.3,5,62.5,3,0,5,3,0,0,8
3,cb06dd19-381c-4513-8a9b-17b6e349adde,b4107dca-e269-4f3a-8ab1-a36b3e309113,红军利物浦,True,7c131cbb-9f4f-4a27-acc5-3d703d63275b,16,62.88,69.25,1255100.46,5705002.1,22.0,high,8,1,0,7,20.5,51.75,59.0,79.5,90.0,64.24,70.75,5,62.5,3,0,4,4,0,3,5
3,cb06dd19-381c-4513-8a9b-17b6e349adde,b4921016-e7cb-4a6a-b6b1-be4c5a053f7b,青云直上,True,978840be-6c69-4b6c-91b2-03a6e1e7fde3,17,52.35,63.88,675299.53,3069543.3,22.0,high,8,0,0,8,20.62,50.0,58.0,80.88,95.0,65.39,73.9,8,100.0,0,2,3,3,1,2,5
3,cb06dd19-381c-4513-8a9b-17b6e349adde,b60163ef-97d5-4976-8fed-85ae5dfc5b3f,塞尔塔天,True,51f4a3d3-c63e-45d9-9e79-c2cad398765f,17,59.35,70.38,329457.07,4118213.43,8.0,low,8,0,0,8,20.62,47.88,55.0,72.88,98.0,61.12,70.85,3,37.5,5,1,6,1,1,0,7
3,cb06dd19-381c-4513-8a9b-17b6e349adde,b6d8396d-19f1-4386-88e0-93a3818eef4a,斑马条纹,True,f166be2f-3d1b-40e7-b136-d4736138344e,17,52.0,61.0,675240.65,3069275.69,22.0,high,8,0,0,8,20.25,48.62,57.0,77.12,90.0,61.95,72.9,7,87.5,1,1,3,4,0,1,7
3,cb06dd19-381c-4513-8a9b-17b6e349adde,b6dd5442-7f02-480a-9abd-e47600d0cfe6,金石为开,True,85573765-1fce-4719-b455-9bedb7fc3852,17,53.35,62.0,280257.05,2802570.51,10.0,low,8,0,0,8,20.88,47.12,52.0,67.88,88.0,55.96,64.55,4,50.0,4,0,3,5,0,1,7
3,cb06dd19-381c-4513-8a9b-17b6e349adde,b757ce5d-d52d-4f60-93fe-8f5613340a47,乌拉圭牛,True,f166be2f-3d1b-40e7-b136-d4736138344e,16,55.25,62.12,888518.2,4038719.08,22.0,high,8,0,0,8,20.12,47.5,55.0,71.62,83.0,58.86,63.55,6,75.0,2,0,5,3,0,0,8
3,cb06dd19-381c-4513-8a9b-17b6e349adde,b77ab317-4751-4e3a-aca1-21cad5ef5341,狂熊撼地,True,063f8474-c0c2-42ac-a632-72dd33d2156d,17,55.18,63.88,314278.48,3142784.79,10.0,medium,8,1,0,7,20.38,49.62,60.0,74.12,93.0,62.15,75.0,4,50.0,4,3,1,4,0,1,7
3,cb06dd19-381c-4513-8a9b-17b6e349adde,b9010125-c177-46f0-ac56-eda4ec51d4f8,红尘滚滚,True,978840be-6c69-4b6c-91b2-03a6e1e7fde3,16,53.38,64.12,685361.23,3115278.32,22.0,high,8,0,0,8,20.38,49.25,55.0,75.12,83.0,62.89,70.9,7,87.5,1,1,6,1,0,0,8
3,cb06dd19-381c-4513-8a9b-17b6e349adde,b9155ad9-e3b9-436a-af60-85e08ee184d9,钢铁柏林,True,7c131cbb-9f4f-4a27-acc5-3d703d63275b,16,53.88,64.5,886164.42,4028020.11,22.0,high,8,0,0,8,20.88,50.88,60.0,82.5,93.0,66.11,73.7,8,100.0,0,2,2,4,0,3,5
3,cb06dd19-381c-4513-8a9b-17b6e349adde,bc4fdf86-d4fc-406e-b527-32b06cd5f360,印加帝国,True,301a517b-11a1-45d9-81ce-e81905974e60,17,55.0,63.75,284582.35,3557279.33,8.0,low,8,0,0,8,20.88,47.25,56.0,70.88,83.0,58.38,74.15,4,50.0,4,1,3,4,0,0,8
3,cb06dd19-381c-4513-8a9b-17b6e349adde,bca64a9c-5aa4-4b59-a840-dccca22ca4ec,美洲豹王,True,5fde7b3c-5169-40e1-b27d-9965e3d15ab1,16,55.5,63.5,269980.56,2699805.65,10.0,low,8,0,0,8,20.88,44.62,48.0,67.62,76.0,55.48,60.5,5,62.5,3,1,3,4,0,0,8
3,cb06dd19-381c-4513-8a9b-17b6e349adde,be2cac80-28c9-42b2-b208-fe897bc8bf38,紫电鹰扬,True,80e76669-51ec-4483-90e0-04abceda5702,16,56.19,65.38,362415.87,3624158.67,10.0,medium,8,0,0,8,20.5,48.0,56.0,66.5,79.0,57.83,68.35,3,37.5,5,1,5,2,0,0,8
3,cb06dd19-381c-4513-8a9b-17b6e349adde,bff686b7-f43b-4ee6-ab47-65f08e42f3e7,闪电杰尼,False,ed56aff1-b86b-4206-ba6f-d1c1d0ead9ca,14,53.07,63.0,631099.05,6310990.53,10.0,low,8,0,0,8,20.5,49.38,55.0,65.62,74.0,57.19,61.55,3,37.5,5,0,5,3,0,0,8
3,cb06dd19-381c-4513-8a9b-17b6e349adde,c2e849d6-e49c-42a2-aded-da25324efa95,潘帕斯草,True,525cb008-853b-4a8e-9d81-87146fae5cde,16,61.38,69.88,504805.22,5048052.17,10.0,medium,8,0,0,8,20.25,47.0,53.0,69.25,81.0,58.01,64.95,2,25.0,6,1,4,3,0,0,8
3,cb06dd19-381c-4513-8a9b-17b6e349adde,c3a306c8-0370-4557-b17a-8cdc9b246873,金毛狮王,True,984e1619-0888-4e41-8645-d8265a23e11a,16,52.5,62.38,261596.51,3269956.33,8.0,low,8,0,0,8,20.38,46.38,51.0,66.88,81.0,56.6,63.75,3,37.5,5,0,6,2,0,0,8
3,cb06dd19-381c-4513-8a9b-17b6e349adde,c567348e-56d2-41b5-b3bf-f12c1877cf25,绿茵魔术师,True,29ec03d2-e39d-439b-ace6-9268533123ff,16,63.0,72.0,587208.84,5872088.42,10.0,low,8,0,0,8,20.88,47.25,53.0,66.12,91.0,58.24,68.8,2,25.0,6,2,5,1,0,1,7
3,cb06dd19-381c-4513-8a9b-17b6e349adde,c5695aa8-498f-413e-b73b-3d10e4c4ffff,蝙蝠军团,True,b8d9fdd9-7a6c-43c2-910e-c0bb5fbd34fe,17,59.94,66.88,449892.73,4498927.28,10.0,medium,8,0,0,8,20.38,49.0,55.0,77.12,86.0,62.66,70.95,7,87.5,1,0,6,2,0,2,6
3,cb06dd19-381c-4513-8a9b-17b6e349adde,c866a5c5-bf7f-4657-927d-b32818896bd3,马赛勇士,True,f166be2f-3d1b-40e7-b136-d4736138344e,17,54.71,65.75,608425.19,2765569.04,22.0,high,8,0,0,8,20.5,48.38,55.0,71.75,90.0,59.89,69.7,6,75.0,2,1,4,3,0,1,7
3,cb06dd19-381c-4513-8a9b-17b6e349adde,c8c72df5-e356-4b13-8e8f-ec88b7674dd2,紫百合佛,True,e223266b-c6e0-4a6a-a563-2102a14329cc,16,53.94,61.12,604843.44,2749288.35,22.0,high,8,0,0,8,20.75,46.88,53.0,68.0,78.0,56.88,65.8,5,62.5,3,1,3,4,0,0,8
3,cb06dd19-381c-4513-8a9b-17b6e349adde,c9103d51-f0d0-4508-bbbc-cd0e215b80cb,三狮军团,True,b3969166-c99e-42ea-989f-ea1a807fbb29,16,60.31,73.75,1260854.41,5731156.42,22.0,high,8,0,0,8,20.25,51.38,56.0,80.88,93.0,65.65,73.95,5,62.5,3,1,4,3,0,2,6
3,cb06dd19-381c-4513-8a9b-17b6e349adde,c94a55b6-39c8-4129-81c7-f3b325e407be,沙漠之舟,True,f6846932-f050-4653-9ecf-52a00fe9cb8b,16,53.19,60.75,897027.83,4077399.21,22.0,high,8,1,0,7,20.62,50.62,57.0,79.12,93.0,64.95,71.9,8,100.0,0,1,5,2,0,1,7
3,cb06dd19-381c-4513-8a9b-17b6e349adde,c9dd425d-59a1-4fa5-83c9-4b7ce2f7f429,巴塔哥尼,True,29ec03d2-e39d-439b-ace6-9268533123ff,16,59.56,67.88,516206.0,5162059.98,10.0,medium,8,0,0,8,20.25,49.12,54.0,73.12,90.0,61.42,69.0,4,50.0,4,1,5,2,0,1,7
3,cb06dd19-381c-4513-8a9b-17b6e349adde,cce953b5-24b2-4111-b169-c7ee24250baa,塞维利业,True,b8d9fdd9-7a6c-43c2-910e-c0bb5fbd34fe,17,54.88,64.12,264416.25,3305203.18,8.0,low,8,0,0,8,20.25,45.5,49.0,59.62,73.0,54.36,60.4,1,12.5,7,2,5,1,0,0,8
3,cb06dd19-381c-4513-8a9b-17b6e349adde,ced36a6a-ff76-4d6e-b530-155bef975c6f,纳斯卡线,True,301a517b-11a1-45d9-81ce-e81905974e60,17,57.12,65.62,717712.1,3262327.71,22.0,high,8,0,0,8,20.25,46.88,49.0,77.38,93.0,62.6,70.8,7,87.5,1,2,4,2,0,1,7
3,cb06dd19-381c-4513-8a9b-17b6e349adde,cf38b978-2024-45a7-8f20-99dfe99fa0b8,格拉纳达,True,51f4a3d3-c63e-45d9-9e79-c2cad398765f,17,56.53,65.38,355321.55,3553215.52,10.0,low,8,0,0,8,20.38,47.0,51.0,69.12,83.0,59.46,69.75,2,25.0,6,3,3,2,0,0,8
3,cb06dd19-381c-4513-8a9b-17b6e349adde,cfbaab7e-1b94-4a03-b11d-ffe126ca94ae,刚果雨林,True,1e886f7d-fd94-4c98-96ea-273a8b3a6e29,17,49.53,61.0,691363.44,3142561.07,22.0,high,8,2,0,6,20.5,48.38,54.0,80.12,94.0,64.66,75.35,7,87.5,1,2,4,2,0,4,4
3,cb06dd19-381c-4513-8a9b-17b6e349adde,d05a7cac-77cc-4fa9-8eba-d3db36881a4f,矿工沙尔,True,c88d210b-d92c-4ca6-b6ae-dbcbd50db99f,16,49.94,58.12,316952.06,3169520.58,10.0,medium,8,0,0,8,20.75,48.88,56.0,75.12,84.0,60.19,66.4,8,100.0,0,0,3,5,0,0,8
3,cb06dd19-381c-4513-8a9b-17b6e349adde,d1528662-c97b-4af7-ab2f-e98b795cdda4,斯图加特,True,c88d210b-d92c-4ca6-b6ae-dbcbd50db99f,17,49.35,60.25,314282.73,3142827.26,10.0,medium,8,0,0,8,20.62,48.25,55.0,69.75,80.0,60.42,68.25,7,87.5,1,1,7,0,0,0,8
3,cb06dd19-381c-4513-8a9b-17b6e349adde,d1c0d939-c777-4a8e-b87d-ede88c6e6abe,火狼焚原,True,21145133-3f98-4f16-a80a-28ea1a3c0858,16,55.88,63.88,881867.12,4008486.92,22.0,high,8,1,0,7,20.5,47.75,56.0,74.0,90.0,60.56,73.3,6,75.0,2,1,4,3,0,2,6
3,cb06dd19-381c-4513-8a9b-17b6e349adde,d20dd201-3871-43d1-afee-f407f87659b4,居鲁士帝,True,3bbbf391-d072-458c-b316-23bb079f6409,16,51.62,59.38,312292.4,3122924.02,10.0,low,8,0,0,8,20.75,44.25,47.0,65.62,91.0,53.87,68.25,3,37.5,5,0,4,4,0,1,7
3,cb06dd19-381c-4513-8a9b-17b6e349adde,d3286bd6-52f2-4571-afb5-cd2c361ab8ab,阿拉丁灯,True,f6846932-f050-4653-9ecf-52a00fe9cb8b,16,57.19,68.5,290898.64,2908986.43,10.0,low,8,0,0,8,20.62,46.88,52.0,62.62,69.0,54.46,58.45,0,0.0,8,1,3,4,0,0,8
3,cb06dd19-381c-4513-8a9b-17b6e349adde,d3b66902-aa7c-408c-a3a8-2343ebc9cbe0,犀牛冲撞,True,063f8474-c0c2-42ac-a632-72dd33d2156d,17,48.35,59.12,692035.04,3145613.82,22.0,high,8,0,0,8,20.12,48.38,54.0,72.88,80.0,60.4,65.5,7,87.5,1,0,6,2,0,0,8
3,cb06dd19-381c-4513-8a9b-17b6e349adde,d4b06680-c802-4b4f-8fd1-33bea289ade2,西海金龙,True,21145133-3f98-4f16-a80a-28ea1a3c0858,17,62.59,71.12,399693.99,4996174.86,8.0,low,8,0,0,8,20.62,44.75,51.0,65.25,79.0,55.48,62.85,2,25.0,6,1,5,2,0,0,8
3,cb06dd19-381c-4513-8a9b-17b6e349adde,d69d7488-960a-4778-a79c-a0330172ef4a,绿白贝蒂,True,51f4a3d3-c63e-45d9-9e79-c2cad398765f,17,55.47,65.38,407259.08,4072590.8,10.0,low,8,0,0,8,20.5,47.0,53.0,75.12,91.0,61.16,69.85,6,75.0,2,2,3,3,0,1,7
3,cb06dd19-381c-4513-8a9b-17b6e349adde,d871b731-c80d-4872-b5b2-59a8a7b126ee,圣保罗彩,True,7d8f8bff-fe71-4f21-86ef-6e8835d8653d,17,56.24,64.0,321656.27,4020703.39,8.0,low,8,0,0,8,20.62,47.25,53.0,76.0,90.0,62.19,66.3,6,75.0,2,1,6,1,0,1,7
3,cb06dd19-381c-4513-8a9b-17b6e349adde,d89a5197-5cc5-4e06-971e-c198e16e5d18,桑布露族,True,7d8f8bff-fe71-4f21-86ef-6e8835d8653d,16,51.06,58.75,673689.52,3062225.08,22.0,high,8,0,0,8,20.25,47.88,51.0,80.5,93.0,65.06,68.5,8,100.0,0,1,7,0,0,2,6
3,cb06dd19-381c-4513-8a9b-17b6e349adde,da33e4ad-66d5-433e-93ba-366a9c2daf3f,非洲野牛,True,3ef58883-b984-4286-b63c-a994639b1eda,17,48.94,58.75,592412.83,2692785.59,22.0,high,8,0,0,8,20.5,48.88,54.0,74.5,81.0,61.91,66.05,8,100.0,0,0,7,1,0,0,8
3,cb06dd19-381c-4513-8a9b-17b6e349adde,da7e1fb6-644f-4f12-ac90-d8a9cf2d9645,真蓝黑亚,True,a7b637f4-f78f-45ee-8aaf-64d9fef172ff,16,55.06,64.75,311117.12,3111171.17,10.0,medium,8,0,0,8,20.5,45.75,52.0,72.25,85.0,57.17,66.6,4,50.0,4,0,3,5,0,1,7
3,cb06dd19-381c-4513-8a9b-17b6e349adde,de554813-103d-4ab7-a7b0-030d80a26303,阿拉伯军,True,97f656a1-354e-476a-804e-57d7795aa34c,17,51.76,59.88,680623.07,3093741.22,22.0,high,8,0,0,8,20.12,47.12,51.0,76.12,84.0,61.67,69.1,8,100.0,0,1,5,2,0,0,8
3,cb06dd19-381c-4513-8a9b-17b6e349adde,de838a52-9057-4623-a707-fd29fd23e02c,霍村霍芬,True,c88d210b-d92c-4ca6-b6ae-dbcbd50db99f,16,50.0,58.62,687073.39,3123060.85,22.0,high,8,0,0,8,20.62,50.0,58.0,78.75,84.0,62.94,68.05,8,100.0,0,0,4,4,0,0,8
3,cb06dd19-381c-4513-8a9b-17b6e349adde,df0c3811-9f00-451e-bd0a-4d22f839f910,红狼罗马,True,a7b637f4-f78f-45ee-8aaf-64d9fef172ff,17,51.41,58.12,311700.52,3117005.23,10.0,low,8,0,0,8,20.62,46.12,48.0,68.12,74.0,58.02,62.9,7,87.5,1,2,4,2,0,0,8
3,cb06dd19-381c-4513-8a9b-17b6e349adde,df0cf5b2-3259-4822-b945-261c54e430ba,红牛莱比,True,51f4a3d3-c63e-45d9-9e79-c2cad398765f,17,54.59,65.0,685674.16,3116700.75,22.0,high,8,0,0,8,20.5,48.25,54.0,73.25,90.0,61.0,66.0,7,87.5,1,1,5,2,0,1,7
3,cb06dd19-381c-4513-8a9b-17b6e349adde,df29d5d7-141c-470c-b226-c2c18994aa4b,蓝鹰拉齐,True,e223266b-c6e0-4a6a-a563-2102a14329cc,17,54.12,61.62,645752.34,2935237.92,22.0,high,8,0,0,8,20.5,50.5,54.0,77.38,94.0,63.09,71.8,6,75.0,2,0,5,3,0,2,6
3,cb06dd19-381c-4513-8a9b-17b6e349adde,e0c9eea6-67ef-4e89-adff-55007cad963b,撒丁岛卡,True,a7b637f4-f78f-45ee-8aaf-64d9fef172ff,16,49.56,61.0,312100.76,3121007.65,10.0,low,8,0,0,8,20.5,46.62,54.0,69.75,86.0,57.03,64.95,6,75.0,2,1,2,5,0,1,7
3,cb06dd19-381c-4513-8a9b-17b6e349adde,e1027b61-123f-401b-b628-e0b3a79eaea6,阿散蒂金,True,7d8f8bff-fe71-4f21-86ef-6e8835d8653d,16,53.19,66.12,249600.56,3120007.04,8.0,low,8,0,0,8,20.75,48.25,52.0,72.0,87.0,59.94,66.05,4,50.0,4,2,2,4,0,2,6
3,cb06dd19-381c-4513-8a9b-17b6e349adde,e1c28409-400e-4cae-b1a2-bf81ab44ac90,拉普拉塔,True,525cb008-853b-4a8e-9d81-87146fae5cde,16,56.19,64.88,1129531.4,5134233.66,22.0,high,8,2,0,6,20.62,49.75,58.0,79.12,99.0,63.47,78.45,7,87.5,1,1,3,4,1,1,6
3,cb06dd19-381c-4513-8a9b-17b6e349adde,e1ee3921-d9a9-48ce-a389-3fa4d0dcbf50,草原战狼,True,21145133-3f98-4f16-a80a-28ea1a3c0858,17,57.65,65.5,991840.16,4508364.38,22.0,high,8,0,0,8,20.62,50.0,58.0,75.12,80.0,59.81,68.9,6,75.0,2,0,1,7,0,0,8
3,cb06dd19-381c-4513-8a9b-17b6e349adde,e5e69a4d-63f0-4e62-addb-b51923c6289b,巴斯克雄,True,4a15f14c-28e8-4c2f-90de-d5363e91566a,17,57.12,65.25,812386.23,3692664.68,22.0,high,8,2,0,6,20.62,49.25,57.0,77.75,92.0,62.08,69.1,7,87.5,1,0,4,4,0,3,5
3,cb06dd19-381c-4513-8a9b-17b6e349adde,e5f8b687-80b4-4e5b-9398-0f67c674604a,绿洲明珠,True,b6ddea43-79ab-4ac6-959c-3171dbce21ff,17,59.06,65.25,623365.2,6233652.01,10.0,low,8,0,0,8,20.25,49.5,53.0,70.75,87.0,61.56,73.75,4,50.0,4,3,3,2,0,1,7
3,cb06dd19-381c-4513-8a9b-17b6e349adde,e6003d82-a938-4dc4-864c-b63501f2ae70,尼罗河源,True,525cb008-853b-4a8e-9d81-87146fae5cde,16,55.69,65.75,243576.59,3044707.43,8.0,low,8,0,0,8,20.62,45.75,52.0,65.25,79.0,54.02,59.95,2,25.0,6,0,3,5,0,0,8
3,cb06dd19-381c-4513-8a9b-17b6e349adde,e8069429-7f4a-4735-a309-c9f73c6a9942,能源霸主,True,f8c7642e-6116-431e-ab83-cd140737a4aa,16,58.69,67.5,1116026.75,5072848.86,22.0,high,8,0,0,8,20.38,49.25,55.0,73.62,93.0,61.22,74.1,5,62.5,3,2,2,4,0,1,7
3,cb06dd19-381c-4513-8a9b-17b6e349adde,e87b425e-c078-458e-8712-5812eb2007cd,赤龙焚天,True,359be255-59cf-483b-ab1f-c339c2748d5c,16,64.0,74.62,630276.59,6302765.9,10.0,low,8,0,0,8,20.38,46.38,52.0,67.12,80.0,55.21,66.6,1,12.5,7,0,3,5,0,0,8
3,cb06dd19-381c-4513-8a9b-17b6e349adde,e94e5257-ab68-4ad7-847b-1173ce6578be,图西胡图,True,7d8f8bff-fe71-4f21-86ef-6e8835d8653d,17,50.53,62.12,318684.85,3186848.51,10.0,low,8,0,0,8,20.62,44.25,49.0,67.5,87.0,55.21,64.0,4,50.0,4,0,5,3,0,1,7
3,cb06dd19-381c-4513-8a9b-17b6e349adde,e9dd35ad-da38-4f78-8495-797e678b3c20,香料之路,True,f6846932-f050-4653-9ecf-52a00fe9cb8b,16,54.31,62.0,683160.98,3105277.16,22.0,high,8,0,0,8,20.12,48.75,56.0,80.5,89.0,63.54,68.85,7,87.5,1,1,3,4,0,3,5
3,cb06dd19-381c-4513-8a9b-17b6e349adde,eb2f1e87-4901-4c3f-93e5-4bc8a6a03f06,土耳其近,True,97f656a1-354e-476a-804e-57d7795aa34c,17,47.71,59.12,679195.86,3087253.92,22.0,high,8,0,0,8,20.38,46.75,51.0,80.5,91.0,62.44,68.0,8,100.0,0,0,5,3,0,3,5
3,cb06dd19-381c-4513-8a9b-17b6e349adde,ed5c6eb4-7eaa-4484-8711-9333b2d11b16,波斯地毯,True,81e6f8c8-40b9-4a8e-a10f-70349088f131,17,54.06,64.62,676190.75,3073594.31,22.0,high,8,0,0,8,20.62,49.88,56.0,78.0,91.0,65.53,76.65,7,87.5,1,3,4,1,0,2,6
3,cb06dd19-381c-4513-8a9b-17b6e349adde,eeb45694-9f5a-4bb9-ab06-6b9b79d06670,紫电龙骑,True,359be255-59cf-483b-ab1f-c339c2748d5c,16,58.94,68.25,1379033.02,6268331.91,22.0,high,8,0,0,8,20.25,51.75,61.0,78.75,91.0,64.9,72.0,6,75.0,2,1,4,3,0,2,6
3,cb06dd19-381c-4513-8a9b-17b6e349adde,f040b65b-6bca-4d22-8209-5db13b34e775,探戈情人,True,1e886f7d-fd94-4c98-96ea-273a8b3a6e29,17,57.18,64.25,1004126.64,4564211.98,22.0,high,8,0,0,8,20.5,49.0,55.0,74.62,84.0,61.53,67.85,7,87.5,1,0,6,2,0,0,8
3,cb06dd19-381c-4513-8a9b-17b6e349adde,f0be488b-4f4e-4f97-9eb1-8868116d7b93,小海马萨,True,b8d9fdd9-7a6c-43c2-910e-c0bb5fbd34fe,16,50.88,60.12,765487.85,3479490.23,22.0,high,8,0,0,8,20.12,48.5,54.0,76.5,86.0,63.1,70.4,8,100.0,0,1,6,1,0,2,6
3,cb06dd19-381c-4513-8a9b-17b6e349adde,f0c2b81f-e7a2-4001-8b08-d92dea47338f,不来梅绿,True,c88d210b-d92c-4ca6-b6ae-dbcbd50db99f,17,53.06,63.88,590533.62,2684243.72,22.0,high,8,0,0,8,20.12,48.88,54.0,76.88,95.0,63.98,78.45,6,75.0,2,2,5,1,1,1,6
3,cb06dd19-381c-4513-8a9b-17b6e349adde,f13044b1-6e84-4b16-8f06-e695944e0bb7,亚马逊河,True,301a517b-11a1-45d9-81ce-e81905974e60,16,56.81,64.12,364931.34,3649313.42,10.0,low,8,0,0,8,20.62,46.5,48.0,72.62,89.0,61.26,72.45,5,62.5,3,4,2,2,0,1,7
3,cb06dd19-381c-4513-8a9b-17b6e349adde,f239bd15-2cb8-4f6d-9d6f-5adea01696ff,圣徒南安普,True,b8d9fdd9-7a6c-43c2-910e-c0bb5fbd34fe,17,60.82,70.62,410852.34,4108523.41,10.0,low,8,0,0,8,20.5,45.75,49.0,64.88,79.0,54.36,67.5,2,25.0,6,1,2,5,0,0,8
3,cb06dd19-381c-4513-8a9b-17b6e349adde,f37aae86-41db-49a2-be9f-d239ed67a9d7,玛瑙石红,True,5a1305b1-6c9f-466f-90ba-497869aec914,17,52.94,61.62,602515.16,2738705.26,22.0,high,8,0,0,8,20.25,48.12,56.0,86.5,99.0,68.89,77.3,8,100.0,0,4,3,1,2,2,4
3,cb06dd19-381c-4513-8a9b-17b6e349adde,f3ec8fde-fe3c-43c9-aec6-6084ea0ce620,汽油骑士,True,f8c7642e-6116-431e-ab83-cd140737a4aa,17,57.59,62.88,1115996.44,5072711.11,22.0,high,8,1,0,7,20.25,48.5,52.0,79.0,92.0,61.73,72.0,6,75.0,2,0,3,5,0,4,4
3,cb06dd19-381c-4513-8a9b-17b6e349adde,f5fab24c-152b-4150-ae51-5faa82e9aff4,白百合热,True,b3969166-c99e-42ea-989f-ea1a807fbb29,16,62.62,71.62,1234136.58,5609711.71,22.0,high,8,0,0,8,20.62,48.75,56.0,73.38,82.0,58.83,64.8,4,50.0,4,0,2,6,0,0,8
3,cb06dd19-381c-4513-8a9b-17b6e349adde,fb87ae66-a9df-487c-ab8a-5840eeac1d07,雷霆万钧,True,21145133-3f98-4f16-a80a-28ea1a3c0858,16,55.0,64.0,346856.55,3468565.54,10.0,low,8,1,0,7,20.38,47.38,50.0,70.88,87.0,59.95,67.55,4,50.0,4,2,4,2,0,1,7
3,cb06dd19-381c-4513-8a9b-17b6e349adde,fc06cf91-c305-493c-84ba-bd93802991fc,热带雨林,True,1e886f7d-fd94-4c98-96ea-273a8b3a6e29,17,51.65,60.88,330442.63,3304426.29,10.0,medium,8,0,0,8,20.12,45.88,50.0,71.38,95.0,56.85,70.05,5,62.5,3,0,3,5,1,0,7
3,cb06dd19-381c-4513-8a9b-17b6e349adde,fd2d0447-d660-47dd-a0dc-12f7ebfc2e65,银河战舰,True,b8d9fdd9-7a6c-43c2-910e-c0bb5fbd34fe,16,56.69,64.5,895800.45,4071820.24,22.0,high,8,0,0,8,20.25,46.5,53.0,78.0,92.0,62.17,70.75,5,62.5,3,1,5,2,0,4,4
3,cb06dd19-381c-4513-8a9b-17b6e349adde,fd2f2ffd-b02d-4117-b2aa-f0c1c9b83553,森林之语,True,21145133-3f98-4f16-a80a-28ea1a3c0858,16,53.69,62.75,688284.07,3128563.95,22.0,high,8,0,0,8,20.5,46.25,48.0,69.75,83.0,57.33,61.4,4,50.0,4,0,5,3,0,0,8
3,cb06dd19-381c-4513-8a9b-17b6e349adde,fdb06b8f-684f-4761-b62e-22e64c5971b5,波斯猫王,True,3bbbf391-d072-458c-b316-23bb079f6409,17,49.65,61.0,351884.94,3518849.42,10.0,low,8,0,0,8,20.5,46.12,53.0,65.88,90.0,55.01,62.2,4,50.0,4,0,4,4,0,1,7
3,cb06dd19-381c-4513-8a9b-17b6e349adde,fde969e3-86ac-462d-bbc1-963eab38b504,沙漠之狐,True,b6ddea43-79ab-4ac6-959c-3171dbce21ff,16,61.75,72.5,568961.2,5689612.0,10.0,low,8,0,0,8,20.75,45.25,47.0,65.62,85.0,53.92,60.65,2,25.0,6,0,3,5,0,1,7
3,cb06dd19-381c-4513-8a9b-17b6e349adde,fe128fb9-67f0-4d49-80e5-bb6292a71be2,铁翼飞鹰,True,80e76669-51ec-4483-90e0-04abceda5702,16,55.5,63.5,286147.27,3576840.93,8.0,low,8,0,0,8,20.88,45.75,52.0,68.0,93.0,55.76,62.95,4,50.0,4,0,4,4,0,1,7
3,cb06dd19-381c-4513-8a9b-17b6e349adde,ff2dd69b-ac4c-4ce3-af23-521daf536eed,斑马军团,True,e223266b-c6e0-4a6a-a563-2102a14329cc,16,54.62,63.62,312833.68,3128336.82,10.0,low,8,0,0,8,20.75,44.38,49.0,64.88,91.0,53.1,67.7,3,37.5,5,0,3,5,0,1,7
3,cb06dd19-381c-4513-8a9b-17b6e349adde,ff55cef1-9862-4d72-9ba4-3d241938741b,巴格达城,True,97f656a1-354e-476a-804e-57d7795aa34c,17,56.29,63.75,326335.07,3263350.7,10.0,low,8,0,0,8,20.75,43.88,46.0,66.5,74.0,53.06,60.05,4,50.0,4,0,2,6,0,0,8
